fact_id,date,location_id,aqi_value,aqi_category,pm25,pm10,no2,so2,co,o3,temperature_c,humidity_pct,wind_speed_kmph,ed_visits_respiratory,hospital_admissions_respiratory,outpatient_visits_respiratory,mortality_count_respiratory,prescriptions_issued,exceedance_flag,,
3561,30/09/2023,4,75.1,Moderate,49.5,93.5,20.2,2.8,1.52,61,25.2,,13.7,36,11,90,1,133,0,,
573,26/07/2024,1,91.3,Moderate,59.5,100.5,25.8,8.4,1.22,37.8,34.9,78.8,17.7,117,35,268,2,422,0,,
3569,08/10/2023,4,101,Unhealthy for Sensitive Groups,,95.1,14.8,6.9,1.5,33.4,26.9,,14.2,37,11,85,1,132,0,,
1355,16/09/2023,2,89.5,Moderate,57.4,95.6,24.9,9.3,2.03,57.4,31.5,67.5,9.6,74,24,171,1,276,0,,
1147,20/02/2023,2,174.1,Unhealthy,102.3,155.7,36.9,13,2.81,68.2,25.8,42.2,16.6,135,41,307,3,489,1,,
896,14/06/2025,1,119.7,Unhealthy for Sensitive Groups,78.2,129.2,27.5,10.4,2.32,57.7,32.5,64.7,8.1,133,40,302,2,488,0,,
3518,18/08/2023,4,58.5,Moderate,37.3,63.2,12.9,4.6,1.13,43.2,31.8,75.2,14.3,24,7,55,0,88,0,,762
2939,16/01/2025,3,107.4,unhealthy for sensitive groups,68,125.9,29,9.2,2.43,46.8,14.9,39.6,1.9,52,16,118,1,195,0,,
2951,28/01/2025,3,107.1,Unhealthy for Sensitive Groups,65.5,106.6,15.5,12.2,2.03,59.1,18.6,28.6,9.1,53,17,120,1,199,0,,
162,11/06/2023,1,96.4,Moderate,60.5,98.5,17.5,3.1,0.78,22.7,34.2,77.1,15.2,124,38,283,2,453,0,,
891,09/06/2025,1,109.2,Unhealthy for Sensitive Groups,68.1,102.6,21.3,8.9,2.87,43.8,30.9,73.8,7.2,138,41,313,3,506,0,,
2377,04/07/2023,3,36.2,Good,24.6,37.3,6,1.5,0.85,44.3,32.8,84.3,11.5,27,8,67,1,105,0,,
3725,12/03/2024,4,164.2,Unhealthy,99.9,174.3,20.9,10.8,2.2,56.2,28.3,39,5.1,56,17,127,1,205,1,,
3999,11/12/2024,4,183.2,Unhealthy,111.6,180.4,44.6,10.3,3.25,45.9,13.6,32.5,5.5,55,17,125,1,197,1,,
2372,29/06/2023,3,55.2,Moderate,24.6,39.5,7.8,2.3,0.67,52.9,31.9,80.8,6.5,25,7,56,0,91,0,,
934,22/07/2025,1,116.7,Unhealthy for Sensitive Groups,70.2,131.4,34.7,5.7,1.46,53.9,32.9,77.6,,118,35,273,2,430,0,,
2812,11/09/2024,3,69, Moderate,36,58,15.2,8.8,1.11,26,25.7,66.7,13.6,32,10,75,1,122,0,,
2855,24/10/2024,3,77.5,Moderate,46.3,71.2,13.2,5.8,1.46,56.4,19.4,50.1,5.9,44,13,102,1,,0,,
379,14/01/2024,1,359.2,Hazardous,220.6,342.5,88.3,28.6,6,58.7,15.7,35.6,11.7,377,117,845,8,1347,1,,
3041,28/04/2025,3,80.3,Moderate,50.4,91.9,17.5,10.6,1.25,64.8,31.3,65.9,10.4,38,12,94,1,147,0,,
163,12/06/2023,1,131.6,Unhealthy for Sensitive Groups,78.3,128.3,28.7,14.8,2.52,34,37.9,77.7,7.5,117,35,266,2,424,0,,
3594,02/11/2023,4,134.4,Unhealthy for Sensitive Groups,,121.7,23.2,10.6,2.53,42.1,23.7,,7.5,42,12,91,1,149,0,,
2777,07/08/2024,3,52.1,Moderate,22.7,40.8,5.6,2.3,0.58,61.1,32.5,78.1,9.6,24,8,56,,95,0,,
4261,30/08/2025,4,73.8,Moderate,43.2,79.1,22.4,8.7,1.55,58.1,27.4,73.6,10.9,28,7,67,1,96,0,,
3635,13/12/2023,4,160.3,Unhealthy,98.5,149.6,23.7,13,2.16,50.9,20.3,40.8,13.6,52,16,120,1,192,1,,
1991,13/06/2025,2,62,Moderate,42.5,65.9,11.7,4.3,0.9,41.6,37,,10.3,61,19,135,1,222,0,,
1426,26/11/2023,2,163.2,Unhealthy,98.8,178.5,25.9,9.4,3.41,55.9,22,23.5,18.3,116,37,270,2,431,1,,
579,01/08/2024,1,88.7,moderate,58.1,105.5,17.6,7.5,2.19,54.6,30.5,,10.7,104,31,239,2,378,0,,
1383,14/10/2023,2,117.2,Unhealthy for Sensitive Groups,78.4,136,17.7,6.7,2.02,48,25.3,52.5,11.2,87,27,202,2,320,0,,
2020,12/07/2025,2,50.7,Moderate,35.3,62,15.9,6.6,0.82,38.2,39.3,85.1,15,48,14,113,1,175,0,,
1699,25/08/2024,2,72.2,Moderate,48.2,86.8,12.4,3.9,1.25,43.3,31.1,79.4,10,54,16,130,1,199,0,,
246,03/09/2023,1,103.5,Unhealthy for Sensitive Groups,65.9,121.9,22.5,7.1,2.54,34.2,29.4,63.8,13.4,119,37,271,,434,0,,
3558,27/09/2023,4,88,Moderate,57.8,88.3,18.2,7.3,1.6,70.4,26.6,58.7,13.6,32,10,76,1,128,0,,
1475,14/01/2024,2,173.2,Unhealthy,105.8,164.9,39.8,16,3.16,63.9,22.1,22.4,12.8,136,42,302,3,490,1,,
1559,07/04/2024,2,165,Unhealthy,108.7,173.5,44.4,13.1,3.72,54.2,22.8,56.7,1.1,105,31,241,2,379,1,,
1348,09/09/2023,2,95.1,Moderate,54.4,85.3,13.9,3.2,1.76,48.1,29.3,65.2,12.6,62,19,139,1,221,0,,
761,30/01/2025,1,369.7,Hazardous,223.9,385.5,64.6,36,6.3,69.7,17.5,31.4,15.9,352,109,790,7,1258,1,,
4059,09/02/2025,4,163.7,Unhealthy,99.8,169.1,32.2,14.1,3.97,32.5,20.3,41.6,9.1,66,20,149,1,235,1,,
3362,15/03/2023,4,122.5,Unhealthy for Sensitive Groups,80.6,123.6,21.9,7.4,2.61,35.3,19.8,30.9,0.5,53,17,125,1,199,0,,
1721,16/09/2024,2,107.8,Unhealthy for Sensitive Groups,60.4,108.8,18.4,7.3,1.36,42.6,31,65.1,15.6,71,22,165,1,260,0,,
585,07/08/2024,1,119.4,Unhealthy for Sensitive Groups,66.5,108.7,32.3,8.8,1.17,28.4,30.7,72.9,14.5,108,33,250,2,402,0,,
910,28/06/2025,1,86.3,Moderate,56.6,102.8,15.9,5.8,1.85,45.7,35.7,74.3,11.5,123,38,284,2,448,0,,
3869,03/08/2024,4,67.9,Moderate,36.6,56.9,13.2,0.9,0.78,51.4,36,71.8,5.9,23,7,60,0,92,0,,
965,22/08/2025,1,108.6,Unhealthy for Sensitive Groups,73.9,112,27.6,11.9,2.47,52.7,29.6,69.8,13.1,139,42,310,3,498,0,,
2137,06/11/2025,2,132.5,Unhealthy for Sensitive Groups,81.7,143.3,28.7,15.6,3.36,76.2,27.6,39.4,2.8,102,31,229,2,371,0,,
3544,13/09/2023,4,67.2,Moderate,46.3,71.9,18.3,7.7,1.27,43.9,27.8,63.3,16.8,30,10,71,1,113,0,,
4151,12/05/2025,4,90.8,Moderate,59.2,112,22.9,4.7,1.53,46.9,36.1,78.6,6.1,39,12,81,1,136,0,,
3345,26/02/2023,4,166,UNHEALTHY ,104.3,160,36.9,14.5,3.54,66.1,22.9,43.4,9.7,53,16,122,1,190,1,,
3038,25/04/2025,3,65.6, Moderate,46.4,69.9,20.2,8,1.39,62.8,27.5,68.1,13.4,37,11,83,1,132,0,,
3003,21/03/2025,3,87.9,Moderate,50.9,91.8,21.5,9.7,1.35,43.1,24.1,48.3,9.6,48,15,116,1,172,0,,
2425,21/08/2023,3,41.7,Good,23.4,38.5,3.1,3,0.92,56.3,32.2,66,9.9,26,7,61,,100,0,,
3809,04/06/2024,4,63.4,Moderate,37.1,60.5,13.6,3.9,0.93,49.6,32.9,75.3,13,28,9,68,0,103,0,,
4035,16/01/2025,4,154.7,Unhealthy,92.5,149.4,33.4,10,1.91,34.9,19,25.7,11.6,56,16,120,1,198,1,,
570,23/07/2024,1,92.1,Moderate,58.5,110.7,18.6,6.5,1.57,60.1,33.2,76,10.1,113,34,257,2,409,0,,
1063,28/11/2025,1,290.4,Very Unhealthy,177.5,308.7,49.8,23.2,5.05,77.3,17,,8.5,313,96,697,6,1124,1,,
3963,05/11/2024,4,113.3,Unhealthy For Sensitive Groups ,73.7,130.2,23.2,7.9,1.31,43.1,19.5,37.1,4.5,45,14,104,1,160,0,,
1013,09/10/2025,1,206.1,Very Unhealthy,119.6,194.1,50.3,10.6,3.97,67.1,27.8,48.8,8.7,216,67,491,4,782,1,,
2104,04/10/2025,2,118.3,Unhealthy for Sensitive Groups,67.8,117.3,14.8,6.4,2.48,37.3,25.9,59.4,5.7,87,26,196,2,313,0,,
3615,23/11/2023,4,154.9,Unhealthy,90.8,157.9,34.8,10.6,3.69,54.4,20.3,41.2,13.3,47,14,106,1,173,1,,
4266,04/09/2025,4,77.4,Moderate,45.9,70.3,15.5,2.8,1.2,40,31.2,65.6,5.5,27,7,61,0,103,0,,
1722,17/09/2024,2,65.2, Moderate,44.1,71.5,9.8,5.7,1.73,52.6,28.7,66.8,,70,21,159,1,253,0,,
2960,06/02/2025,3,74.9,Moderate,55,88.7,25.3,7.6,1.11,44.7,15.6,37.1,12.6,58,16,126,1,200,0,,
4046,27/01/2025,4,142.6,Unhealthy for Sensitive Groups,95.2,175.7,21,12,3.23,52.8,18.6,30.3,9.9,60,18,135,1,222,0,,
306,02/11/2023,1,188.8,Unhealthy,125.8,214.6,35,14.6,4.68,63.7,20.6,34.2,15.5,249,76,563,,900,1,,
493,07/05/2024,1,158.7,Unhealthy,97,160.8,32.8,9.8,2.15,50.1,30.2,61.2,8.3,191,59,439,4,696,1,,
801,11/03/2025,1,249.4,Very Unhealthy,158.1,286.3,56.9,17.7,4.65,72.1,24.1,55.7,13.6,316,98,714,6,1138,1,,
2702,24/05/2024,3,29.7,Good,30.6,47.8,7.8,5.6,0.83,32.9,31.3,78.5,6.4,27,9,69,0,105,0,,
3199,03/10/2025,3,53.8,Moderate,36.3,64.9,13.6,2.3,1.2,41.8,20.7,56,7.8,35,10,80,1,125,0,,
1230,14/05/2023,2,99.9,Moderate,67.8,128.5,23.6,8.8,2.21,60.9,34.1,65.4,13.8,79,24,181,2,291,0,,
2143,12/11/2025,2,159.3,Unhealthy,91.4,169,19.7,14.3,2.51,44.5,25.2,48.1,11,105,31,236,2,369,1,,
2509,13/11/2023,3,109.7,Unhealthy for Sensitive Groups,65.1,110.6,22.3,6.9,1.12,36.8,15.5,,8.5,47,14,105,1,169,0,,
2609,21/02/2024,3,108.6,Unhealthy For Sensitive Groups ,66.8,115.8,29.5,10.6,1.93,36,21,40.8,12.5,58,17,128,1,207,0,,
1141,14/02/2023,2,186.1,Unhealthy,114.1,196,45.2,11.3,4.14,46.2,22.8,40.6,9.3,132,41,298,3,476,1,,
3618,26/11/2023,4,153.5,Unhealthy,100.8,157.9,38.2,13.7,2.94,54.4,20.8,34.6,8.8,52,17,120,,188,1,,
3506,06/08/2023,4,41.1,Good,30.7,54,8.2,5.3,0.75,45,30,76.5,11.5,24,7,59,1,97,0,,
890,08/06/2025,1,94.9,Moderate,62.3,96.1,28.1,11.7,1.67,54.5,34.4,80.6,11.8,159,49,359,3,579,0,,
4100,22/03/2025,4,126.2,Unhealthy for Sensitive Groups,82.5,132.8,35.8,5,2.3,56.1,24,45,11.5,47,15,106,1,171,0,,
3855,20/07/2024,4,49.5,Good,25.2,42,12.8,2.4,0.86,55,35.8,86,11.5,19,7,50,0,84,0,,
2651,03/04/2024,3,92.2,Moderate,53.1,99.8,21.3,2.4,1.09,59.1,24.5,51.2,12.8,51,15,115,1,183,0,,
668,29/10/2024,1,229.5,Very Unhealthy,152,265.9,34,17,5.58,49.6,19.2,48.7,10.3,237,72,535,,850,1,,
743,12/01/2025,1,290.8,Very Unhealthy,180.3,335.8,59.3,24.4,6.88,63.6,15.3,26,8.9,258,80,583,5,935,1,,
665,26/10/2024,1,220.8,Very Unhealthy,140.3,242.3,59.7,15.9,5.11,50.3,25,58.8,10.6,235,72,521,5,840,1,,
2321,09/05/2023,3,45.1,good,30.4,57.3,4.5,4.1,0.71,57.4,28.6,70.4,17,38,11,87,1,137,0,,
3638,16/12/2023,4,122.1,Unhealthy for Sensitive Groups,78.2,134.2,20.1,12.3,2.75,55,20.4,26,14.2,57,17,126,1,202,0,,
1307,30/07/2023,2,66.2,Moderate,41,69.6,15.6,3.9,1.37,25.4,38.2,74.3,3.5,46,14,106,1,173,0,,
2417,13/08/2023,3,38.8,Good,25,47.3,7.3,5.3,0.77,38,29.3,87.2,9,25,8,59,0,99,0,,
4138,29/04/2025,4,89.6,Moderate,60.3,94,26.7,7.5,1.51,49.5,30.2,55,3.7,36,10,79,1,126,0,,
3547,16/09/2023,4,79.7,Moderate,52.3,83.1,24.1,5.7,1.73,40.5,27.7,66.1,9.9,31,9,68,1,122,0,,
3472,03/07/2023,4,49.2,Good,29.8,55.1,9.4,2.8,1.25,54.7,35.6,83.3,1.2,22,8,56,0,81,0,,
1197,11/04/2023,2,135.7,Unhealthy For Sensitive Groups ,79.8,137,26.4,12.9,1.91,58,31.5,55.4,,93,28,204,2,329,0,,
3237,10/11/2025,3,77,Moderate,50.8,80.4,23.8,7.3,1.61,45.8,17.2,41.1,12,40,13,94,1,148,0,,
3680,27/01/2024,4,207.1,Very Unhealthy,133.3,228.4,57.7,13.5,5.01,56.1,19.6,19.8,13.6,59,18,130,1,202,1,,
1243,27/05/2023,2,73.5,MODERATE,44.3,69.4,13,3.1,0.93,48,37.1,65.6,13.8,76,24,175,1,276,0,,
1494,02/02/2024,2,191.5,Unhealthy,122,220.7,37.3,11,2.91,72,19,23.6,16.1,124,39,286,2,448,1,,
1948,01/05/2025,2,106.8,Unhealthy for Sensitive Groups,67.4,122.3,19.7,5.3,1.8,29.5,31.2,71.9,7.4,85,26,191,2,306,0,,
2297,15/04/2023,3,87.9,Moderate,54.8,83.6,15.4,7.5,1.43,44.9,27.3,55,9.2,44,12,101,1,153,0,,
2994,12/03/2025,3,91.1,Moderate,,97.4,27.2,11.2,2.03,33.9,22.3,39.5,20.4,47,15,111,1,167,0,,
232,20/08/2023,1,109.8,Unhealthy For Sensitive Groups ,61.3,92.9,25.2,6.4,2.01,55.8,28.8,74.6,17.5,115,36,260,2,,0,,
1245,29/05/2023,2,88.8,MODERATE,48.8,88.2,20.7,6.4,1.07,43.9,33.7,80,7.8,65,20,149,1,233,0,,
417,21/02/2024,1,337.3,Hazardous,197.4,320.8,61.8,34.9,6.26,48.9,21.4,33.5,7.6,318,97,710,6,1135,1,,
475,19/04/2024,1,209.5,Very Unhealthy,127.6,240.6,43.9,14.6,4.34,60.3,28.5,62.2,7.2,206,63,464,4,737,1,,
2087,17/09/2025,2,97,Moderate,63.6,111.2,31.1,7.5,1.89,36.6,32.4,67.6,8.2,71,22,162,1,258,0,,
2210,18/01/2023,3,110.6,Unhealthy for Sensitive Groups,75.9,130.4,33.2,10.2,2.6,39.2,20.2,27.1,15.6,61,18,140,1,225,0,,
3566,05/10/2023,4,93.8,Moderate,59.2,104,13.9,3.1,1.77,42.8,22.1,54.9,17.2,37,11,87,1,135,0,,
4117,08/04/2025,4,104.3,Unhealthy for Sensitive Groups,67.1,100.8,18.5,10.8,2.6,33.9,27.4,55.2,5.6,41,13,90,1,145,0,,
2571,14/01/2024,3,124.3,Unhealthy for Sensitive Groups,75.7,121.1,19.5,5.8,2.32,40.3,18.6,25.7,9.4,59,17,136,,207,0,,
1339,31/08/2023,2,59.3,Moderate,43.3,75.8,17.4,5.3,1.18,50.8,31.6,69.2,11.7,60,18,137,1,215,0,,
3864,29/07/2024,4,51.3,MODERATE,32.3,57.8,12.8,3.8,1.05,46.4,36.4,73.1,11.2,26,8,58,1,100,0,,
1292,15/07/2023,2,53.1,Moderate,36.4,58.3,15.4,7.2,0.85,44.7,33.3,80.4,9.4,50,15,120,1,190,0,,
3090,16/06/2025,3,44,Good,25.6,47,8.3,0.3,0.76,37.1,27.4,83.3,12.3,27,8,65,1,102,0,,
2289,07/04/2023,3,72.1,Moderate,52.4,99.2,17.7,4.5,1.39,44.2,27.2,47.5,3,45,14,101,1,167,0,,
1846,19/01/2025,2,218.8,Very Unhealthy,128.6,227.4,52.2,11.2,4.83,59.4,19.2,,7.8,155,48,349,3,559,1,,
532,15/06/2024,1,91.3,Moderate,59.7,94.6,21,10.6,1.99,45.5,32.6,67.9,8.9,131,41,300,3,484,0,,
2190,29/12/2025,2,222.7,Very Unhealthy,127.6,209.5,58.7,16.2,4.3,69.4,18,33.5,11.9,102,31,230,2,367,1,,
2611,23/02/2024,3,100.6,Unhealthy for Sensitive Groups,69.5,129.9,24.3,5.5,2.57,53.3,17.3,39.9,11.7,47,14,106,1,173,0,,
49,18/02/2023,1,290.8,Very Unhealthy,181.3,326.5,67.4,22.3,3.73,57.7,21.9,35,13.5,287,89,647,6,1036,1,,
2352,09/06/2023,3,54.7,Moderate,29.6,55.6,12.6,5.2,1.01,57.7,33.4,66.9,8.4,32,10,70,1,112,0,,
1278,01/07/2023,2,57.7,Moderate,38.1,62.1,7.9,7.3,1.46,47.7,36.6,69.2,8.8,46,13,102,1,163,0,,
3317,29/01/2023,4,176.2,Unhealthy,107,181.5,30.1,16.6,3.31,51.1,18.1,25.9,5,65,19,148,,230,1,,
211,30/07/2023,1,104.2,Unhealthy for Sensitive Groups,60.6,102.6,17.6,5.8,2.29,37.8,33.4,71.3,20.2,100,30,224,2,364,0,,
2440,05/09/2023,3,58.4,Moderate,33.4,50.7,10.3,4,1.36,17.1,25.9,75.7,10,27,8,68,1,,0,,
2992,10/03/2025,3,79,Moderate,51.4,97.3,20.2,9,1.82,43.1,21,46.6,5.4,55,16,123,1,199,0,,
2062,23/08/2025,2,75.3,Moderate,41.5,62.8,15.8,8.5,1.89,59.1,34.5,85.1,8.5,56,16,128,1,209,0,,
2555,29/12/2023,3,97.1,Moderate,64.4,99,25.6,11,1.81,37.1,14.4,37.8,11,58,17,133,1,206,0,,
2793,23/08/2024,3,42,good,26.3,46.1,1.5,3,0.89,31.8,28.3,73.3,8,28,7,69,1,104,0,,
3033,20/04/2025,3,66.6,Moderate,45.9,69.7,11.2,7.1,1.05,49.3,25.4,66.4,14.3,34,9,85,1,132,0,,
2610,22/02/2024,3,94.5,Moderate,69.2,109.6,19.5,9.9,1.64,76.7,15.3,44.7,5.6,55,17,126,1,196,0,,
892,10/06/2025,1,104.8,Unhealthy for Sensitive Groups,69.5,111.1,18.1,11,1.48,57.7,31.5,72.8,12.6,114,33,266,2,413,0,,
2732,23/06/2024,3,30.5,Good,23,41.1,11.2,1.6,1.21,57,29.1,77.4,9,24,7,55,0,95,0,,
4093,15/03/2025,4,154,Unhealthy,92.1,161.4,28.4,13,2.28,24.4,25.7,41.4,2.2,60,18,133,,214,1,,
1138,11/02/2023,2,189, Unhealthy,121.6,220.4,40.6,12.4,2.95,32.9,23.8,31.6,9,137,42,305,3,492,1,,
4381,28/12/2025,4,151.8,Unhealthy,95.4,165.5,25.8,13.7,3.72,39.7,20.9,29,19.7,53,16,123,1,195,1,,
702,02/12/2024,1,271.8,Very Unhealthy,176.5,277.5,68.6,30.1,3.95,74.9,15.8,33.9,13.1,269,83,605,,973,1,,
3515,15/08/2023,4,51.4,Moderate,32.4,54.8,13.2,1.9,0.99,44.3,35.1,78.8,7.7,23,7,56,1,90,0,,
3622,30/11/2023,4,114.9,Unhealthy for Sensitive Groups,79.2,133.7,16.8,9.4,2.65,42.5,20.1,24.1,6.8,41,13,96,1,152,0,,
563,16/07/2024,1,94.6,Moderate,57.1,101.1,25,6.8,1.83,51.8,34.9,86.2,9.9,107,32,243,2,386,0,,
4379,26/12/2025,4,184.4,Unhealthy,118,204.4,35.2,15.4,3.25,46.3,20,25.1,0.5,53,17,117,1,189,1,,
1169,14/03/2023,2,180,Unhealthy,106.8,190.9,46.3,14.2,2.39,33.3,25.1,49.7,12.2,117,36,263,2,421,1,,
2688,10/05/2024,3,63.4,Moderate,39.4,68.2,17,5.9,1.67,20.6,30.4,76.2,10.4,32,10,72,1,122,0,,
4078,28/02/2025,4,139.1,Unhealthy for Sensitive Groups,91.7,144.5,34.3,11.9,3.35,54.3,21.3,40.3,,60,19,132,1,215,0,,
1236,20/05/2023,2,86.1,Moderate,47.3,75.8,11.9,8,1.35,78,31.6,74.4,8.1,82,25,186,1,293,0,,
2249,26/02/2023,3,90.9,Moderate,63,113.7,17.2,4.4,2.44,43.9,19.1,44.5,11.6,54,17,126,1,197,0,,
1724,19/09/2024,2,91.7,Moderate,59.7,108.7,18.5,3.1,2.4,63,28.8,61.3,7.3,75,23,172,1,272,0,,
2107,07/10/2025,2,135.7,Unhealthy for Sensitive Groups,78.1,142.4,21.1,12.6,1.86,51.4,26.9,50.5,3.1,82,25,184,2,294,0,,
3464,25/06/2023,4,35.6,Good,30.7,54.2,10.2,3.5,0.68,51.3,34.4,,4.5,26,8,64,1,95,0,,
195,14/07/2023,1,84.7,Moderate,47.8,78.8,19.4,1.9,1.28,51.1,33.6,80.8,6.4,107,32,248,2,395,0,,
52,21/02/2023,1,275,Very Unhealthy,178.6,280.5,66.5,28,3.89,73.3,19.6,36.3,12.2,298,91,667,6,1074,1,,
2643,26/03/2024,3,95,Moderate,56.8,91.2,22.3,9.8,1.66,24.2,24.5,53.8,8.8,39,13,93,1,145,0,,
3314,26/01/2023,4,177.5,Unhealthy,115.8,191.1,38.8,9.3,3.69,64.3,16.2,21.4,,54,16,126,1,198,1,,
1592,10/05/2024,2,103.6,Unhealthy for Sensitive Groups,67.9,103.1,31.9,12.2,2.41,49.2,36.4,82.8,5.7,71,21,159,1,252,0,,
3702,18/02/2024,4,163.8,Unhealthy,101.7,171.1,26.4,14.2,2.73,65.6,22.1,36,7.7,55,17,123,1,199,1,,
841,20/04/2025,1,247.1,Very Unhealthy,151,270.8,54.7,21.5,4.81,50.4,25,67.2,3.2,250,76,558,5,900,1,,
2979,25/02/2025,3,87.6,Moderate,59.3,92.2,14.4,7.7,1.64,59.3,20.5,34.8,16.3,59,19,134,1,208,0,,
3775,01/05/2024,4,93.5,Moderate,62.4,111.2,27.5,4.8,2.31,35.8,29.3,67.1,6.4,42,13,98,1,154,0,,
2452,17/09/2023,3,60.1,Moderate,39.3,73,13.1,6.9,1.17,35.4,27.8,64.6,7.9,37,12,80,1,126,0,,
3746,02/04/2024,4,118.7,Unhealthy for Sensitive Groups,78.8,147.5,22,9.9,2.09,53.4,26,54.1,8.1,45,14,99,1,163,0,,
3684,31/01/2024,4,139.1,Unhealthy For Sensitive Groups ,92.4,150.7,29.7,15.9,1.89,40.9,19.7,23.5,11.8,63,20,141,1,234,0,,
1681,07/08/2024,2,66.6,Moderate,47.8,71.9,20.3,7.7,1.76,59.9,33.4,78,7.2,57,17,133,1,212,0,,
4145,06/05/2025,4,80.4,Moderate,56.7,100.7,14.9,9.7,2.09,50.9,32.2,61.2,15.5,37,10,77,1,125,0,,
1256,09/06/2023,2,43,Good,41.3,70.7,12.3,5.1,1.46,45,37.6,83.7,8.5,58,18,126,1,215,0,,
1392,23/10/2023,2,166.5,Unhealthy,94,143.1,32,13.8,3.21,41.5,25.2,50.4,4.7,105,33,238,2,384,1,,
2805,04/09/2024,3,36.8,Good,30,45.4,10.5,0.5,1.48,41.7,27.2,68.9,8.8,30,10,72,1,109,0,,
2907,15/12/2024,3,103.8,Unhealthy for Sensitive Groups,71.4,134.7,20,3,2.8,40.3,14.2,29.9,10.8,53,16,119,1,188,0,,
1055,20/11/2025,1,240.6,Very Unhealthy,153.3,280.1,50.1,18.2,3.66,63.1,23.5,,9.6,283,87,636,6,1014,1,,
4214,14/07/2025,4,70.8,Moderate,35.7,53.6,12.4,5.4,1,45.1,34.1,79.4,9.6,26,9,59,1,88,0,,
662,23/10/2024,1,213.6,Very Unhealthy,137.5,244.2,34.8,19.2,4.55,44.2,24.2,54,9.9,250,78,570,5,911,1,,
2329,17/05/2023,3,54.9,Moderate,38.5,63.7,16.3,3.4,0.91,30.9,26,63.2,8,34,10,82,1,126,0,,
3620,28/11/2023,4,165.4,Unhealthy,98.6,181.6,42.2,16.7,3.13,52.9,19.8,34.2,12,53,17,124,1,194,1,,
1399,30/10/2023,2,152.4,Unhealthy,92.4,140.4,31.2,10.2,2.99,57,21.1,48.1,,119,36,265,2,431,1,,
421,25/02/2024,1,287.1,Very Unhealthy,176.8,286.6,64.4,18.7,4.38,64.2,17.6,40.2,5.8,326,101,729,,1179,1,,
2098,28/09/2025,2,117.6,Unhealthy for Sensitive Groups,72.2,131.8,27.6,7.4,2.96,37.4,30.6,66.2,6.9,75,22,170,1,270,0,,
2889,27/11/2024,3,85.3,Moderate,46,72.3,17.7,7.2,1.57,63.6,17.2,38.2,13.9,52,17,124,1,191,0,,
4204,04/07/2025,4,47.7,Good,31.4,50.4,10.8,5.5,0.33,31.5,34.2,77.6,3.2,27,8,59,1,98,0,,
3650,28/12/2023,4,141.9,Unhealthy for Sensitive Groups,98.2,153.4,34.3,18.5,3.88,58.2,19.9,33.9,17.7,58,18,130,1,207,0,,
1709,04/09/2024,2,82.8,Moderate,49,89.8,22.7,10.1,1.63,55.5,27.2,67.7,5.7,64,20,149,1,238,0,,
1663,20/07/2024,2,47.6,Good,33.5,54.7,9.5,4,1.04,54.9,33.4,87.3,10.6,51,15,119,1,190,0,,
3527,27/08/2023,4,63.5,Moderate,34.3,63.6,15.2,5,1.45,31.5,32.1,78.7,17.6,27,9,68,1,109,0,,
450,25/03/2024,1,244,Very Unhealthy,154.2,250.6,61.7,17.5,4.09,67.3,20.9,46.6,7.9,279,85,627,5,1001,1,,
3926,29/09/2024,4,100.1,Unhealthy for Sensitive Groups,63.5,109.2,28.8,8,1.94,29.2,23.2,58.5,9.9,35,10,80,1,118,0,,
4188,18/06/2025,4,90.7,Moderate,43.8,77.3,12.3,4.7,1.46,53.6,32.3,77.4,9.4,26,8,62,0,93,0,,
1436,06/12/2023,2,173.9,Unhealthy,117.8,223.8,46,18.1,4.39,72.3,18.1,37.2,8.7,138,43,315,3,,1,,
76,17/03/2023,1,257.6,Very Unhealthy,159.2,269.8,55.8,27.9,3.25,72.1,23.4,46.9,10.5,233,72,526,5,838,1,,
1620,07/06/2024,2,88.6,Moderate,55.4,91,22.9,3.8,2.05,38.4,37,73,11.7,55,17,129,1,205,0,,
2322,10/05/2023,3,63.7,Moderate,45.7,75.2,14.9,5.1,2,24.7,28.7,57.3,4.9,35,10,79,,128,0,,
2389,16/07/2023,3,21.4,Good,22.8,34.9,6.1,4,0.66,38,31.7,84.2,7.4,29,8,64,0,99,0,,
3559,28/09/2023,4,108.3,Unhealthy for Sensitive Groups,59.3,106.8,15.1,4,2.23,42.9,27.6,63,14.4,35,10,75,1,115,0,,
1176,21/03/2023,2,150.9,Unhealthy,93.3,164.1,28.4,12.2,2.19,57.1,29.9,49.5,12.4,105,31,236,2,378,1,,
3933,06/10/2024,4,90.4,Moderate,62,102.2,21,7.8,2.28,43.6,26,63.8,14.2,36,11,81,1,130,0,,
2722,13/06/2024,3,47.5,Good,25.4,44.5,13.8,2.3,0.84,43.5,30.7,75.5,8.7,30,8,71,1,109,0,,
2968,14/02/2025,3,109.8,Unhealthy for Sensitive Groups,63.9,119.8,22.3,9.5,2.07,52.9,18.7,22.4,10.7,54,16,120,1,193,0,,
652,13/10/2024,1,191.2,Unhealthy,123.3,192.6,28.9,20.3,4.82,49,24.4,54.3,7,214,66,480,4,769,1,,
2272,21/03/2023,3,118.6,Unhealthy for Sensitive Groups,70.5,107.2,24.1,4.8,1.92,53.8,23.4,43.4,11.6,48,15,112,1,175,0,,
3133,29/07/2025,3,40.9,Good,19.7,36.7,2.6,1.4,0.57,35.4,30.7,,10,27,8,58,0,88,0,,
3410,02/05/2023,4,89.9,Moderate,56,94.1,15.4,9.9,1.37,78,30.7,58.7,15.3,43,13,99,1,161,0,,
1209,23/04/2023,2,89.9,Moderate,60.9,92,22.2,6.8,1.74,50.9,31.3,61.1,9,94,28,213,2,336,0,,
2308,26/04/2023,3,91.4,Moderate,55.6,93.1,29.3,8.3,1.83,44,25.9,61.9,14.1,42,13,100,1,162,0,,
2754,15/07/2024,3,40.4,Good,23.2,40.3,5.7,2.2,0.69,46.5,30.4,86,12.3,25,7,53,0,84,0,,
4326,03/11/2025,4,109.7,Unhealthy for Sensitive Groups,68.9,120.1,24.7,12,2.43,31.1,23.3,38.9,10.1,45,14,104,1,167,0,,
373,08/01/2024,1,350.1,Hazardous,205.7,375.4,67.6,27,5.12,63.6,16.5,37.8,3,335,103,745,7,1192,1,,
3692,08/02/2024,4,135.3,Unhealthy for Sensitive Groups,92.8,145.7,18.7,11.2,2.73,38.9,22.4,33.1,8.8,56,17,130,1,200,0,,
3498,29/07/2023,4,38,Good,27.6,50.3,6,5.4,1.18,41.5,33.2,83.4,7.7,19,6,48,0,76,0,,
3975,17/11/2024,4,111.6,Unhealthy for Sensitive Groups,67.6,112.6,37,7.8,2.48,45.7,20.8,41.5,16.6,45,14,107,1,167,0,,
2169,08/12/2025,2,172.5,Unhealthy,111.1,176.8,40.1,11.7,2.31,65.5,22.8,28.7,9.8,102,31,232,2,374,1,,
4131,22/04/2025,4,105.6,Unhealthy for Sensitive Groups,63.4,113.3,18.7,6.6,2.43,63.5,32.8,57.2,9.7,34,10,83,1,132,0,,
3576,15/10/2023,4,122.6,Unhealthy for Sensitive Groups,71.9,128.7,25.7,5.5,2.75,41,22.1,46.8,12.5,38,12,92,1,135,0,,
2906,14/12/2024,3,91.8,Moderate,60.4,95.6,12.7,9.8,1.57,38.6,17.4,29.7,10,55,16,121,1,195,0,,
2851,20/10/2024,3,61.8,Moderate,41,77.3,12.7,4,1.57,33.8,22.4,60.1,9.6,34,9,78,1,125,0,,
4190,20/06/2025,4,62.4,Moderate,32,58.4,9.3,1.5,1.18,63.2,34.1,86.9,12.9,27,8,61,0,92,0,,
1298,21/07/2023,2,46.9,Good,,60.9,10.9,3.5,0.95,32.3,34.1,,10,50,15,113,1,189,0,,
1933,16/04/2025,2,100.8,Unhealthy for Sensitive Groups,68.3,124.8,32.3,6.6,1.43,60.5,30.5,,2,95,29,215,2,337,0,,
1078,13/12/2025,1,406.9,Hazardous,254.7,392.6,63.3,26.4,9.62,56.1,16,27.7,13.1,296,91,660,6,1059,1,,
1875,17/02/2025,2,193.4,unhealthy,120.5,183.7,30.1,17,4.12,55,20,35.8,12.4,117,36,272,2,424,1,,
3418,10/05/2023,4,78.5,Moderate,53.5,100.8,17.5,9,1.78,58.3,33.9,60.2,10.3,34,10,81,1,128,0,,
2402,29/07/2023,3,17.9,Good,22,38.8,6.9,1.1,0.99,36.1,33,71.5,10.6,26,8,58,0,85,0,,
4230,30/07/2025,4,59.1,Moderate,33,57.3,7.8,2.1,1.03,62.2,34.3,80.6,14.7,27,7,58,0,88,0,,
3671,18/01/2024,4,185.8,Unhealthy,116.3,189.8,31.6,10.4,3.46,72.5,18.1,27.5,14.3,59,18,132,1,209,1,,
4163,24/05/2025,4,68.3, Moderate,40.6,73.6,13.3,4.8,1.69,37.9,33.2,64,10.5,29,9,66,1,102,0,,
1372,03/10/2023,2,110.2,Unhealthy for Sensitive Groups,66.9,108,26.2,11.1,2.35,38.6,25.3,63.7,17.3,84,25,190,2,303,0,,
2371,28/06/2023,3,30.8,Good,23.2,39.1,7.4,5.7,0.42,39.4,34.5,78,10,27,8,63,0,,0,,
905,23/06/2025,1,97.9,Moderate,61.6,115.5,21,12.5,1.61,27.3,30.7,90.3,7.7,132,40,297,2,475,0,,
460,04/04/2024,1,221.4,Very Unhealthy,,208.8,52.1,23.3,3.74,46.1,27.3,46.5,9.9,259,80,585,5,941,1,,
799,09/03/2025,1,309.2,Hazardous,192.6,338.5,58,27,5.61,58.4,21.6,43.9,12.4,288,89,655,6,1033,1,,
2351,08/06/2023,3,37.3,Good ,30.8,52,8.5,3.5,0.65,44.9,35.5,80.4,17.1,31,8,69,1,110,0,,
276,03/10/2023,1,175.4,Unhealthy,110.2,169.4,44.9,14.1,3.47,59.6,21.6,57.8,12.5,180,55,403,3,648,1,,
3971,13/11/2024,4,115.3,Unhealthy for Sensitive Groups,77.7,131.6,32.3,14.8,2.1,57.9,22.4,47.5,5.5,46,15,103,1,163,0,,
1753,18/10/2024,2,132,Unhealthy for Sensitive Groups,85,154.6,26.4,11.7,3.44,35.7,23.4,54.1,10.6,77,25,180,2,289,0,,
446,21/03/2024,1,224,Very Unhealthy,130.2,239.4,39,17.3,3.69,48.5,18.9,40.8,5.1,270,83,605,,965,1,,
3277,20/12/2025,3,114.1,Unhealthy for Sensitive Groups,67.6,105.9,28.8,11.1,1.95,48.4,15.8,35.6,14.6,51,15,118,1,185,0,,
2530,04/12/2023,3,113.3,Unhealthy for Sensitive Groups,73.3,112.8,34.1,9.5,2.08,60.2,16.2,30.1,13.3,49,15,110,1,177,0,,
1059,24/11/2025,1,291.3,Very Unhealthy,184.2,284.7,69.2,23.6,4.92,57.2,16.4,30.4,12.3,333,103,742,6,1196,1,,
4315,23/10/2025,4,110.8,Unhealthy for Sensitive Groups,67.6,116.4,30.2,9,1.71,48.6,23.3,60,13,47,14,110,1,170,0,,
2937,14/01/2025,3,128.8,Unhealthy for Sensitive Groups,77.3,126.9,22,7.4,2.88,74.1,17.9,22.3,12.1,54,18,126,1,194,0,,
319,15/11/2023,1,267.8,Very Unhealthy,169.9,309.2,80.5,16.2,5.33,42.5,20,42.6,1.2,247,76,557,5,890,1,,
623,14/09/2024,1,153.8,Unhealthy,94.2,154.5,32.4,12.9,1.96,38.8,25.8,73.3,10.1,179,55,408,4,650,1,,
2556,30/12/2023,3,138.4,Unhealthy for Sensitive Groups,86.6,145.9,36.8,13.5,1.9,45.3,16.9,35.9,2.3,60,18,137,1,217,0,,
2938,15/01/2025,3,116.8,Unhealthy for Sensitive Groups,67.3,114.2,24.1,7,2.54,58.1,16.3,32.2,9.3,53,16,119,1,196,0,,
2884,22/11/2024,3,105.5,Unhealthy for Sensitive Groups,59.9,104.8,19.5,6.4,1.9,41.3,16.7,40.3,9,44,14,101,1,163,0,,
3946,19/10/2024,4,108.3,Unhealthy for Sensitive Groups,68.6,111.8,25.6,7.2,1.94,67.4,22.2,40.2,0.5,45,14,102,1,168,0,,
1311,03/08/2023,2,54,Moderate,34.5,65.4,15.7,4,1.06,36.9,32.2,76.1,12.9,50,16,117,1,190,0,,
2056,17/08/2025,2,64.5,Moderate,44.6,69.7,15,7.8,1.39,38.2,37.9,78.5,14.2,53,17,124,1,202,0,,
1167,12/03/2023,2,159.9,Unhealthy,99.5,150.8,35.3,12.5,3.87,43.7,27.9,48.6,21.4,131,39,296,,471,1,,
2917,25/12/2024,3,94.2,Moderate,65.5,99.3,25.1,8.6,1.34,48.3,13.6,33.7,9,49,16,114,1,192,0,,
3996,08/12/2024,4,147.8,Unhealthy for Sensitive Groups,96.1,159.2,34.8,15.5,4.02,39.8,19.4,46.3,13.9,60,19,138,1,224,0,,
3434,26/05/2023,4,64.8,Moderate,46.3,84.3,17.4,7.4,1.88,51.4,32.8,68.5,3,28,7,61,1,100,0,,
188,07/07/2023,1,81.7,Moderate,47.8,88,9.1,7.4,1.28,61.4,30,68.8,13.6,113,34,258,2,420,0,,
1694,20/08/2024,2,87.1,Moderate,43.9,78.7,18.2,8.4,0.98,49.5,36.7,75.3,2.5,61,18,145,1,219,0,,
3982,24/11/2024,4,142.2,Unhealthy for Sensitive Groups,90,155.8,30.9,7.4,2.52,31.7,19.1,29.1,12.5,48,15,108,1,174,0,,
2980,26/02/2025,3,81.9,Moderate,59.4,101.1,28.9,10.1,2.19,50.5,18.4,31.7,9.2,45,13,99,1,162,0,,
3074,31/05/2025,3,44.9,Good,31.7,59.8,7.6,6.7,0.86,47.1,32.2,72.6,8,31,9,70,1,105,0,,
3152,17/08/2025,3,34.4,Good,25,43.7,15.8,3.9,0.82,27.4,31.7,76.9,3.7,28,8,65,0,98,0,,
2422,18/08/2023,3,25.5,Good,22.8,42.2,9.7,4.2,0.89,35.9,28.4,80.5,3.7,26,7,59,0,93,0,,
346,12/12/2023,1,217.8,Very Unhealthy,141.2,267.9,64,13.9,5.22,79.4,20.8,40.2,,291,90,651,6,1049,1,,
2055,16/08/2025,2,78.1,Moderate,47.1,88.2,14.2,6,1.62,19.4,34.1,86.3,14.1,58,18,130,1,217,0,,
2863,01/11/2024,3,70,Moderate,52.5,88.8,21.7,7.8,1.24,56.9,17.5,44.7,11.9,44,14,102,1,159,0,,
3977,19/11/2024,4,148.4,Unhealthy for Sensitive Groups,86.7,134.6,27.4,8.6,2.37,62.9,21.1,32,12.7,47,14,104,1,165,0,,
1778,12/11/2024,2,173.8,Unhealthy,108.5,186,49.9,16.7,2.96,56.4,21.1,38.9,9.8,106,31,234,2,383,1,,
1740,05/10/2024,2,108.1,Unhealthy for Sensitive Groups,63.7,118.3,24.8,7.3,2.3,35.8,29.8,60,10.2,83,25,193,2,313,0,,
2606,18/02/2024,3,113.3,Unhealthy for Sensitive Groups,76,115.3,22.8,11.1,1.49,46.9,18.8,38.5,10.4,50,16,114,1,181,0,,
1960,13/05/2025,2,88.5,Moderate,55.9,95.4,23,5,1.44,51.6,34.2,70.8,12.6,65,20,149,1,238,0,,
4305,13/10/2025,4,93.4,Moderate,61.3,95.9,18,5.1,1.65,43.1,24.7,62.1,14.9,37,11,85,1,138,0,,
3034,21/04/2025,3,77.6,Moderate,46.8,85.6,20.6,7.6,1.12,51.9,26.7,55,6.2,36,11,85,1,136,0,,
733,02/01/2025,1,344.3,Hazardous,209.7,368.2,88.2,27.8,6.7,72.2,15.7,27.9,16.3,290,89,651,6,1041,1,,
1223,07/05/2023,2,112.4,Unhealthy for Sensitive Groups,66.9,126.9,28.9,9.5,2.55,31.1,31.7,61.8,9.8,73,22,165,1,266,0,,
562,15/07/2024,1,88.2,Moderate,58.7,105.3,18.9,8.5,1.34,35.5,31.8,82.6,13.4,104,31,236,2,380,0,,
2958,04/02/2025,3,120.2,Unhealthy for Sensitive Groups,73.3,132.4,23.9,13.2,1.31,20.7,19.2,37.1,13.1,61,19,137,1,226,0,,
3256,29/11/2025,3,122.1,Unhealthy for Sensitive Groups,69.8,113.3,20.1,8.3,1.58,39,16.1,36.4,7.5,47,15,113,1,179,0,,
474,18/04/2024,1,186.7,Unhealthy,123.6,199,44.2,15.9,4.14,42.5,28.5,50.4,13,221,68,497,4,791,1,,
3988,30/11/2024,4,143.5,Unhealthy for Sensitive Groups,88.1,155,28.1,11.9,1.84,77.5,19.6,25.8,14.4,52,16,114,1,194,0,,
1687,13/08/2024,2,52.2,Moderate,38.9,62.5,15.4,4.5,1.25,30.1,35.2,65.8,5.8,50,15,111,1,183,0,,
616,07/09/2024,1,125.4,Unhealthy for Sensitive Groups,73.8,126.5,18.5,8.3,1.81,35.5,25.5,75.2,10.4,133,41,304,2,486,0,,
3495,26/07/2023,4,37.9,Good,24.5,43.3,15.3,4.3,0.45,32.8,34.8,76.1,8.7,23,6,53,0,82,0,,
3648,26/12/2023,4,171.1,Unhealthy,104.7,195.7,45.7,8.3,2.39,45.7,17.7,36.4,13.6,67,21,157,1,238,1,,
2367,24/06/2023,3,45.5,Good,28.2,47.7,10,3.2,0.84,29,31.9,81.4,9.9,25,7,55,1,90,0,,
2006,28/06/2025,2,53.6,Moderate,35.2,57.1,3.4,4.1,1.55,45.5,36.9,85.3,8.3,50,15,113,1,185,0,,
1142,15/02/2023,2,195.4,Unhealthy,116.2,186.7,47.6,15.2,3.18,53.4,24.8,26.5,10.4,130,38,295,3,465,1,,
3881,15/08/2024,4,53.5,Moderate,33.9,59.1,14.6,5.2,0.87,43.1,33.9,73.8,15.8,27,8,57,0,94,0,,
1902,16/03/2025,2,186.7,Unhealthy,107.1,192.5,42.8,16.8,2.54,62.7,24.1,36.1,13.8,100,31,232,2,370,1,,
1096,31/12/2025,1,370.6,hazardous,234.3,357.7,95.9,31.9,4.66,64.5,18.3,29.1,13.4,361,111,811,7,1296,1,,
1643,30/06/2024,2,41.8,Good,30.8,57.8,9.6,1.7,0.91,54,35,75.6,8.2,51,15,123,1,192,0,,
3990,02/12/2024,4,150.1,Unhealthy,96.3,159.9,46.6,10.4,2.33,57.3,20,44.9,0.5,51,15,116,,178,1,,
3504,04/08/2023,4,40.6,Good,32.1,52.7,5.4,3.9,0.86,55.8,37,88.6,14.8,26,7,53,0,85,0,,
950,07/08/2025,1,59.6,Moderate,41.3,65.2,14.2,6.2,1.23,59.7,30.3,74.9,6.1,128,39,297,2,463,0,,
4217,17/07/2025,4,64.6,Moderate,32,59.5,9.8,4.6,0.92,37,34.1,83.7,6.5,27,9,61,,91,0,,
3586,25/10/2023,4,117,Unhealthy for Sensitive Groups,82.5,143.1,31.1,10.8,1.74,61.2,23,47,9.3,45,13,98,1,166,0,,
357,23/12/2023,1,301,Hazardous,188.5,350.4,51.6,26.3,4.79,87.8,16.6,34.9,8,323,100,724,6,1151,1,,
3562,01/10/2023,4,87.3,Moderate,57.1,89.6,16,9.9,1.95,59.5,25.5,69.5,0.5,37,12,84,1,135,0,,
1097,01/01/2023,2,225.7,Very Unhealthy,133.4,220.1,45.2,15,3.4,48.7,20.9,22.7,16.4,144,43,322,3,516,1,,
601,23/08/2024,1,125.8,Unhealthy for Sensitive Groups,75.5,135.8,39.3,13.4,2.76,44.8,33,73.4,10.4,141,43,324,3,516,0,,
2684,06/05/2024,3,69.8,Moderate,41.6,66.7,20,4.3,1.26,40.1,27.5,71.7,16.5,38,10,86,1,131,0,,
1228,12/05/2023,2,89.8,Moderate,61.2,101.7,19.2,8,2.15,44.2,33.4,56.5,8.6,80,24,184,2,283,0,,
2092,22/09/2025,2,96.7,Moderate,58.9,100.7,14.9,7.3,1.59,44.6,26.8,70.7,7.3,83,26,189,2,304,0,,
3050,07/05/2025,3,66.8,Moderate,39.2,65.4,9.8,6.9,1.44,38.6,29.7,65.4,10.5,34,10,80,1,123,0,,
2772,02/08/2024,3,52,Moderate,24.3,39.5,9.2,3.5,0.98,45.3,29.6,68.2,6.3,27,8,61,1,93,0,,
1459,29/12/2023,2,210.3,Very Unhealthy,129.2,235.3,44.1,9.5,4.34,56.1,20,24,5.6,135,42,306,3,489,1,,
1922,05/04/2025,2,148.1,Unhealthy For Sensitive Groups ,97,151.6,33.5,10.6,3.15,56.5,27.7,58.6,13.5,108,32,242,2,389,0,,
1116,20/01/2023,2,213.6,Very Unhealthy,143.5,220.9,52.6,18.9,3.86,39.4,20.5,34.1,17.4,131,40,296,3,474,1,,
434,09/03/2024,1,213.8,Very Unhealthy,134.3,226.3,42.3,14.9,3.71,68.6,19.9,49.7,12.1,251,76,567,5,904,1,,
2842,11/10/2024,3,66.7,Moderate,39.8,61.3,15.3,4,1.16,44.9,17.8,55.5,12.3,39,12,88,1,141,0,,
1764,29/10/2024,2,123.9,Unhealthy for Sensitive Groups,82.6,145.1,36,9.6,3.08,34.6,23.2,49.1,11.9,96,30,219,2,344,0,,
869,18/05/2025,1,143.4,Unhealthy for Sensitive Groups,88.8,163.2,21.9,7.4,3.41,30.2,31.5,69.9,13,185,56,419,4,673,0,,
3373,26/03/2023,4,136,Unhealthy for Sensitive Groups,81.3,132.9,28.7,13.1,2.15,36.6,25.4,56,10.8,40,13,94,,153,0,,
2254,03/03/2023,3,102,Unhealthy for Sensitive Groups,72,131.5,17.5,8.4,2.93,67,17.1,37.4,6.3,54,17,127,1,199,0,,
3235,08/11/2025,3,81.4,Moderate,45.4,82.6,17.6,4.4,1.68,47.9,21,50.1,,39,12,94,1,142,0,,
2888,26/11/2024,3,102.2,Unhealthy for Sensitive Groups,63.6,113.7,22.6,9.1,1.84,55.6,18.3,38.6,10.2,52,16,121,1,182,0,,
487,01/05/2024,1,161.6,Unhealthy,98.1,186.2,40.3,12.8,3.12,58.5,28.3,76.1,9,202,62,455,4,726,1,,
2656,08/04/2024,3,104,Unhealthy for Sensitive Groups,59.8,96.6,17.6,11.3,1.9,49.8,28.6,56.1,12.4,39,11,92,1,141,0,,
2712,03/06/2024,3,57.2,Moderate,30.9,50.4,6.3,2.3,0.92,31.3,32,88.8,15.7,32,10,71,1,118,0,,
3205,09/10/2025,3,55.4,Moderate,36.4,58.1,6.4,3,0.64,37.4,21.3,63.7,14.4,37,11,84,1,132,0,,
3555,24/09/2023,4,86,Moderate,54.2,96.5,13,10.4,1.78,39.1,30.5,57.2,5.6,34,10,80,1,129,0,,
1898,12/03/2025,2,181,Unhealthy,116.2,213.8,50.4,14.3,3.15,68.5,28,42.8,6.7,128,38,284,2,459,1,,
1848,21/01/2025,2,224.2,Very Unhealthy,145.4,274.4,57.9,12.5,5.45,55.4,17.5,24.2,,110,33,251,2,392,1,,
2866,04/11/2024,3,93.1,Moderate,56.8,89.8,6.7,7.5,1.06,62.5,13.7,47.2,5.6,44,13,103,1,153,0,,
3175,09/09/2025,3,58,Moderate,32.5,49.9,14.2,2.4,1.24,55.7,25.3,72.1,7.8,33,10,78,1,121,0,,
1492,31/01/2024,2,219.8,Very Unhealthy,141.9,263.1,60.8,14,4.77,59.3,21.6,33.4,6.3,147,45,330,3,524,1,,
885,03/06/2025,1,115.1,Unhealthy for Sensitive Groups,70.4,113.5,25.3,8.1,2.43,47.6,32,81.2,4.3,162,50,364,3,582,0,,
326,22/11/2023,1,270.1,Very Unhealthy,173.3,290.3,77.3,14.6,5.82,77.1,18.4,45.2,13.8,293,90,655,6,1047,1,,
3714,01/03/2024,4,137.8,Unhealthy for Sensitive Groups,84.5,130.1,31.7,9.9,1.89,34.7,23.6,,14.3,57,17,125,1,200,0,,
3909,12/09/2024,4,74.3,Moderate,42,67,22.2,1.9,1.06,44.9,25,51.6,8.5,32,10,70,1,117,0,,
1671,28/07/2024,2,42.9,Good,33.6,61.1,20.4,7,0.68,36.7,36.3,80.5,9.1,46,15,106,1,172,0,,
2218,26/01/2023,3,124.4,Unhealthy for Sensitive Groups,81.5,128.5,32.1,11.6,2.53,50.9,17.6,26.6,7.8,58,18,134,1,208,0,,
3943,16/10/2024,4,116.7,Unhealthy for Sensitive Groups,74.7,120,18.7,8.9,1.66,53.8,23.6,,17.5,38,12,85,1,142,0,,
2164,03/12/2025,2,173.6,Unhealthy,,196.9,43.4,20.5,4.25,48.6,24.1,39.3,12.8,131,41,292,3,470,1,,
1797,01/12/2024,2,160.4,Unhealthy,104.2,178.3,33.6,15.7,2.8,57,19.4,30.5,8.1,113,35,259,2,420,1,,
1733,28/09/2024,2,109.4,Unhealthy For Sensitive Groups ,66.2,118.4,22.7,4.8,1.22,47.1,29.9,,7.9,88,28,205,2,318,0,,
1941,24/04/2025,2,124,Unhealthy for Sensitive Groups,83.1,128.3,41.8,13.4,1.62,44,29.1,67.7,15,81,25,182,2,290,0,,
378,13/01/2024,1,249.3,Very Unhealthy,152,273.3,42.2,17.3,3.72,91.4,17.4,18.5,16,327,101,732,6,1169,1,,
2393,20/07/2023,3,44.9,Good,25,40,11,4.4,1.06,29.6,31.3,76.2,9.8,26,8,59,0,91,0,,
1135,08/02/2023,2,214.4,Very Unhealthy,126.6,214.8,57.2,22.6,3.21,51.6,22.7,31.4,17.5,141,43,319,3,508,1,,
3214,18/10/2025,3,85.1,Moderate,47.4,86.5,13.9,8,1.41,38.2,25.1,53.6,4.8,37,11,92,1,138,0,,
1534,13/03/2024,2,172.4,Unhealthy,103.1,166.1,40.1,16.9,2.38,53.4,27.1,43.3,8.5,115,35,259,2,423,1,,
1036,01/11/2025,1,250.6,Very Unhealthy,155.4,259.6,56.1,20.3,4.47,66.9,19.9,50.9,7.8,243,74,547,5,876,1,,
534,17/06/2024,1,97,Moderate,67.7,124.5,30.5,13.4,1.7,56.2,33.8,83.6,8.4,125,37,284,2,450,0,,
1672,29/07/2024,2,49.9,Good,34.8,54.7,13.3,6.7,1.29,45,35.8,72.8,8.8,53,17,120,1,,0,,
2692,14/05/2024,3,46,Good,30.8,53.8,10.3,5.3,0.93,38.9,31.6,75.6,11.8,31,8,67,0,106,0,,
906,24/06/2025,1,122.8,Unhealthy for Sensitive Groups,78.6,118.6,21.5,11.4,1.84,52.2,34,88.4,7.2,128,39,288,2,460,0,,
1263,16/06/2023,2,71.2,Moderate,42.4,71.6,16.5,7.3,1.07,26.3,34.4,77.6,6.5,62,18,145,1,225,0,,
1365,26/09/2023,2,90.5,Moderate,65.2,111.6,30,6.5,2.52,44.7,31.2,64.6,11.3,78,22,171,1,277,0,,
2197,05/01/2023,3,142.4,Unhealthy for Sensitive Groups,87.2,148.7,34.8,9.4,3.34,52.6,12.7,26.8,8.3,54,17,123,1,192,0,,
1430,30/11/2023,2,148.6,Unhealthy for Sensitive Groups,92.8,157,25.6,12.3,2.68,56.8,20.5,35.7,7,103,30,234,2,377,0,,
2447,12/09/2023,3,45.6,Good,31.8,58.6,7.4,5.9,1.15,23.8,28.6,67.1,11.9,33,11,75,1,125,0,,
1658,15/07/2024,2,71.2,Moderate,39.6,62.9,10.2,3.5,1.5,27.2,37.8,80.7,13.6,54,16,120,1,198,0,,
3839,04/07/2024,4,56,Moderate,34.2,52,14.9,3.8,1.14,38.6,35.9,79,7.9,24,7,60,1,90,0,,
361,27/12/2023,1,296.5,Very Unhealthy,183.1,322.2,66.7,26.4,6,60.2,17.2,42.2,13.5,310,96,698,6,1114,1,,
1983,05/06/2025,2,44.9,Good,36.6,66.6,9.9,6,0.82,51.2,36.3,76.6,4.8,66,19,152,1,232,0,,
542,25/06/2024,1,99.4,Moderate,55.9,86.7,30.4,6.9,2.16,40.3,31.9,77.6,9.6,98,30,225,2,363,0,,
514,28/05/2024,1,123,Unhealthy for Sensitive Groups,78.4,132.1,31.5,5.6,1.78,32.6,29.1,76.3,7.8,131,39,301,3,480,0,,
1959,12/05/2025,2,93.1,Moderate,58.1,106.1,19.8,8.9,1.24,45.7,33.4,77.9,5.6,75,23,176,1,277,0,,
2437,02/09/2023,3,26.2,Good,25.3,45.7,9.9,5.9,0.47,49.8,26.5,72.1,5.4,31,11,75,1,118,0,,
713,13/12/2024,1,280.6,Very Unhealthy,169.7,266,73.4,18.3,3.66,98,20.8,31,19.3,326,101,722,6,1160,1,,
10,10/01/2023,1,277.1,Very Unhealthy,163.8,297.3,49.5,17,4.03,63,16.2,29.1,7.6,299,92,667,6,1072,1,,
512,26/05/2024,1,135.8,Unhealthy for Sensitive Groups,78.4,124,29.8,13.2,1.72,42,33.8,78.1,8.1,145,44,327,3,532,0,,
2739,30/06/2024,3,28.2,Good,20.9,37.5,5,1.7,0.54,31.6,30.4,79.6,10.3,27,8,67,1,104,0,,
3296,08/01/2023,4,140.4,Unhealthy for Sensitive Groups,96.1,176.6,21,6.9,2.4,69.3,17.6,24.1,6.9,60,19,138,1,220,0,,
99,09/04/2023,1,204.9,Very Unhealthy,130.5,206.9,37.4,14.7,5.27,43.6,30.3,61.3,12.3,192,59,434,4,693,1,,
617,08/09/2024,1,145.3,Unhealthy for Sensitive Groups,91.8,155.2,31.7,7.7,2.34,53.3,28.3,75.9,9.3,159,47,353,3,577,0,,
3068,25/05/2025,3,48.1,Good,31.8,54.8,9.1,2.3,0.94,45,30,70.5,13.6,30,8,67,1,105,0,,
413,17/02/2024,1,259.6,Very Unhealthy,168.3,283.9,66.2,17.8,4.18,67.9,17.9,34.1,6.6,265,82,596,5,951,1,,
3100,26/06/2025,3,46.6,Good ,24.3,44.3,3.2,1.7,0.75,36.2,30.7,84.5,9.9,26,7,60,1,95,0,,
1525,04/03/2024,2,175.7, Unhealthy,118.4,198.4,59.5,19.2,2.7,41.5,22.1,40.9,10.4,115,36,258,2,413,1,,
1644,01/07/2024,2,42,Good,34.9,59.9,5.6,4.3,0.97,51,35.9,75.9,9.5,54,17,124,1,196,0,,
1633,20/06/2024,2,60.5,Moderate,34.9,58.5,10.8,5.3,0.79,35.8,37.5,84.5,17.8,62,18,138,1,221,0,,
285,12/10/2023,1,168.7,Unhealthy,103.5,177.8,27.8,21.1,3.79,36.6,23.4,,9.9,169,52,378,3,599,1,,
4291,29/09/2025,4,113.3,Unhealthy for Sensitive Groups,72.8,111.5,28.3,11.5,2.91,19.5,25.2,52.8,6,32,8,68,1,,0,,
4013,25/12/2024,4,151.4,Unhealthy,96.3,149,48.5,13,3.3,63.8,18.6,32.1,8.3,64,19,142,1,223,1,,
1269,22/06/2023,2,52.7,Moderate,41.8,72.4,23.3,2.9,1.63,41.6,37.1,85.9,8.7,56,17,133,1,209,0,,
2066,27/08/2025,2,65.1,Moderate,39.2,61.7,18.1,4.1,1.67,44.1,31.4,77.5,4.8,58,17,132,1,204,0,,
1560,08/04/2024,2,141.3,Unhealthy for Sensitive Groups,87.4,155.4,28.1,10.5,2.72,38.3,26.8,52.2,8,123,37,275,2,441,0,,
2416,12/08/2023,3,43.1,Good,29.8,54.5,8.6,4.2,0.51,49,27.1,79,8.2,29,9,68,1,103,0,,
736,05/01/2025,1,320,Hazardous,202.8,320.7,73.6,15.5,7.56,91.9,16.1,29.5,22.4,338,104,764,7,1225,1,,
2593,05/02/2024,3,113.8,Unhealthy for Sensitive Groups,66.4,124.7,17.6,9.8,1.91,58.6,18.3,26.9,8,48,15,115,1,187,0,,
2623,06/03/2024,3,98.1,Moderate,55.9,97.5,14.9,6.9,1.84,53.4,23.1,40.7,5.8,41,13,98,1,155,0,,
2202,10/01/2023,3,126.7,Unhealthy for Sensitive Groups,78.5,139.7,24.8,12.8,1.8,65.6,16.8,24.4,13.2,62,19,142,1,228,0,,
1016,12/10/2025,1,192.5,Unhealthy,116.5,221.1,34.7,12,2.43,48.2,23.6,63.3,1.6,208,64,461,4,740,1,,
701,01/12/2024,1,317.6,Hazardous,200.1,336.2,58.7,25.4,4.55,67.4,18.7,29.1,16,267,82,598,5,960,1,,
4000,12/12/2024,4,164.9,Unhealthy,100.9,159.8,29.1,14.7,2.28,61.9,20,27.4,11.6,55,17,123,1,198,1,,
3805,31/05/2024,4,60.6,Moderate,39.2,64.7,19.4,4.9,1.48,25,36.2,78.4,5.8,30,10,70,1,115,0,,
706,06/12/2024,1,268.2,Very Unhealthy,166.2,278.1,70.7,19.2,4.38,75.8,18.7,35.8,14.1,270,83,607,5,971,1,,
4090,12/03/2025,4,180.8,Unhealthy,105.8,176.4,47.5,18.4,2.61,14.5,26.4,34.1,9.1,55,17,125,,202,1,,
2423,19/08/2023,3,48.2,Good,24.6,41.3,8.7,3.6,0.87,29.8,30.1,69.8,14.2,31,9,69,1,105,0,,
3727,14/03/2024,4,157.2,Unhealthy,98.4,183.8,33.8,12.3,3.55,51.8,26.1,36.8,12.5,48,14,109,1,171,1,,
1272,25/06/2023,2,64.2,Moderate,41.2,68.5,17.5,4.5,1.4,47.1,36.1,76.6,7.8,57,18,133,1,212,0,,
610,01/09/2024,1,129.8,Unhealthy for Sensitive Groups,83.4,132.8,21.9,11.1,3.34,57.3,30.3,79.5,6.1,151,46,341,,543,0,,
3957,30/10/2024,4,134.4,Unhealthy for Sensitive Groups,91.2,165.5,36.9,14.3,3.42,58.4,21.8,38.4,16.6,44,13,98,1,159,0,,
146,26/05/2023,1,133.5,Unhealthy for Sensitive Groups,74,114.1,19.8,11.7,2.58,57.9,31.7,75.5,3.5,120,38,279,2,449,0,,
3445,06/06/2023,4,74.7,Moderate,38.9,67.6,4.7,6.9,1.41,19.2,34.3,68.6,6.9,30,9,73,1,116,0,,
3200,04/10/2025,3,55.9,Moderate,40.5,66.6,10.8,1.3,0.64,32.7,20.4,52.2,8.6,33,10,73,1,121,0,,
1893,07/03/2025,2,164.7,Unhealthy,101.3,189.6,29.4,9.4,3.06,43.8,25.7,41.3,4.6,123,37,277,2,446,1,,
853,02/05/2025,1,194.9,Unhealthy,122.6,214.2,35.4,10,4.51,34.4,27.4,57.4,7.6,219,67,489,4,780,1,,
416,20/02/2024,1,288.4,Very Unhealthy,182.2,328,75.7,21,5.48,58.8,22.2,37.3,6.7,280,86,624,6,1000,1,,
671,01/11/2024,1,262.6,Very Unhealthy,160.3,249.1,58.1,21.8,5.19,52,22.5,,15,253,78,577,5,920,1,,
1685,11/08/2024,2,59.8,Moderate,36.2,67.9,13,3.7,1.51,33.6,29,79.9,14.2,53,16,121,1,201,0,,
2234,11/02/2023,3,106.4,Unhealthy for Sensitive Groups,69.6,119.3,30.2,9.7,1.95,47.5,17.5,33.8,9.6,67,21,156,1,243,0,,
2470,05/10/2023,3,56.9,Moderate,45,79.9,13.7,7.7,1.71,23.5,24.7,54.9,9.1,35,11,87,1,136,0,,
4091,13/03/2025,4,135.2,Unhealthy for Sensitive Groups,86,138.1,25.8,8.5,3.67,71.2,24.7,48.1,4.8,59,18,134,1,204,0,,
541,24/06/2024,1,74.8,Moderate,51,92,21.4,6.1,0.93,39.2,33.7,70.3,13.9,134,41,301,3,488,0,,
3261,04/12/2025,3,88.4,Moderate,54.4,102,7.5,6.2,2.15,42.5,12.3,36.5,9.8,48,14,108,1,179,0,,
213,01/08/2023,1,92.4,Moderate,56.2,106.5,27.6,2.8,1.18,53.5,29.3,83.8,8.8,111,33,249,2,392,0,,
3741,28/03/2024,4,129.1,Unhealthy for Sensitive Groups,74.6,121.3,28.4,10.8,2.34,75.1,25.2,51.5,10.8,45,14,103,1,158,0,,
3232,05/11/2025,3,70.8,Moderate,44.4,84.2,12.9,5.3,1.29,24.4,17.5,41.3,2,42,13,94,1,154,0,,
1531,10/03/2024,2,166.7,Unhealthy,104.5,160.9,31.8,14.5,2.66,58.6,21.4,41.1,13.4,122,37,271,2,435,1,,
4343,20/11/2025,4,150.7,Unhealthy,97.7,152,44,14.8,2.61,70.9,17.9,36.7,11.1,51,15,117,1,183,1,,
393,28/01/2024,1,286.2,Very Unhealthy,180,320.9,72.5,18.9,6.98,35.4,20.4,29.3,9.2,271,84,608,5,973,1,,
1309,01/08/2023,2,57.1,Moderate,36.2,66.3,12.2,2.5,0.73,34.6,35.9,72.6,13.5,51,15,121,1,192,0,,
1415,15/11/2023,2,166.8,Unhealthy,104.9,191.9,35.2,18.2,3.78,63.1,23,51.6,14.8,120,37,275,2,441,1,,
3808,03/06/2024,4,55.3,Moderate,36.6,64.3,12.6,5.4,1.07,40.4,35.3,,7.1,31,8,61,1,103,0,,
454,29/03/2024,1,265.4,Very Unhealthy,,326.5,73.1,21.7,6.42,53.9,25.4,37.5,11.8,244,76,548,5,884,1,,
4010,22/12/2024,4,177,Unhealthy,113.4,213.1,44.6,14.3,2.35,44.2,20.3,39,11.2,55,17,131,1,205,1,,
2757,18/07/2024,3,27.1,Good,20.5,32.7,7.3,1.7,0.45,52.9,33.2,64.4,12,26,9,59,0,96,0,,
3025,12/04/2025,3,75.1,Moderate,50.2,84.8,15.1,5.1,1.51,41.3,22.1,62.1,12.6,41,12,94,1,142,0,,
3647,25/12/2023,4,159.9,Unhealthy,103.4,194.8,39,15.7,3.1,54.6,17.4,40.5,11.5,64,20,144,1,224,1,,
1920,03/04/2025,2,125.3,Unhealthy for Sensitive Groups,78,144.6,22.8,10.9,2.59,52.7,27.5,43.5,10.1,106,33,234,2,385,0,,
3814,09/06/2024,4,62.3,Moderate,40.1,61.5,19.4,2.8,1.38,28.8,33.2,75.9,,29,8,66,1,110,0,,
2899,07/12/2024,3,95.9,Moderate,61.6,109.3,16.5,9.7,1.58,26.3,17.6,29.3,12.9,48,14,111,1,173,0,,
1356,17/09/2023,2,103.7,Unhealthy for Sensitive Groups,54.7,97.2,21.3,7,1.73,51.6,33.1,62.7,13.9,75,23,175,1,285,0,,
2856,25/10/2024,3,80.6,Moderate,54.1,96.7,18.9,7.7,1.63,53.9,18.9,48.2,17.5,43,12,97,1,156,0,,
2295,13/04/2023,3,93.4,Moderate,51,96.1,21.4,5.7,1.67,64.4,27,60.5,17,46,14,104,1,163,0,,
2997,15/03/2025,3,103.9,Unhealthy for Sensitive Groups,63.5,118.7,26.6,6.5,2.32,33,20.6,48.8,9.8,46,14,105,1,173,0,,
2253,02/03/2023,3,90.2,Moderate,60.6,95.2,18.4,10.3,2.29,39.4,22.9,34.9,,55,17,124,1,200,0,,
3315,27/01/2023,4,121,Unhealthy for Sensitive Groups,,164.2,36.2,16.4,2.12,42.7,20.9,27.3,8.9,50,16,111,1,178,0,,
2652,04/04/2024,3,77.3,Moderate,53.4,94.4,14,4.6,1.78,57.8,24.3,46.6,15.5,42,12,86,,153,0,,
1168,13/03/2023,2,132.6,Unhealthy for Sensitive Groups,80.9,148.8,33.6,6.1,3.3,58.3,23.5,44,,101,32,232,2,368,0,,
2601,13/02/2024,3,92.3,Moderate,58.3,99.6,16.2,8.5,1.85,51.4,18,34.9,11,51,15,117,,191,0,,
1448,18/12/2023,2,205.1,Very Unhealthy,133.3,225.3,50.7,16.6,2.87,45.5,18.8,32.3,14.1,130,40,297,3,468,1,,
1306,29/07/2023,2,56.4,Moderate,35.8,62.3,15.4,6.5,0.99,48.1,37.4,77.4,12.2,50,15,116,1,180,0,,
855,04/05/2025,1,189.4,Unhealthy,113.1,181.3,43.7,14.3,2.43,28.3,24.4,64.3,16.3,187,59,432,4,680,1,,
401,05/02/2024,1,276.1,Very Unhealthy,183.1,314.9,55.2,27.4,5.18,58.6,20.5,30.8,10.9,312,97,702,6,1125,1,,
4082,04/03/2025,4,171.3,Unhealthy,101.1,157.8,27.5,9.5,2.71,38.7,23.1,33.7,7.7,48,14,109,,174,1,,
4228,28/07/2025,4,35.6,Good,25.2,42.3,7.3,6.4,0.35,49.2,34.6,78.6,7.9,24,6,55,1,86,0,,
1546,25/03/2024,2,152.4,Unhealthy,91.9,167.7,39.5,10.8,2.01,45.1,27.7,61.6,10.7,114,36,261,2,419,1,,
501,15/05/2024,1,177.1,Unhealthy,103.9,182.5,36.8,16.7,1.85,62.4,28.9,61.5,9.7,166,51,377,3,592,1,,
3,03/01/2023,1,310.7,Hazardous,191.1,361.3,61.3,17.1,7.14,75.7,18.7,31.1,9,314,97,699,6,1120,1,,
719,19/12/2024,1,296.5,Very Unhealthy,186.3,296.6,56.2,28.2,6.36,54.8,25.4,21.9,6.8,278,86,627,6,997,1,,
399,03/02/2024,1,309.1,Hazardous,197.1,319.9,66.9,20.2,6.07,60.7,20.1,35.7,14.4,314,96,702,6,1114,1,,
2410,06/08/2023,3,35.4,Good,24.1,40.3,0,4.7,0.24,44,31.1,85.1,4.4,28,9,62,1,100,0,,
4344,21/11/2025,4,147.7,unhealthy for sensitive groups,95.4,147,28.1,14.6,1.96,48.1,19.7,28,0.7,48,15,110,1,176,0,,
2388,15/07/2023,3,36.7,Good,21.4,40.2,9.1,5.1,0.51,26.6,31.6,80.8,13.9,26,8,60,1,97,0,,
2925,02/01/2025,3,92,Moderate,56.9,103.7,16.6,6.3,1.03,70,19.5,44.4,12.7,55,17,119,1,198,0,,
3220,24/10/2025,3,72,Moderate,44.9,74.7,19.8,1,1.2,64.8,16.9,43,7.6,41,13,84,1,141,0,,
3550,19/09/2023,4,79.4,Moderate,49.1,87,20.4,6.3,1.12,46.6,29.6,70.9,13.3,34,10,70,1,128,0,,
316,12/11/2023,1,225,Very Unhealthy,147,252.1,40.3,22.7,3.27,61.3,20.5,41.8,7.4,289,89,644,6,1036,1,,
1074,09/12/2025,1,265,Very Unhealthy,164.6,285.6,49.5,21.5,4.01,73.9,17.6,44.2,6.3,310,96,700,6,1110,1,,
1702,28/08/2024,2,97.9,Moderate,51.4,81.8,22.6,4.6,1.14,45.4,36.4,73.5,10.5,63,19,143,1,231,0,,
1342,03/09/2023,2,85.6,Moderate,50.8,79.7,15,10.6,1.34,37.5,33.9,79,,59,17,133,1,212,0,,
3264,07/12/2025,3,95,Moderate,53.2,96.5,20.6,10.8,1.68,44.1,17.7,25,5.5,45,12,96,1,154,0,,
2746,07/07/2024,3,40,Good,23.5,38.3,4.2,1.7,0.77,31.9,31.8,83.4,12.1,23,7,56,0,92,0,,
3853,18/07/2024,4,57.1,Moderate,30.9,56.6,7,6.8,1.28,45.1,34.7,75.2,7.6,26,8,64,0,107,0,,
3226,30/10/2025,3,77.2,Moderate,47.7,78.6,20.5,5.5,1.8,29.2,23.4,49.7,20.4,40,12,97,1,157,0,,
3597,05/11/2023,4,103.3,Unhealthy for Sensitive Groups,67.7,110.2,21.5,9.5,2.84,41.6,24.8,53.3,11,49,14,106,1,176,0,,
2496,31/10/2023,3,84.6,Moderate,55.5,90.3,21.6,6.2,1.24,52.1,20.4,37.9,9.9,42,11,90,1,147,0,,
3227,31/10/2025,3,82,Moderate,47.5,82.7,21.4,9.3,1.05,35.6,17.4,36.9,0.8,34,11,80,1,124,0,,
4294,02/10/2025,4,88.2,Moderate,57.8,98.4,20.2,5.7,1.53,51,25.1,74.6,5.8,45,13,104,1,159,0,,
1043,08/11/2025,1,272.3,Very Unhealthy,175.5,287.9,78.8,27.6,6.58,50.6,19.2,37.5,3,285,87,637,6,1017,1,,
220,08/08/2023,1,82.3,Moderate,,100.2,22.1,5.8,1.23,44,30.4,78.8,5.4,122,35,277,2,428,0,,
3577,16/10/2023,4,108.5,Unhealthy for Sensitive Groups,62.6,96.9,22.8,7.6,1.93,61.4,23.7,48,5.9,41,12,90,1,149,0,,
2707,29/05/2024,3,58.6,Moderate,36.8,68.9,18.9,6.5,0.46,45.6,27,64.4,7.8,32,10,73,1,123,0,,
1537,16/03/2024,2,141.5,Unhealthy for Sensitive Groups,86.1,158.5,36,12.1,2.27,51.6,25.8,43,9.5,113,35,260,2,411,0,,
3717,04/03/2024,4,129.9,Unhealthy for Sensitive Groups,85.1,156.5,38.9,11.7,2.23,58.3,23.2,22.5,14.5,49,16,112,1,179,0,,
1599,17/05/2024,2,84.8,MODERATE,51.5,96.2,25.6,8.4,1.88,42.1,32.2,64.3,15.4,80,24,176,2,278,0,,
1852,25/01/2025,2,235.5,Very Unhealthy,138.9,237.2,39.1,22.4,4.5,68.7,23.1,,5.8,141,43,317,3,501,1,,
2541,15/12/2023,3,100.4,Unhealthy for Sensitive Groups,61.8,112.8,14.6,7.1,2.11,44.6,15.3,31,13.8,61,20,142,1,231,0,,
2622,05/03/2024,3,101.1,Unhealthy for Sensitive Groups,65.6,116.5,16.9,7.3,1.12,35.1,20.9,38.8,2.8,49,14,110,1,166,0,,
1716,11/09/2024,2,110.2,Unhealthy for Sensitive Groups,60,98.6,22.8,10.6,1.48,51.6,33.2,58.9,10.2,61,18,136,1,223,0,,
2586,29/01/2024,3,112.9,Unhealthy for Sensitive Groups,69.3,121.1,26,7.4,2.36,48.5,19.1,31.8,13.4,63,19,138,1,223,0,,
2597,09/02/2024,3,123.6,Unhealthy for Sensitive Groups,74,136.5,19.1,8.7,2.52,62.5,18.7,31.1,7.2,56,18,124,1,204,0,,
3962,04/11/2024,4,128.8,Unhealthy for Sensitive Groups,74.9,125.5,19.2,7.7,2.74,28.8,19.2,54.6,15.7,45,15,101,,165,0,,
2041,02/08/2025,2,57.6,MODERATE,37.2,62.5,16.5,5.6,1.27,57.2,33.2,,16.7,52,16,123,1,187,0,,
2668,20/04/2024,3,84.1,Moderate,50.1,83.2,12,8.3,1.89,51.5,23.8,60.5,9.2,100,31,228,2,360,0,,
2429,25/08/2023,3,52.1,Moderate,26.3,46.5,9.2,4.8,0.6,10,29.4,69.3,11.8,27,8,63,,95,0,,
2603,15/02/2024,3,96.8,Moderate,62.7,118.4,11.1,5.7,2.52,44,17.3,36.3,4.8,55,17,126,1,198,0,,
714,14/12/2024,1,314.7,Hazardous,189.8,332.2,59.8,33.6,3.91,47.5,18.8,40.4,1.6,306,94,687,6,1107,1,,
641,02/10/2024,1,139.5,Unhealthy for Sensitive Groups,95.4,167.2,40.4,11,2.59,24.7,27,49.8,6.1,171,52,393,3,621,0,,
3281,24/12/2025,3,112.7,Unhealthy for Sensitive Groups,73.1,113.7,24.5,12.7,2.95,43.6,16.8,28.8,9.9,53,16,119,1,196,0,,
4273,11/09/2025,4,83.2,Moderate,47.7,81.9,14.7,8.7,1.54,46.1,29.3,68.2,3.9,31,9,70,1,112,0,,
5,05/01/2023,1,214.9,Very Unhealthy,143.4,241.6,38.4,23,3.99,67.1,16.3,32.1,,265,81,593,5,949,1,,
244,01/09/2023,1,91.7,Moderate,63.1,96.7,23.1,7.2,1.75,58.7,27.3,59.5,13.1,125,38,289,,459,0,,
741,10/01/2025,1,336.8,Hazardous,220.6,417.9,81.8,28.2,8.23,73.1,16.6,31,9.7,350,108,782,7,1253,1,,
4310,18/10/2025,4,124.4,Unhealthy for Sensitive Groups,77.2,131.8,36.3,8.9,2.28,56.6,28.1,55.4,8.4,44,14,99,1,,0,,
3018,05/04/2025,3,76.8,Moderate,55.5,104.7,20,4.7,1.32,47,25.8,46.2,4.9,41,13,99,,154,0,,
88,29/03/2023,1,220.3,Very Unhealthy,137.3,209.6,42.4,19,5.29,64.8,25.1,32,9.3,211,64,477,4,763,1,,
4281,19/09/2025,4,98.3,Moderate,55.4,102.7,16,8.8,1.86,51.4,28.1,63.4,10.7,34,11,77,1,122,0,,
663,24/10/2024,1,197.3,Unhealthy,126.5,235.7,30.8,21.1,3.68,59.8,22.6,44.1,5.9,222,69,505,4,808,1,,
1609,27/05/2024,2,88.1,Moderate,51.5,96,14.9,4.2,2.16,41.8,32.7,74.4,9.2,59,19,138,1,218,0,,
1336,28/08/2023,2,67.2,Moderate,,70.6,11.1,5.9,1.32,41.9,36.2,65.3,6.7,61,19,141,1,225,0,,
363,29/12/2023,1,328.1,Hazardous,205.4,343.3,82.8,30,6.85,81.8,16.4,35.8,15.4,299,92,675,6,1072,1,,
4057,07/02/2025,4,121.4,Unhealthy for Sensitive Groups,83.4,133.9,36.4,15.4,2.23,49.1,20.6,32,8.7,55,17,123,1,197,0,,
1684,10/08/2024,2,51.9,Moderate,32.7,49.7,9.1,4.2,1.34,56.8,33.7,,10.8,62,18,147,1,227,0,,
2324,12/05/2023,3,62.5,Moderate,,59.6,15,3.3,0.96,29.2,28.8,65.3,15.6,31,9,70,1,109,0,,
2453,18/09/2023,3,43.7,Good,31.8,48,19.9,0,0.73,26.1,24.3,64.2,11.2,36,10,82,1,122,0,,
4146,07/05/2025,4,84.6,Moderate,,90.1,13.5,10.9,1.23,27.7,34.8,62.1,11.4,38,11,82,1,127,0,,
2195,03/01/2023,3,119.7,Unhealthy for Sensitive Groups,72.2,134,25.6,7.9,1.84,49,15.3,32.6,3.4,56,17,125,1,198,0,,
3308,20/01/2023,4,171.8,Unhealthy,102.4,177.4,35.6,20.2,3,65,20.7,34.5,0.5,66,21,153,1,246,1,,
2448,13/09/2023,3,69.6,Moderate,38.1,68.7,15.3,5.7,1.53,37.3,29,57.2,10.1,30,9,72,1,112,0,,
3726,13/03/2024,4,142.2,Unhealthy for Sensitive Groups,89.9,145.1,43,9.3,1.86,70.7,25.8,45.7,12.9,56,16,124,1,199,0,,
3905,08/09/2024,4,65.7,Moderate,45.6,76,18.8,6.1,1.01,34.2,28.2,73.1,16.6,30,8,70,1,103,0,,
1496,04/02/2024,2,168.3,UNHEALTHY ,103.6,179.6,26.6,7.6,3.86,65.9,19.1,37.2,8.5,128,40,293,3,466,1,,
256,13/09/2023,1,148.8,Unhealthy for Sensitive Groups,91.4,148.1,30.9,10.9,2.32,69.2,25.4,66.8,,171,52,391,3,622,0,,
3047,04/05/2025,3,77.7,Moderate,37.8,60.2,8.6,2.8,1.03,17.6,27.2,70.7,12,31,9,71,1,115,0,,
4089,11/03/2025,4,140.6,Unhealthy for Sensitive Groups,91.7,162.3,37.3,10.8,2.9,35.9,29,50,8.3,54,17,128,,195,0,,
196,15/07/2023,1,88.3,Moderate,48.9,84.3,13.4,5.9,1.63,43,31.7,76.4,15.2,105,32,247,2,390,0,,
893,11/06/2025,1,108.2,Unhealthy for Sensitive Groups,69.9,117.6,20.7,5.9,1.96,22.9,30.6,76.6,10,121,37,274,2,440,0,,
1385,16/10/2023,2,132.8,Unhealthy For Sensitive Groups ,82.1,131.3,27,15,2.88,66.6,25.3,39.7,17.8,83,25,188,2,303,0,,
488,02/05/2024,1,175.3,Unhealthy,109.9,166.5,32.7,16.4,3.78,42.2,27,59,8.1,189,58,433,4,681,1,,
359,25/12/2023,1,261.5,Very Unhealthy,,257.8,56,26.1,3.91,83.2,14,25.9,4.8,307,96,693,6,1108,1,,
1460,30/12/2023,2,173.3,Unhealthy,118.2,205.3,36.5,17.9,4.25,62.8,20.8,32,5.7,142,44,320,3,506,1,,
1164,09/03/2023,2,199.7,Unhealthy,120.7,224.9,52.3,20.9,4.3,49.9,24.3,38.7,9.7,104,31,234,2,378,1,,
2672,24/04/2024,3,72.9,Moderate,47.3,85.3,14,4.7,1.19,68.1,26.6,62.3,10.8,36,11,85,1,131,0,,
3966,08/11/2024,4,135.4,Unhealthy for Sensitive Groups,78.4,133.7,25.3,4.7,1.71,37.1,22.3,45.8,10.3,42,14,104,1,158,0,,
2016,08/07/2025,2,66.8,Moderate,41.2,63.8,17.8,8.1,0.84,35.3,36.3,70.6,14.7,52,14,111,,179,0,,
2993,11/03/2025,3,115.5,Unhealthy for Sensitive Groups,64.5,113.3,22.3,6.5,1.3,51.3,20.9,37,4.7,49,15,112,1,176,0,,
1262,15/06/2023,2,77.3,Moderate,43.7,72.7,12.8,4.5,1.38,41.6,33.9,71.7,6.1,57,18,139,1,217,0,,
768,06/02/2025,1,296.1,Very Unhealthy,185.6,282.5,64.5,18.4,6.41,56.4,20.2,39.4,6.8,330,102,744,7,1186,1,,
2153,22/11/2025,2,175.9,Unhealthy,109.5,179,38,19.1,3.79,52.1,20.6,40.8,9.6,110,33,249,2,399,1,,
1211,25/04/2023,2,135.7,Unhealthy for Sensitive Groups,80.1,142.4,29.1,10.9,1.68,52.3,28.5,59.2,4.2,92,29,209,2,,0,,
802,12/03/2025,1,255.2,Very Unhealthy,153.1,279.3,49.3,15.3,4.49,59.4,26.2,44.7,10.3,313,96,708,6,1130,1,,
789,27/02/2025,1,268.3,Very Unhealthy,163.6,277.7,72.4,23.6,6.14,47.7,20.8,34.8,11.8,310,96,699,6,1121,1,,
2800,30/08/2024,3,46.8,good,24.6,42.8,9,2.2,0.82,33.3,22.9,60.1,16.1,31,9,67,1,113,0,,
1585,03/05/2024,2,115.5,Unhealthy for Sensitive Groups,79.5,145.7,22.8,10.6,2.25,30.5,32.3,61.4,12.2,92,28,210,2,,0,,
2680,02/05/2024,3,68.5,Moderate,44.1,77,17.3,6.8,1.03,51.1,27.2,63.9,10.6,39,13,84,1,130,0,,
808,18/03/2025,1,227.5,Very Unhealthy,145,219.9,58.4,23.9,4.42,50.1,21.7,42.3,8.2,310,96,698,6,1116,1,,
2247,24/02/2023,3,109.1,Unhealthy For Sensitive Groups ,70.4,131.5,34,8.1,2.1,81.2,18,,3,54,17,128,1,201,0,,
1335,27/08/2023,2,80.4,Moderate,47,85.1,21.7,5.6,0.85,51.4,33.6,71.7,4,55,16,131,1,208,0,,
4283,21/09/2025,4,86.4,Moderate,50.1,76.7,14,7.1,1.05,61.5,28.3,52.6,5.5,37,11,83,1,132,0,,
3998,10/12/2024,4,149.6,Unhealthy for Sensitive Groups,100.9,159.1,39.6,10,2.62,56,17.5,32.2,4,57,18,133,1,206,0,,
4047,28/01/2025,4,174.2,Unhealthy,108.2,173.4,39,13.2,2.29,44.2,21.6,31.2,8,58,18,130,1,210,1,,
769,07/02/2025,1,277.7,Very Unhealthy,171,296.3,64.8,19.7,3.88,59.9,19.2,23.7,9.1,269,83,604,5,973,1,,
1789,23/11/2024,2,189.9,Unhealthy,113.8,207.3,47,20.4,2.26,56.9,24.2,46.7,12.5,109,34,244,2,393,1,,
3854,19/07/2024,4,61.3,Moderate,33.6,52.9,11.2,4.1,0.68,47.6,35.7,86.2,5.5,23,7,56,0,87,0,,
3983,25/11/2024,4,172.5,Unhealthy,110.8,180.1,49.6,10,2.58,44.7,22.8,34.3,6.8,53,16,121,1,189,1,,
2605,17/02/2024,3,131.1,Unhealthy for Sensitive Groups,79.4,123.9,26.5,4,2.32,52,17,46.1,4.2,59,18,133,1,211,0,,
3601,09/11/2023,4,130.6,Unhealthy for Sensitive Groups,79.9,143.4,31.3,7.8,2.47,52.8,21.6,42.8,11.9,44,13,98,1,163,0,,
4268,06/09/2025,4,79.3,Moderate,44,74.6,11.9,3.2,0.81,52.4,31.2,74.1,6.9,26,8,58,0,98,0,,
1996,18/06/2025,2,66.4,Moderate,40.7,76.3,20.2,4.9,0.92,40.3,29.6,,14.4,56,16,128,1,197,0,,
3071,28/05/2025,3,49.3,Good,30.4,49.8,10.5,2.6,0.87,56.2,28.3,68.3,8.9,30,9,77,1,117,0,,
3086,12/06/2025,3,46.7,Good,24.8,40.8,8,4,0.4,19,29.2,81.3,13,28,8,65,1,114,0,,
3063,20/05/2025,3,49.5,Good,31.9,51.2,7.5,4.4,0.76,54,28.5,73.9,3.8,35,10,86,1,119,0,,
2774,04/08/2024,3,34,Good,24.6,37.9,9.5,7.1,0.51,50.9,29.8,77.3,10,28,8,58,0,87,0,,
1558,06/04/2024,2,131.6,Unhealthy for Sensitive Groups,80,126,23.8,11.8,2.84,51.8,26.4,44.6,8.5,93,28,209,2,335,0,,
3880,14/08/2024,4,70,Moderate,38.2,59.9,18.4,4.8,0.76,41.4,34.9,73.9,16.3,24,6,55,,95,0,,
3630,08/12/2023,4,187.8,Unhealthy,111.2,205.5,31.4,11.7,2.6,58,18.4,38.8,11.7,50,15,117,1,183,1,,
191,10/07/2023,1,99.4,Moderate,63.3,95.1,17,11.4,1.93,38.4,32.7,75.6,11.9,100,30,233,2,371,0,,
1114,18/01/2023,2,183.4,Unhealthy,107.4,182.8,40.5,16.1,3.05,60.1,19.3,34.2,14.2,108,33,247,2,397,1,,
1548,27/03/2024,2,140.9,Unhealthy for Sensitive Groups,93.7,158.9,35.1,11.9,2.75,51.3,27.5,48.5,15.8,109,33,243,2,383,0,,
688,18/11/2024,1,316.7,Hazardous,192.8,336.9,55.4,33.8,7.41,71.5,18.8,42.4,11.2,262,81,589,5,943,1,,
2894,02/12/2024,3,112.8,Unhealthy for Sensitive Groups,72.5,129.1,29,11.5,1.73,54.3,17.7,,12.1,48,15,116,1,180,0,,
1380,11/10/2023,2,120.7,Unhealthy for Sensitive Groups,74.9,125.2,27.9,9,2.32,42.4,28.2,43.3,12.7,96,29,218,2,342,0,,
2836,05/10/2024,3,75.5,Moderate,45.4,85.8,15.1,9,1.32,22.7,22.4,,14.3,36,11,82,1,131,0,,
3358,11/03/2023,4,126.3,Unhealthy for Sensitive Groups,77.2,141.7,19.8,14.3,2.59,54.9,24,46.1,8.5,46,14,110,,164,0,,
2060,21/08/2025,2,78.3,Moderate,47.5,79.1,13.1,8,1.37,45.9,28.2,68.6,13.1,63,19,145,,225,0,,
4176,06/06/2025,4,44.3,Good,41.4,76.9,12.4,5,1.59,39.2,33.1,85.1,19.5,31,7,62,1,105,0,,
1787,21/11/2024,2,132.9,Unhealthy for Sensitive Groups,86.7,138.5,24.9,8,2.57,51.4,21.1,33.1,7,125,38,279,,451,0,,
1894,08/03/2025,2,211.4,Very Unhealthy,132.3,219.3,51.1,16.5,4.64,48.3,24.4,46.9,6.3,111,34,253,2,406,1,,
638,29/09/2024,1,160.2,Unhealthy,96.5,176.7,24.2,18,2.46,46.5,23.6,57.1,4.3,178,55,403,4,650,1,,
2519,23/11/2023,3,105.4,Unhealthy for Sensitive Groups,60.6,104.4,20.6,7.7,1.42,48.2,18,45.1,6.8,48,15,106,1,171,0,,
1854,27/01/2025,2,157,UNHEALTHY ,105.4,178.6,48.1,10.7,2.98,72.1,19.2,26.7,7.1,150,46,335,3,540,1,,
2647,30/03/2024,3,111.4,unhealthy for sensitive groups,63.3,96.4,29,10.1,2.51,44.2,21.4,49,18.7,49,14,112,1,185,0,,
314,10/11/2023,1,235.4,Very Unhealthy,155.9,269.3,54.8,20.5,2.87,55.4,19.1,40.8,13.2,271,83,611,5,971,1,,
595,17/08/2024,1,94.2,Moderate,58.9,96.6,15.1,6.4,1.57,51.4,28,79.8,2.5,129,40,295,3,474,0,,
1194,08/04/2023,2,112.5,Unhealthy for Sensitive Groups,77.1,141.9,24.7,8.2,3.16,62.2,31.7,51.4,9.6,91,27,202,2,,0,,
4298,06/10/2025,4,113.1,Unhealthy for Sensitive Groups,69.9,106.3,15.2,11.2,1.5,39,27,65.4,3.1,39,11,86,1,147,0,,
988,14/09/2025,1,161.1,Unhealthy,98.9,157.8,43.2,13.6,3.06,40.7,27.2,60.9,10.3,171,53,388,3,621,1,,
824,03/04/2025,1,189.6,Unhealthy,116.3,219.6,30.7,20.2,3.89,44,24.1,49.3,11.4,243,74,542,5,868,1,,
260,17/09/2023,1,116.6,Unhealthy for Sensitive Groups,76.6,140.5,30.9,6,2.48,66.7,23.2,63.6,10.9,162,49,366,3,589,0,,
4282,20/09/2025,4,81.3,Moderate,49.9,89.1,14.1,8.7,1.37,57.3,30.2,63.8,8.8,34,10,76,1,123,0,,
440,15/03/2024,1,267.4,Very Unhealthy,165.6,286,40.1,16.6,6.13,61.1,24,44.4,10.8,257,79,572,5,917,1,,
4134,25/04/2025,4,93,Moderate,58.4,90.7,27.8,6.3,2.47,22.5,27.2,62.9,7.7,40,13,88,1,141,0,,
3710,26/02/2024,4,122.7,Unhealthy for Sensitive Groups,83.2,128.7,32.5,16.2,3.19,56.9,20.9,38.6,,50,16,120,1,186,0,,
3374,27/03/2023,4,132.9,Unhealthy for Sensitive Groups,89.1,153.3,29.2,10.7,1.85,57.3,30,44.1,11.5,43,15,100,1,163,0,,
1087,22/12/2025,1,282.7,Very Unhealthy,176,330.6,57.3,21.5,6.84,51.9,16.1,29.4,6.1,329,102,743,7,1190,1,,
2040,01/08/2025,2,51.8,Moderate,35.9,57.8,18.5,4.6,1.32,55.1,35.9,76.6,12.7,55,17,131,1,204,0,,
1966,19/05/2025,2,97.1,Moderate,55.3,83.8,21,5.4,2.25,60,34,57,12,72,22,170,1,269,0,,
3663,10/01/2024,4,134.7,Unhealthy for Sensitive Groups,90.4,164.4,38.9,9.9,1.47,50.1,17.1,34.9,14.8,62,20,143,1,225,0,,
790,28/02/2025,1,269.2,Very Unhealthy,179.9,291.4,54.9,19.9,7.05,55.4,19,47.2,11.5,304,94,686,6,1093,1,,
2954,31/01/2025,3,99.7,Moderate,56.8,89.7,18.1,5.5,1.61,42.9,17.8,34.8,14.9,52,15,112,1,186,0,,
1189,03/04/2023,2,143.4,Unhealthy for Sensitive Groups,86.5,160.3,37.2,7.1,2.05,63.5,30.4,45.7,9.6,106,33,249,,383,0,,
3762,18/04/2024,4,115.9,Unhealthy for Sensitive Groups,71.7,118,22,6.1,2.53,54.5,30.2,57.3,16.4,41,13,91,1,150,0,,
3729,16/03/2024,4,144.9,Unhealthy for Sensitive Groups,87.8,144.3,25.1,13.1,2.13,34.5,25.2,47,4.7,52,15,124,1,180,0,,
1377,08/10/2023,2,123.5,Unhealthy for Sensitive Groups,82.1,155.5,29.1,8.7,2.78,50.3,26.3,59.3,8.3,87,27,201,,317,0,,
518,01/06/2024,1,120.8,Unhealthy for Sensitive Groups,70.5,128.4,28.5,8.2,2.44,31,34.1,67.6,12.5,155,47,349,3,554,0,,
1871,13/02/2025,2,189.3,Unhealthy,114.6,182.7,38.8,19.2,3.91,64.3,23.2,48.1,11.3,120,36,267,2,433,1,,
1934,17/04/2025,2,153.4,Unhealthy,94.6,169.2,23.3,16.3,3.76,48.3,29.7,56.4,12.5,111,34,252,2,408,1,,
3789,15/05/2024,4,98.3,Moderate,55.8,97.7,17.3,4.9,2.18,31.3,33,62.3,9.9,30,8,69,1,105,0,,
230,18/08/2023,1,105.9,Unhealthy for Sensitive Groups,62.1,102.4,10.4,5,1.64,40.2,32,78,8.5,143,44,326,3,522,0,,
3449,10/06/2023,4,55.6,Moderate,34.8,65.1,13.9,7.3,1.51,44.6,32.8,68,12.8,28,9,69,1,105,0,,
935,23/07/2025,1,99.1,Moderate,62.3,105.9,17.6,11.1,2.36,63.4,32.3,76.8,11.1,121,38,278,2,441,0,,
747,16/01/2025,1,390.1,Hazardous,237.1,407.5,81.2,34.4,5.85,91.8,18,44.1,13.4,271,84,613,5,980,1,,
3785,11/05/2024,4,80.2,Moderate,41.2,65.4,15.7,5.6,1.2,36.2,30.8,65.7,10.6,34,10,77,1,119,0,,
1354,15/09/2023,2,95,Moderate,61.4,98.7,13.7,7.2,2.14,47.5,30.5,,13.2,68,20,150,1,235,0,,
3170,04/09/2025,3,46.4,Good,31.1,53.9,5.7,6.3,1.38,41,26.5,66.5,13.2,32,9,74,1,115,0,,
1771,05/11/2024,2,132.1,Unhealthy for Sensitive Groups,84.5,144.8,37,14,2.13,40.5,23.8,30.8,14,104,31,233,2,381,0,,
3183,17/09/2025,3,41.4,Good,29.1,52.8,7.1,5.4,0.84,70,25.3,57.2,12.2,29,10,70,1,116,0,,
1033,29/10/2025,1,227.6,Very Unhealthy,144.1,266.8,35.4,25.8,4.15,68.7,21.6,50.1,3.1,271,84,609,5,973,1,,
63,04/03/2023,1,257.4,Very Unhealthy,162.8,301,71,17.7,5.44,63.9,18.6,37,10.6,295,90,658,6,1054,1,,
3497,28/07/2023,4,74.5,Moderate,34.4,56,17.6,2.6,0.8,26.9,33.6,77.8,11.5,22,7,51,0,89,0,,
2499,03/11/2023,3,88.7,moderate,55.9,92.9,25.5,9.4,1.32,35.6,19.8,57.4,2.9,45,14,101,1,162,0,,
158,07/06/2023,1,117.2,Unhealthy for Sensitive Groups,74.5,128.8,25.5,11,1.76,48.6,35.3,74.4,4,133,40,303,3,483,0,,
439,14/03/2024,1,241.8,Very Unhealthy,,248.3,64.9,24.5,4.28,23.8,24.9,43.6,14.1,254,80,575,5,922,1,,
3870,04/08/2024,4,58.3,Moderate,31,48.1,16.1,4.5,0.48,40.6,35.5,73.1,6.9,25,7,54,0,89,0,,
3064,21/05/2025,3,32.5,Good,28,46.6,9.5,4.4,0.3,71.6,26.9,76.3,4.5,33,10,75,,121,0,,
214,02/08/2023,1,91.6,Moderate,53.7,93.5,15.4,7.2,1.61,30.1,32.2,66.5,7.9,120,36,271,2,436,0,,
4348,25/11/2025,4,149.3,Unhealthy for Sensitive Groups,92.2,169.2,36.4,10.8,2.76,52,17.6,30.3,9.5,51,17,120,1,198,0,,
3395,17/04/2023,4,110.9,Unhealthy for Sensitive Groups,66.4,118.2,20.6,6,1.76,51.8,31.2,72,10.4,44,14,102,1,167,0,,
4384,31/12/2025,4,173.2,Unhealthy,106.5,160.8,48,14.1,3.32,56.8,17,,10.8,53,16,124,1,196,1,,
3284,27/12/2025,3,121.8,Unhealthy for Sensitive Groups,75.4,127.7,22,15.6,2.39,54.9,14.6,,14.9,57,17,120,1,201,0,,
3979,21/11/2024,4,134.7,Unhealthy for Sensitive Groups,84.1,141.1,35.9,11.4,1.6,48.9,20.4,32.5,10.3,46,14,103,1,158,0,,
2359,16/06/2023,3,37.7,Good,26.4,48.4,12.9,2.8,0.9,37.6,30.6,85.9,3.7,25,7,64,0,103,0,,
2014,06/07/2025,2,66.8,moderate,34.8,54.3,8.3,5,1.56,10,36.1,73.9,7.6,51,16,119,1,185,0,,
3719,06/03/2024,4,129.9,Unhealthy for Sensitive Groups,73.8,113.5,28,4.4,1.76,53.3,26.9,36.4,6.4,52,16,119,1,190,0,,
2171,10/12/2025,2,172.4,Unhealthy,111.9,198.5,43.1,18.3,3.87,59.4,23.7,23.7,8.4,127,39,283,2,,1,,
4329,06/11/2025,4,126.7,Unhealthy for Sensitive Groups,75.2,132.1,28.6,9.7,3.16,53.3,25.4,29,7.5,41,13,94,1,157,0,,
141,21/05/2023,1,128.2,Unhealthy for Sensitive Groups,,141.1,26,14.3,1.61,31.6,33.2,71.3,8.6,165,50,374,3,597,0,,
2420,16/08/2023,3,39.6,Good,28.1,43.2,8.9,2.2,0.3,35.9,31.2,,9.8,27,8,65,0,94,0,,
499,13/05/2024,1,128.8,Unhealthy for Sensitive Groups,,126.6,29.4,14,2.27,65,28.2,68.2,10.8,186,58,424,4,675,0,,
4314,22/10/2025,4,134.2,Unhealthy For Sensitive Groups ,77.3,133.6,23.4,9.6,1.69,50.8,22.2,50.8,1.3,39,13,93,1,141,0,,
654,15/10/2024,1,187.1,Unhealthy,113.8,209.1,32.5,18,2.82,57.9,24.8,55.8,11.7,246,77,556,5,887,1,,
3076,02/06/2025,3,43.2,Good ,28.4,43.3,8.3,3.5,0.4,46.2,28.8,72.3,11.1,27,8,60,0,101,0,,
3137,02/08/2025,3,51.5,Moderate,25.1,46.9,8.8,2.9,0.98,40.1,32.5,84.3,14.4,24,8,64,1,88,0,,
3195,29/09/2025,3,58.5,Moderate,38.9,68.5,13.6,3.2,1.21,54.6,25.1,56.3,3.8,32,10,71,1,117,0,,
3320,01/02/2023,4,160.3,Unhealthy,102.9,173.9,37.1,19.1,2.18,51.1,21.1,37.2,2.6,60,18,134,1,217,1,,
157,06/06/2023,1,116.3,Unhealthy for Sensitive Groups,69.5,116.7,21.2,8.3,2.36,27.4,31.3,78.9,,131,40,299,3,472,0,,
3480,11/07/2023,4,44.6,Good,30.3,55,18.1,4.3,0.96,53.6,37,86,12.6,22,6,52,0,78,0,,
3361,14/03/2023,4,124,Unhealthy for Sensitive Groups,84.3,130.5,22.8,16.1,2.17,68.9,25.4,44,10.5,46,15,105,1,165,0,,
4226,26/07/2025,4,57.8,Moderate,33.8,63.4,3.8,6.4,0.58,44.9,33.6,75.2,15.6,24,8,57,0,87,0,,
110,20/04/2023,1,154,Unhealthy,93.9,152.8,28.5,15.8,2.88,38.9,29.1,67.7,6.9,187,57,424,4,669,1,,
3301,13/01/2023,4,147.1,Unhealthy for Sensitive Groups,95,151,18.3,15.4,3.69,51.8,20.1,23.8,4.8,61,18,134,,212,0,,
1675,01/08/2024,2,58.5,MODERATE,32.9,56.7,10.5,3.3,1.01,57.5,35.7,82.3,4.9,50,15,120,1,,0,,
3163,28/08/2025,3,55.3,MODERATE,30.8,56.2,10.9,3,0.54,31.2,27.6,66.3,10,28,8,61,1,101,0,,
2442,07/09/2023,3,49.5,Good,34.6,63.4,7.8,6,1.25,48.4,28,,,27,8,63,0,108,0,,
3276,19/12/2025,3,100.1,Unhealthy for Sensitive Groups,63.9,97.1,17.1,6,2.11,52.8,15.9,36.4,8.4,59,17,133,1,207,0,,
2730,21/06/2024,3,43.4,Good,25.2,37.8,12.2,4.3,0.46,36,32.9,,9.6,30,10,70,1,115,0,,
4036,17/01/2025,4,167.7,Unhealthy,111.3,196.4,27.9,17.2,2.98,58.6,19.2,20.4,7.4,62,19,147,1,229,1,,
591,13/08/2024,1,105,Unhealthy for Sensitive Groups,57.2,102.1,18.9,5.6,1.19,45.3,32.9,76.3,13.7,114,34,266,2,425,0,,
4031,12/01/2025,4,155.1,Unhealthy,94.6,145.4,38.5,16.1,3.43,48.3,17.2,31.6,4.5,48,14,108,1,168,1,,
1429,29/11/2023,2,155.8,Unhealthy,93.3,150.5,30.5,10.8,2.02,48.4,22.5,,7.6,110,33,250,,392,1,,
2080,10/09/2025,2,88.3,Moderate,50.4,79.2,16.4,4.1,1.68,26.1,33.2,57.8,,67,20,153,1,243,0,,
2569,12/01/2024,3,151.1,Unhealthy,91.5,165.7,43.6,13.8,2.16,44.5,21.3,24.8,0.7,57,16,129,1,208,1,,
581,03/08/2024,1,71.5,Moderate,45.8,86.7,13.8,6.5,1.1,36.4,29.8,71,8,126,39,292,,,0,,
480,24/04/2024,1,235.2,Very Unhealthy,144.1,260.9,43.3,15.9,5.47,46.8,27.9,56.9,3.5,223,69,502,4,801,1,,
2764,25/07/2024,3,42.9,Good ,20.5,33.1,10.1,1.3,0.3,15.9,31.1,79.2,7.1,26,8,62,1,95,0,,
815,25/03/2025,1,237.3,very unhealthy,148,233.9,62.8,20.1,3.12,61.6,23.2,48.7,10.8,255,78,571,5,913,1,,
118,28/04/2023,1,163,Unhealthy,105,196.6,29.1,9.7,3.5,68.2,29.4,59.8,6.9,191,58,434,4,692,1,,
922,10/07/2025,1,92.4,Moderate,55.1,101.2,15.5,8.6,1.21,44,32.2,88.5,19.5,131,40,302,3,481,0,,
659,20/10/2024,1,235.2,Very Unhealthy,150.4,271.6,45.7,17.4,4.79,46.5,22.2,50.7,10.9,230,70,516,4,822,1,,
2865,03/11/2024,3,91.8,Moderate,61.7,97.1,20.8,7.6,2.53,57.8,17.9,39.7,4.9,44,14,101,1,163,0,,
515,29/05/2024,1,131.9,Unhealthy for Sensitive Groups,84.4,136.4,26.3,6.7,2.69,48.2,30.1,67.5,11.4,148,45,328,3,532,0,,
653,14/10/2024,1,237.5,Very Unhealthy,147.9,236.4,42.7,25.3,4.17,46,21.1,50.6,8,204,63,464,4,736,1,,
2634,17/03/2024,3,92.1,Moderate,58.9,111.5,25,7.3,1.83,49.6,21.7,57.9,13.3,48,14,110,1,166,0,,
1423,23/11/2023,2,164.4,Unhealthy,107.5,198.8,46.7,13.6,2.98,50.6,23.1,43.7,14,105,32,241,2,380,1,,
3937,10/10/2024,4,90.4,Moderate,,108.2,24.5,9.7,2.09,57.3,23.7,71.2,6.8,38,13,82,1,,0,,
3054,11/05/2025,3,60.6,Moderate,35.9,67.7,16.3,2.3,0.46,27,29,67.5,12,27,9,71,1,115,0,,
3396,18/04/2023,4,91.4,Moderate,53.7,98.8,12.9,6.4,1.7,62.3,29,56.3,11.1,42,13,97,1,151,0,,
371,06/01/2024,1,298.1,Very Unhealthy,189.3,312.1,80.9,22.3,7.49,58.6,14.3,28.9,13.6,286,88,642,6,1026,1,,
1062,27/11/2025,1,335,Hazardous,211.9,322.9,72.4,33.9,7.47,85.4,17,34.1,11.8,300,93,675,6,1083,1,,
31,31/01/2023,1,333.1,Hazardous,215.5,394.2,50.1,20.4,6.34,60.7,20.1,36.8,11.5,303,93,680,6,1090,1,,
3357,10/03/2023,4,161.2,Unhealthy,105.2,185.5,35.4,17.8,2.26,49.1,24.1,43.1,13.9,52,16,119,1,183,1,,
1079,14/12/2025,1,298.4,Very Unhealthy,,356.9,48,31.1,7,86.7,18.4,27.7,11.5,328,103,736,7,1180,1,,
1108,12/01/2023,2,195.6,Unhealthy,122,210.2,35.4,20.2,4.06,46.3,20.3,35,10.5,133,41,296,3,476,1,,
329,25/11/2023,1,218.3,Very Unhealthy,145,262.3,31.3,14.4,4.38,55.7,18.5,,12.1,287,88,643,6,1028,1,,
2748,09/07/2024,3,28.3,Good,20.5,33.7,4,4.8,0.45,23.5,31.4,68.2,8.1,23,7,50,,89,0,,
445,20/03/2024,1,238.8,Very Unhealthy,148.5,269.8,48.7,15.6,5.09,66.7,23.5,42.3,8.7,269,83,605,5,966,1,,
1544,23/03/2024,2,145.3,Unhealthy for Sensitive Groups,101.4,158.1,26.9,11.9,2.71,67.8,23.8,56.4,9.1,112,35,258,2,412,0,,
2342,30/05/2023,3,44,Good,31.6,51.7,14.6,5.1,1.1,53.9,26.8,76.9,10.7,31,10,70,,118,0,,
1115,19/01/2023,2,222.8,Very Unhealthy,133,219.4,44,11.7,3.79,45.8,17.6,,8.4,159,48,357,3,570,1,,
1345,06/09/2023,2,81,Moderate,46.5,80.3,22,4.5,1.04,44.5,31.7,66.8,5.2,66,20,148,1,246,0,,
2471,06/10/2023,3,67.1,Moderate,41.6,66.9,5.2,7.7,1.17,67.6,23.5,,5.2,38,10,82,1,136,0,,
3262,05/12/2025,3,84.2,Moderate,56.9,103.6,11.7,8.7,1.81,41.6,16.7,34.1,,47,14,108,1,174,0,,
2717,08/06/2024,3,41.2,Good,30.5,49.2,7.2,4.2,0.85,46.2,30.9,76.5,12.2,30,9,73,1,111,0,,
451,26/03/2024,1,236.2,Very Unhealthy,145.5,241.6,57.6,20.8,5.85,71.4,22.1,57.7,10.3,245,76,549,5,886,1,,
774,12/02/2025,1,343.3,Hazardous,219.8,368.8,81.6,21.3,6.04,91.2,17.2,24.8,16,368,114,826,7,1321,1,,
3752,08/04/2024,4,125.6,Unhealthy for Sensitive Groups,73.9,137.2,29,14.7,2.39,67.4,24.5,50.3,11.2,44,14,109,1,167,0,,
2175,14/12/2025,2,166.4,Unhealthy,109.9,176.7,39.8,12.9,3.38,58.3,18.4,36.5,8.4,123,38,275,2,441,1,,
96,06/04/2023,1,169.8,Unhealthy,110.1,186.1,34.3,18.9,2.89,37.9,25.5,60.4,10.3,217,67,489,4,779,1,,
3210,14/10/2025,3,63.8,Moderate,39.1,73,12.2,4.7,1.21,46,21.4,55.7,11.9,39,12,92,1,140,0,,
3204,08/10/2025,3,68.2,Moderate,45,73.1,21.1,6.7,1.1,45.3,21,67.1,7.2,41,12,92,1,138,0,,
3711,27/02/2024,4,162.9,Unhealthy,99.5,179.6,23.7,16.8,3.35,66,20.7,45.1,12.5,55,16,123,1,197,1,,
1359,20/09/2023,2,101.1,Unhealthy for Sensitive Groups,64.4,99.2,22.7,6.3,2.05,53.6,32.2,56.7,7.3,69,21,163,1,252,0,,
4101,23/03/2025,4,141.9,Unhealthy for Sensitive Groups,,139,41,11.3,2.71,49.6,26.2,61.3,12.6,52,16,119,1,192,0,,
3804,30/05/2024,4,44.1,Good,33.3,50.1,13.1,4.7,1.05,19.6,33.7,72.8,6.4,28,7,59,0,96,0,,
290,17/10/2023,1,186.3,Unhealthy,120.9,204.8,38.5,17.5,2.65,60.5,22.2,48.5,5.4,212,64,473,4,756,1,,
2991,09/03/2025,3,86.1,Moderate,58.3,93.4,20.2,5.7,1.55,42.6,20.7,42.2,9.7,46,14,105,,164,0,,
3004,22/03/2025,3,100.8,Unhealthy for Sensitive Groups,63.3,115.2,24.8,8.2,2.16,25.6,25.9,49.7,6.7,49,15,110,1,181,0,,
4055,05/02/2025,4,167.4,Unhealthy,102.9,173.2,29.1,9.8,3.68,28.8,17.8,29.8,9.2,53,16,125,1,191,1,,
29,29/01/2023,1,281.5,Very Unhealthy,185.4,280.6,76.7,27.7,4.08,74.1,16.6,33.2,18.1,284,87,643,5,1022,1,,
2078,08/09/2025,2,83,Moderate,49.3,79.6,16.9,3.9,1.19,37.9,29.3,67.7,8.1,71,23,163,1,262,0,,
428,03/03/2024,1,313.8,Hazardous,198.9,367.3,82.5,26.2,6.33,70,18.8,29.5,11.4,261,80,589,5,930,1,,
1783,17/11/2024,2,150.9,Unhealthy,94.7,167.9,27,13.2,1.98,46.8,19.6,33.1,12.6,113,34,256,2,405,1,,
3092,18/06/2025,3,27.7,Good,24.9,38.5,6.8,5.9,0.45,52.4,30.5,74.6,15.1,23,8,57,0,91,0,,
3045,02/05/2025,3,65,Moderate,41.8,64.1,13.1,5.7,1.34,55.5,29.1,66.8,7.9,36,11,83,1,139,0,,
2157,26/11/2025,2,164.7,Unhealthy,103.1,174.4,31.2,18.9,3.17,55.8,21.4,34.6,8.8,108,33,241,2,387,1,,
3920,23/09/2024,4,74.1,Moderate,47.5,85.4,16.3,5,1.53,39.4,28.1,75,13.2,34,10,77,1,123,0,,
1796,30/11/2024,2,154.1,Unhealthy,102.3,170.4,25.8,17.7,4.15,40.8,25.4,28.2,13.3,132,41,296,3,475,1,,
962,19/08/2025,1,117.9,Unhealthy for Sensitive Groups,72.9,115.6,25.8,6.8,2.48,46.4,31.5,81.5,14,133,40,303,3,481,0,,
137,17/05/2023,1,135.3,Unhealthy for Sensitive Groups,88,149.6,31.7,17.2,1.98,44.8,30,70.9,6.2,156,48,359,3,571,0,,
2758,19/07/2024,3,16.3,Good,22.2,37.9,6.7,3.3,0.43,57.9,32.6,73.6,17,27,7,59,1,96,0,,
2721,12/06/2024,3,41.4,Good,25.2,39.4,0.4,3.1,0.37,40.7,31.6,67,10.5,29,9,62,1,100,0,,
3621,29/11/2023,4,104.2,Unhealthy for Sensitive Groups,70.8,125.5,24.2,6,2.84,59.4,20.5,31.4,6.2,58,18,127,1,205,0,,
1679,05/08/2024,2,54.2,Moderate,34,53.6,12.9,4.4,1.19,28.1,34.3,76.4,8.8,54,17,124,1,197,0,,
4223,23/07/2025,4,54.6,Moderate,30.8,48.1,13,5,0.82,46.6,35,80.6,13.3,25,8,52,0,87,0,,
3528,28/08/2023,4,77.6,Moderate,49.6,80.2,16.8,5.4,1.55,51,28.9,73.8,9.9,31,9,69,1,106,0,,
649,10/10/2024,1,206.4,Very Unhealthy,123.8,194.2,33,18.4,4.76,59.3,25.8,53.9,7.1,203,62,454,4,730,1,,
1210,24/04/2023,2,119.1,Unhealthy for Sensitive Groups,81.5,151.4,20.2,9.4,3.08,48.8,37.1,60.6,7.9,85,26,197,2,308,0,,
925,13/07/2025,1,109.1,Unhealthy for Sensitive Groups,59,111.6,20.8,7.9,1.59,45.8,34.3,78.4,5.9,110,34,252,2,404,0,,
2574,17/01/2024,3,115.3,Unhealthy for Sensitive Groups,72.6,132.8,23.6,7.3,2.22,60.4,15.1,21.4,15.4,54,16,130,1,203,0,,
2222,30/01/2023,3,133.2,Unhealthy for Sensitive Groups,90.1,148.6,30,13.7,1.56,36.4,16.9,27.2,11.8,55,18,125,1,203,0,,
533,16/06/2024,1,96.4,Moderate,62.4,116.4,18.1,6.5,1.2,38,32.2,77.9,10.5,144,44,327,3,527,0,,
2918,26/12/2024,3,98.7,Moderate,58.8,98.6,16.3,7.7,1.23,50.7,16.9,29.7,15,57,17,121,1,208,0,,
3130,26/07/2025,3,34.9,Good,21.2,32.7,7,0.9,0.61,29.8,31,83.2,14.3,24,8,62,0,95,0,,
1869,11/02/2025,2,141.8,Unhealthy for Sensitive Groups,95.3,162.4,32.8,8.4,2.25,80,23.7,35.9,,134,41,300,3,483,0,,
986,12/09/2025,1,163.5,Unhealthy,99.4,150.7,33.7,16.2,2.64,43.1,29.2,61.8,2,166,51,380,3,602,1,,
604,26/08/2024,1,118.4,Unhealthy for Sensitive Groups,69.4,124.9,25.4,5.8,2.59,53.6,30.2,73.5,,141,44,323,,513,0,,
540,23/06/2024,1,83,Moderate,56.9,99.4,20.9,4.7,1.96,47.1,29.6,76.1,12.2,119,36,271,,433,0,,
1586,04/05/2024,2,106.7,Unhealthy for Sensitive Groups,71.1,131.8,25.8,9.1,2.25,29.7,35.3,62.8,8.7,84,26,187,2,304,0,,
4071,21/02/2025,4,117,Unhealthy for Sensitive Groups,85.8,142.2,36.6,10.5,2.36,66.4,22.6,28.3,6,46,15,104,1,169,0,,
2558,01/01/2024,3,109.9,Unhealthy for Sensitive Groups,73.6,134.9,28.6,12.1,1.73,40,14,30.7,14.9,49,15,111,1,176,0,,
2627,10/03/2024,3,91.2,Moderate,59.4,112.2,24.7,4.3,0.98,66.5,19,41.7,,46,14,104,1,170,0,,
4351,28/11/2025,4,156.9,Unhealthy,91.1,144.4,36.7,8.6,3.08,64.6,20.7,33.4,13.1,55,16,121,1,189,1,,
861,10/05/2025,1,142.8,Unhealthy for Sensitive Groups,93,152.1,37.2,7.1,3.7,56.3,29.7,65.7,15.6,194,60,437,4,699,0,,
35,04/02/2023,1,286.3,Very Unhealthy,,342.3,66.2,25.8,4.5,68,17,32.9,5.4,281,87,628,5,1014,1,,
1598,16/05/2024,2,72.3,Moderate,59.4,100.5,21.8,9.8,1.49,34.8,36.8,64.5,11.8,80,24,178,2,281,0,,
3321,02/02/2023,4,129.6,Unhealthy for Sensitive Groups,79.1,135.4,26.6,14.3,2.4,60.3,22.8,31.7,9.7,56,16,124,1,200,0,,
3770,26/04/2024,4,103,Unhealthy for Sensitive Groups,62.2,114.4,23.4,12.7,1.61,42.1,31.1,67.1,14.1,37,12,88,1,146,0,,
2205,13/01/2023,3,134.3,Unhealthy for Sensitive Groups,,128.9,37.8,10.3,2.02,55.3,12.6,33.2,7.4,57,18,133,1,213,0,,
1749,14/10/2024,2,142.7,Unhealthy for Sensitive Groups,80.5,145.8,26.4,8.3,2.18,24.9,26,61.6,11.5,81,25,179,2,291,0,,
1877,19/02/2025,2,163.3,Unhealthy,100.7,189.6,24.8,15,2.3,64,22.9,30.9,13,123,38,282,2,443,1,,
738,07/01/2025,1,349.9,Hazardous,216.2,396.3,75.1,15.4,4.87,65.1,18.3,25,1.2,333,102,745,7,1192,1,,
1728,23/09/2024,2,108.9,Unhealthy For Sensitive Groups ,68.9,108.7,10.8,6.9,1.96,50,24,51.3,7.8,72,23,166,1,269,0,,
263,20/09/2023,1,144.8,unhealthy for sensitive groups,94,172.4,38.4,10.3,3.14,50.1,23.5,58.8,2.5,144,43,319,3,522,0,,
128,08/05/2023,1,141.5,Unhealthy for Sensitive Groups,83.1,157.7,34,14.5,2.37,42.8,29.5,68.9,4.9,188,57,426,4,674,0,,
2996,14/03/2025,3,100.6,Unhealthy for Sensitive Groups,61.1,110.1,20.6,3.7,1.37,42.3,22.1,29.6,12.3,50,15,115,1,182,0,,
3693,09/02/2024,4,167.8,Unhealthy,99.7,157.7,45.8,16.5,3.57,73.7,19.4,41.1,18.5,52,17,120,,193,1,,
1145,18/02/2023,2,194.9,Unhealthy,,199,46.1,19.5,3.24,61.3,23.8,41.3,9,126,39,285,2,458,1,,
2435,31/08/2023,3,50.3,Moderate,31.1,58.8,8.2,5,1.21,35.1,28.2,80.8,14.4,32,9,71,1,115,0,,
2636,19/03/2024,3,80.4,Moderate,50.1,85.2,9.6,6.9,1.78,21.5,25,,3.2,48,14,114,1,179,0,,
3995,07/12/2024,4,162.3,Unhealthy,100.3,179.9,42,12.9,2.23,57.2,18.7,32.2,13.7,55,18,133,1,208,1,,
933,21/07/2025,1,102,Unhealthy for Sensitive Groups,67.2,112.1,27.6,9.7,1.05,52.4,31.8,78.5,12,119,36,275,2,436,0,,
1484,23/01/2024,2,221.7,Very Unhealthy,133.8,206.9,38.1,24.4,3.74,26.5,17.2,44.3,8.2,124,39,288,2,451,1,,
1458,28/12/2023,2,155.2,Unhealthy,98.8,165.6,33.9,7.6,3.38,49.6,21.7,25,4.5,135,42,306,3,492,1,,
2857,26/10/2024,3,69,Moderate,49,84.3,16.2,5.4,1.78,28.2,22.6,47.4,12.2,44,13,101,1,156,0,,
771,09/02/2025,1,358.3,Hazardous,228.9,421.1,105,20.4,7.32,55.9,22.9,29.2,9.6,304,94,681,6,1093,1,,
2669,21/04/2024,3,75.9,Moderate,41.6,76.6,17.2,4.4,0.94,65,29.7,60,11.3,106,33,232,2,380,0,,
2503,07/11/2023,3,97.3,Moderate,65.9,120.1,18.9,8.7,2.68,54,22,57.2,6.8,46,13,103,1,167,0,,
3624,02/12/2023,4,187,Unhealthy,107.9,180.8,40.8,14.9,3.99,61.5,21.8,33.5,2.5,42,13,97,1,156,1,,
636,27/09/2024,1,160.8,Unhealthy,103.2,157.9,28.9,13.9,3.03,61.3,28.7,63.3,11.2,175,54,394,3,634,1,,
122,02/05/2023,1,162.7,Unhealthy,102.3,178.8,27,13.8,3.65,62.1,26.3,56.6,10,210,63,468,4,749,1,,
3917,20/09/2024,4,88.1,Moderate,51.6,78.5,23.7,4.4,1.73,48.8,29.2,62.5,12.5,38,12,87,1,133,0,,
980,06/09/2025,1,159.2,Unhealthy,91.2,156.2,25.1,15.9,2.12,44.6,30.4,75.6,11.9,167,51,379,,608,1,,
3474,05/07/2023,4,61.8,Moderate,35.6,58.7,8.4,4,1.32,28.1,32.6,80.6,16.9,21,7,49,0,79,0,,
1683,09/08/2024,2,70.1,Moderate,39.7,66.7,12.8,3.8,1.72,53.5,32.4,71.5,13.3,53,17,128,1,200,0,,
3972,14/11/2024,4,122.8,Unhealthy for Sensitive Groups,77.9,127.4,27.1,7.3,2.17,31.8,20.4,39,11.7,49,15,109,1,182,0,,
1190,04/04/2023,2,161.8,Unhealthy,92.3,157.2,40.5,11.7,2.14,64.3,29.5,52.1,1.4,100,30,225,2,364,1,,
1731,26/09/2024,2,116.5,Unhealthy for Sensitive Groups,68.5,107,17.9,9.1,2.38,34,27.4,60.4,4.6,82,26,189,2,300,0,,
4156,17/05/2025,4,68.2,Moderate,44.9,80.4,10.3,7.3,1.65,54.6,30.7,78.5,14.4,30,9,70,1,112,0,,
112,22/04/2023,1,177.7,Unhealthy,113.9,173.4,27,8.2,3.47,36.1,27.8,54.8,17.9,215,65,481,4,767,1,,
4278,16/09/2025,4,81.3,Moderate,50,79.5,16.8,7.2,1.36,41.5,30.9,57.4,6.9,32,10,77,1,122,0,,
787,25/02/2025,1,305.5,Hazardous,,323.4,58.6,23.2,5.65,86.9,21.1,35.9,12.9,330,102,747,7,1186,1,,
639,30/09/2024,1,195.4,Unhealthy,116.1,201.2,38.7,13.9,3.63,46.2,26.1,59.8,4.5,182,57,408,3,663,1,,
1980,02/06/2025,2,88.5,Moderate,49.3,75.6,14.7,5.1,1.86,44.9,33.2,82.3,14.1,64,19,142,1,223,0,,
1470,09/01/2024,2,185.6,Unhealthy,118.9,179.4,26.7,8.7,3.18,52.8,16.5,31.5,12.1,120,37,266,2,427,1,,
951,08/08/2025,1,83.2,Moderate,54.2,96,8.7,8.9,1.18,67.7,30.8,84,11.4,98,30,224,2,350,0,,
730,30/12/2024,1,286.7,Very Unhealthy,175.9,333.7,45.3,20,5.61,85.4,17.2,25.8,12.1,328,102,735,7,1180,1,,
1219,03/05/2023,2,121.4,Unhealthy for Sensitive Groups,74.2,136.7,28.7,6.5,2.15,51.8,34.4,66,11,76,23,176,2,278,0,,
1117,21/01/2023,2,193.4,Unhealthy,116.8,184.4,41.9,18.2,3.82,61.5,18.6,31.2,12.5,120,36,268,2,431,1,,
2315,03/05/2023,3,81.5,MODERATE,46.8,74.1,11.6,4.8,1.64,68,28.1,66.9,11.9,43,12,91,1,141,0,,
2686,08/05/2024,3,64.7,Moderate,35.2,64.5,15.5,4,0.93,68.1,29.4,65.8,10.3,40,11,92,1,136,0,,
2719,10/06/2024,3,57.5,Moderate,31.6,59.2,7,5.1,0.78,25.2,35.2,73.5,9.8,27,8,61,1,97,0,,
877,26/05/2025,1,144.5,Unhealthy for Sensitive Groups,86.2,134.5,33.7,5.8,2.96,55.8,28.4,63.1,9.5,161,49,371,3,582,0,,
3604,12/11/2023,4,135.4,Unhealthy for Sensitive Groups,78.8,144.6,24.3,9.8,3.18,69.1,23.5,57.2,5.8,46,15,106,1,179,0,,
2929,06/01/2025,3,83.3,Moderate,55.9,92.2,21.2,8.1,2.23,32.9,13.5,26.3,4.1,56,16,126,1,207,0,,
1499,07/02/2024,2,212.5,Very Unhealthy,132.7,224.9,46.7,13.3,4.71,37.7,22.6,27.8,13.7,114,35,263,2,420,1,,
597,19/08/2024,1,98.5,Moderate,65.3,98.8,34.7,5.7,2.87,59.7,25.9,74.5,4.9,111,33,257,2,415,0,,
548,01/07/2024,1,91.3,Moderate,52.9,90.5,12.5,5.2,1.45,30.2,33.2,78.5,,117,35,263,2,422,0,,
102,12/04/2023,1,212.6,Very Unhealthy,138.1,244.7,49.9,18.8,3.7,56.1,28.9,52.4,10.3,223,69,497,4,,1,,
427,02/03/2024,1,303.1,Hazardous,184.2,323.7,56.9,24.4,4.29,69,19.9,38.2,9.4,247,76,560,5,890,1,,
133,13/05/2023,1,161.7,Unhealthy,94.9,164.3,38.7,6.5,3.47,73.5,31.9,63.8,5.1,152,47,348,3,559,1,,
565,18/07/2024,1,88.1,Moderate,,97.6,23.7,8.3,2.24,53.8,35,81.7,9.1,117,34,269,2,426,0,,
406,10/02/2024,1,283,Very Unhealthy,179.4,322.7,70,29.2,6.47,61.7,22.5,37,9.3,327,101,735,,1174,1,,
2658,10/04/2024,3,217.8,Very Unhealthy,125.8,225.3,35.5,21.7,3.42,22.9,25.8,60.4,7.5,41,12,95,1,,1,,
695,25/11/2024,1,254.2,Very Unhealthy,160.2,273.3,44.3,22.1,6.11,65.7,19.4,37.8,10.8,278,86,622,5,996,1,,
992,18/09/2025,1,186.8,Unhealthy,115,181.3,36.1,20.1,3.7,37.1,26.7,63.2,11.9,169,51,380,3,613,1,,
2226,03/02/2023,3,117.1,Unhealthy for Sensitive Groups,71.4,131.4,19.9,7.5,2.1,48.7,20,36.4,10.6,56,17,125,1,203,0,,
1507,15/02/2024,2,215,Very Unhealthy,135.4,249,39.3,13.6,3.98,73.9,20.7,38.7,16.1,124,39,284,2,458,1,,
2029,21/07/2025,2,62.2,Moderate,36.6,56,12,4.7,1.44,47.2,33.4,79.6,8.4,45,14,101,1,165,0,,
749,18/01/2025,1,301,Hazardous,193.5,329.3,71.6,35.8,6.24,67.4,17.6,25.2,8.8,353,109,798,7,1270,1,,
1927,10/04/2025,2,130.2,Unhealthy for Sensitive Groups,,157.9,28.6,16.9,1.76,49.7,28.2,51.8,9.8,92,29,207,2,333,0,,
2120,20/10/2025,2,121.2,Unhealthy for Sensitive Groups,73.4,131.8,30.9,12,2.78,45.6,27.5,56,6.6,98,29,222,,347,0,,
1180,25/03/2023,2,151.1,Unhealthy,88.8,154.7,30.9,13.9,2.32,57.6,26.3,47.9,12.9,104,31,237,2,371,1,,
3970,12/11/2024,4,113.5,Unhealthy for Sensitive Groups,,134.1,19.9,8,1.53,46.7,20,39.8,14.2,51,14,118,1,186,0,,
1821,25/12/2024,2,207.2,Very Unhealthy,125.4,199.6,50.6,14,4.58,80.7,21.5,26.5,15,131,41,303,3,478,1,,
669,30/10/2024,1,211.5,Very Unhealthy,138.6,241.7,60.9,21.8,2.89,59,23.7,43.4,4,204,61,462,4,735,1,,
4245,14/08/2025,4,52.2,Moderate,31.3,58.1,12.8,0.8,1.25,36.6,32.1,79.5,14.2,27,8,62,1,92,0,,
4006,18/12/2024,4,149.9,Unhealthy for Sensitive Groups,97.6,182.9,36.1,16,2.47,51,18.7,38.6,14.8,58,18,135,1,210,0,,
3088,14/06/2025,3,38.1,Good,26.2,48.2,6.1,1.6,0.68,26.1,30,76,14.6,26,8,59,1,101,0,,
2506,10/11/2023,3,101.9,Unhealthy for Sensitive Groups,59.5,99,24.6,8.3,1.49,39.8,19.9,43.9,6.5,51,16,113,1,182,0,,
1171,16/03/2023,2,142,Unhealthy for Sensitive Groups,96,162.9,38.1,9.8,3.67,60.9,24,47.8,11.5,97,29,212,2,342,0,,
3685,01/02/2024,4,182,Unhealthy,103,185.9,37.5,9.9,3.67,54.4,19.6,30.7,12.2,62,19,144,1,229,1,,
1326,18/08/2023,2,80.4,Moderate,47.4,88.5,17.2,4.3,1.1,36.9,37,75.8,3.5,65,19,145,1,227,0,,
1253,06/06/2023,2,61.6,Moderate,41.4,63.1,18.9,6.2,1.36,18.4,36.8,67.1,13.8,63,19,140,1,228,0,,
3325,06/02/2023,4,150.1,Unhealthy,95.8,160,43,6.3,2.82,39.5,18.8,32,9.4,56,17,123,1,198,1,,
2313,01/05/2023,3,61.1,Moderate,41.6,71.5,18.1,5.6,1.17,25.9,28.1,66.1,14.3,41,11,93,1,138,0,,
1083,18/12/2025,1,342.7,Hazardous,211,394.3,86.8,33.9,3.82,29.2,16.8,36.4,8.6,369,114,830,7,1322,1,,
415,19/02/2024,1,278.6,Very Unhealthy,174.2,278,64.8,30.1,4.36,44.1,17.8,32.2,6.9,234,73,525,5,850,1,,
588,10/08/2024,1,86.3,Moderate,58.2,106.6,25.3,8.5,1.66,21.2,32.1,81.3,15.5,131,39,292,2,455,0,,
1284,07/07/2023,2,51,Moderate,34.6,62.1,14.2,2.8,1.09,54.1,35.9,87.6,9.5,51,15,114,1,187,0,,
2133,02/11/2025,2,138.5,Unhealthy for Sensitive Groups,84.8,160.5,28.1,7,2.02,63.1,21.2,47.5,10.5,95,28,208,2,343,0,,
2184,23/12/2025,2,146.8,Unhealthy for Sensitive Groups,93.9,166.4,23,13.4,3.52,65.4,23.8,33.9,8.3,144,43,324,3,509,0,,
456,31/03/2024,1,241.8,Very Unhealthy,144.2,248.4,50.6,13.7,4.24,46.8,24.6,51.7,13.4,287,88,647,6,1022,1,,
420,24/02/2024,1,313.4,Hazardous,199.7,334.6,81.9,20.2,6.94,59.6,24.4,44.6,11.3,322,99,723,6,1158,1,,
1091,26/12/2025,1,302,Hazardous,194.3,323.8,50.5,29.5,4.13,44.3,14.3,32,2.3,286,87,641,6,,1,,
3389,11/04/2023,4,124.9,Unhealthy for Sensitive Groups,79,139.8,24,9.6,2.99,43.2,27.6,63.5,8.5,43,14,103,1,163,0,,
449,24/03/2024,1,265.5,Very Unhealthy,166.2,308.5,54.9,23.3,6.27,59.9,29.1,37.9,8.1,224,68,501,4,797,1,,
3305,17/01/2023,4,186.4,Unhealthy,124.2,234.6,32.9,12.1,2.62,31.3,21.4,22.8,11.9,53,16,122,1,190,1,,
728,28/12/2024,1,334.8,HAZARDOUS,212.5,341,65.4,20.5,5.36,64.3,19,27,3.4,292,91,660,6,1047,1,,
432,07/03/2024,1,276.7,Very Unhealthy,174.2,324.5,49.3,20.7,5.55,69.8,22.9,39.2,8.7,247,75,555,5,881,1,,
3297,09/01/2023,4,173.1,Unhealthy,102.7,182.8,31.6,11.2,2.54,47.4,18.3,20.3,5,44,13,105,,164,1,,
2142,11/11/2025,2,144,Unhealthy for Sensitive Groups,88,133.2,32.9,12,2.86,75.5,24.3,34.7,11.1,107,33,241,2,388,0,,
2463,28/09/2023,3,73.1,Moderate,42.4,64.5,18.2,7.1,1.48,33.8,25.8,62.3,12.8,36,10,79,1,126,0,,
1936,19/04/2025,2,129,Unhealthy for Sensitive Groups,79.7,146.1,33.7,13.7,1.97,62.9,33.1,53.6,9.6,84,25,190,2,297,0,,
2552,26/12/2023,3,117.3,Unhealthy for Sensitive Groups,76.1,131.8,25,15,2.03,54.9,16.6,31.8,13,53,17,123,1,195,0,,
2396,23/07/2023,3,45.5,Good,19.8,32.9,4.9,4.4,0.13,30.1,32.2,84.8,9,25,8,64,0,104,0,,
3812,07/06/2024,4,56.7, Moderate,40.1,67.6,14.1,7,0.65,31.5,33.9,71.8,8.8,27,8,60,0,103,0,,
4284,22/09/2025,4,85,Moderate,53.7,91.7,13,2.6,1.33,44.9,31,60.8,18.8,36,10,82,1,126,0,,
904,22/06/2025,1,130.3,Unhealthy for Sensitive Groups,76.6,139,31.8,15.8,1.54,54.5,31.3,,5.9,133,41,305,3,490,0,,
197,16/07/2023,1,100,Unhealthy for Sensitive Groups,57.1,91.8,23.4,4.9,1.86,32.1,30.7,76.7,12.1,122,37,273,2,439,0,,
3381,03/04/2023,4,111.5,Unhealthy for Sensitive Groups,74.4,140.8,23,8.1,2.72,61.6,31,43.6,15.9,50,15,110,1,178,0,,
4083,05/03/2025,4,148.6,Unhealthy for Sensitive Groups,90.6,139.3,32.8,15.1,2.65,45.5,23.7,42.6,5.7,47,14,112,1,170,0,,
1344,05/09/2023,2,83.3,Moderate,49.8,78,22.2,8.3,1.52,23.8,32.5,69,12.3,68,20,153,1,244,0,,
2392,19/07/2023,3,25.3,Good,25,46.9,9.3,2.1,0.79,33.3,34.1,73.5,14.6,25,7,57,0,94,0,,
1120,24/01/2023,2,159.5,Unhealthy,105.7,192.3,29.9,13.4,2.41,61.7,23.9,38,7.1,127,39,288,3,455,1,,
677,07/11/2024,1,301.8,Hazardous,192.7,320.6,64.8,27.2,4.52,55.2,21.3,41.6,17,227,69,509,4,809,1,,
1850,23/01/2025,2,203.5,Very Unhealthy,138.3,226.1,38.8,22.6,3.52,70.8,26.1,38,11.8,145,45,328,3,516,1,,
3487,18/07/2023,4,39,Good,25.9,45.2,2.6,3.1,0.86,40.6,32.8,81.2,4,29,8,62,0,92,0,,
3679,26/01/2024,4,180.3,Unhealthy,110.3,201.6,49.3,18,2.58,61.3,20.9,,9.9,62,19,148,1,230,1,,
2475,10/10/2023,3,57.1,moderate,38.2,59.3,16.9,7.4,1.18,18.7,24.5,49.6,11.3,39,12,90,1,143,0,,
3453,14/06/2023,4,68.7,Moderate,38.4,62.2,13.2,7.9,1.42,66.5,36.4,72.4,14.1,29,9,64,1,99,0,,
1051,16/11/2025,1,238.2,Very Unhealthy,,278.7,45.8,18.3,4.44,89.9,17.3,35.6,7.7,295,91,665,6,1056,1,,
1277,30/06/2023,2,49.9, Good,31.7,57.3,14.5,5.7,0.68,61.2,33.3,74.7,11.8,58,16,125,,211,0,,
1105,09/01/2023,2,191.5,Unhealthy,123,209.5,51.7,20.8,2.88,30.6,18.2,32.3,11.4,148,45,331,3,533,1,,
341,07/12/2023,1,209.3,Very Unhealthy,134.4,207.3,51.8,21.3,4.95,58.1,18.8,35,9.1,295,90,659,6,1051,1,,
2585,28/01/2024,3,94, Moderate,64.3,97.6,22.9,10.8,1.46,42.7,17.1,28.1,16.1,61,19,140,1,226,0,,
758,27/01/2025,1,360.8,Hazardous,216.9,364,69,20.9,7.67,56.6,15.7,31.6,15.4,379,117,853,7,1358,1,,
2787,17/08/2024,3,27.7,Good,22.4,34.5,10.3,0.4,0.4,52.4,27.6,60.9,6.2,27,8,61,0,97,0,,
2912,20/12/2024,3,108.7,Unhealthy for Sensitive Groups,66.4,122.7,18.3,10.2,1.69,45.7,17.2,29.8,11.1,51,16,119,1,193,0,,
2100,30/09/2025,2,107.3,Unhealthy for Sensitive Groups,68.5,105.4,29.3,6.1,2.49,73.1,28.3,59.5,11.9,92,28,207,2,336,0,,
637,28/09/2024,1,169.7,Unhealthy,105.4,163.7,38.8,8.2,2.8,54.9,26.5,64.3,6.1,153,47,353,3,,1,,
1648,05/07/2024,2,77.8,Moderate,39.5,66,17.2,5.2,0.62,19.3,35.3,87.8,10.3,48,15,116,1,185,0,,
431,06/03/2024,1,233.2,Very Unhealthy,149.7,277.9,42.4,21.7,2.88,62,24.7,38.6,,326,99,727,6,1161,1,,
3556,25/09/2023,4,82, Moderate,49,86.2,16.3,6.1,1.48,36.4,30.3,61.9,0.5,35,11,82,1,132,0,,
796,06/03/2025,1,288.9,Very unhealthy ,175.3,312.8,63.7,21.5,4.13,55.5,22,38.7,12.5,311,95,695,6,1112,1,,
4200,30/06/2025,4,66.4,Moderate,34.9,56.1,10.4,3.2,1.15,46.6,32.6,81.7,13.4,27,8,59,0,98,0,,
3364,17/03/2023,4,164.3,Unhealthy,95.1,162.2,31.7,7.8,3.2,61.9,27.8,48.5,16.4,47,15,111,1,176,1,,
3500,31/07/2023,4,44.5,Good,31.7,49.6,8.8,4.7,1.38,40.8,34.4,72.1,9.2,25,7,58,0,93,0,,
1196,10/04/2023,2,136.4,Unhealthy for Sensitive Groups,80.2,148.4,20.8,5.7,2.13,59.1,29.7,57.4,7.1,109,33,246,2,391,0,,
268,25/09/2023,1,165,Unhealthy,100.6,166.9,36.7,14.1,3.24,25.2,29.7,58.1,10.3,174,53,400,3,633,1,,
4374,21/12/2025,4,182.7,Unhealthy,109.5,177.9,37.6,15.6,3.22,43.2,21.3,25.5,12.1,50,15,110,1,,1,,
1126,30/01/2023,2,197.1,Unhealthy,130.7,240,48.4,13.7,4.36,68.9,25.1,36.6,9.1,129,39,286,3,455,1,,
3383,05/04/2023,4,140,Unhealthy for Sensitive Groups,83.4,148.8,28.2,8.9,1.9,42.7,29.1,48.1,,44,14,99,1,156,0,,
4270,08/09/2025,4,79.7,Moderate,45.4,80.7,20,6.4,1.81,38.3,31,72,5.7,32,9,69,1,108,0,,
4338,15/11/2025,4,133.1,Unhealthy for Sensitive Groups,86,133,16.7,11.9,2.05,84.4,24,34,1.8,47,15,103,1,168,0,,
2161,30/11/2025,2,192.1, Unhealthy,120.1,226.7,50,14.6,4.05,53.9,18.3,37.3,9.2,101,30,229,,373,1,,
187,06/07/2023,1,86.8, Moderate,55.7,100,19.7,4.9,2.11,44.3,34.5,77,14.9,122,36,272,2,443,0,,
1321,13/08/2023,2,83,Moderate,49.3,90.7,15.1,5.5,0.84,55.4,31.6,79.9,9.2,57,17,130,1,204,0,,
3885,19/08/2024,4,57.8,Moderate,42.3,69.1,17.3,3.2,1.66,46.8,30.8,75.4,6.8,26,8,60,0,92,0,,
1439,09/12/2023,2,151.6,Unhealthy,97.2,160,30.4,8.3,4.02,64,24.1,34.2,12.9,127,40,293,3,460,1,,
280,07/10/2023,1,189.7,Unhealthy,113.5,214.6,50.8,20.9,3.69,52.1,22,53.6,11.5,176,54,399,,643,1,,
1123,27/01/2023,2,195,Unhealthy,117,188.7,38.8,14.9,3.39,70,21.1,27.6,12.2,116,36,262,2,421,1,,
620,11/09/2024,1,166.8,Unhealthy,101.5,160.5,27.9,15,3.44,38.6,28.9,62.7,3.2,166,50,378,3,605,1,,
3687,03/02/2024,4,141.1,Unhealthy for Sensitive Groups,96,157.4,39.9,6.5,3.27,71.1,18.1,26.1,12.1,53,16,120,1,197,0,,
2294,12/04/2023,3,69.7,Moderate,51.3,83.3,12.5,4.1,1.23,30.3,23.6,54.9,16.3,39,13,92,1,148,0,,
2298,16/04/2023,3,77.1,Moderate,51.5,96.2,16,5,1.71,64.9,26.6,48.2,8.7,42,13,94,1,150,0,,
513,27/05/2024,1,133.2,Unhealthy for Sensitive Groups,80.8,127.1,16.3,10.4,2.01,24.8,32.7,70.3,9.6,156,48,358,3,571,0,,
1257,10/06/2023,2,59.6,Moderate,39.1,66.6,8,5.2,1.04,31.8,36.1,85.2,3.2,57,18,135,1,203,0,,
1782,16/11/2024,2,177.7,Unhealthy,110.6,188.6,37.6,15.6,3.28,47.4,22.2,34.8,0.5,111,34,253,2,400,1,,
3367,20/03/2023,4,138.4,Unhealthy for Sensitive Groups,85.2,137.5,18.7,12.7,1.87,42.2,23.1,55.2,,53,16,122,1,195,0,,
4110,01/04/2025,4,127.5,Unhealthy for Sensitive Groups,77.4,123.8,37.5,8.8,2.42,66.8,30.5,43.1,0.5,43,13,96,1,154,0,,
1954,07/05/2025,2,102.7,Unhealthy for Sensitive Groups,64.6,118.6,21.2,8.9,1.11,41.1,31.9,59.5,12.2,64,20,150,1,241,0,,
3007,25/03/2025,3,79.6,Moderate,52.4,94.5,17.2,4.4,1.89,60.8,25.2,49.5,6.2,49,15,113,1,181,0,,
721,21/12/2024,1,303.6,Hazardous,192.3,326.8,81.8,30,7.36,66.3,19.1,30,7.1,333,103,750,7,1195,1,,
3340,21/02/2023,4,134.3,Unhealthy for Sensitive Groups,84.1,148.2,38.7,9.9,1.71,36.8,17.2,35.2,14,56,18,127,1,209,0,,
916,04/07/2025,1,119.8,Unhealthy for Sensitive Groups,68.6,118,19.6,6.3,2.18,39.8,29.5,74,9.5,129,38,291,2,466,0,,
700,30/11/2024,1,277.3,Very unhealthy ,175.6,331,68.5,29.4,5.36,88,17.8,32.3,8.9,231,70,517,5,824,1,,
1376,07/10/2023,2,109.3,Unhealthy for Sensitive Groups,64,107.7,17.6,9.4,1.46,54,27.7,53.6,4.6,72,21,160,1,255,0,,
1691,17/08/2024,2,75.3,Moderate,46,84.7,19.5,5.3,1.23,44.5,31.9,73.9,11.8,60,17,134,1,216,0,,
1600,18/05/2024,2,90,Moderate,53.6,91.5,21.1,6.2,2.24,37.4,33.7,79.3,9.4,71,21,164,1,258,0,,
457,01/04/2024,1,250.2,Very Unhealthy,156,252.4,45.5,28.2,5.52,56.7,24.4,47.6,16.2,287,89,644,6,1034,1,,
461,05/04/2024,1,218.4,Very Unhealthy,140.6,264.2,44.1,16.6,4.3,35.8,22.8,55.3,,219,67,487,4,788,1,,
2387,14/07/2023,3,34.1,Good,24,43.1,10.3,4,0.71,25.4,33,66.9,10.2,26,7,56,1,93,0,,
3022,09/04/2025,3,73.9,Moderate,45.6,77.8,22.1,5.7,2,34.9,26.4,56.9,11.2,43,13,93,1,152,0,,
3454,15/06/2023,4,63.4,Moderate,40.2,75.9,13.1,8.2,1.33,66,33.2,90.4,18.7,27,8,64,1,93,0,,
3891,25/08/2024,4,65.6,Moderate,,66.8,21.3,6.3,0.84,36.2,30.3,70.8,13.6,26,7,62,1,104,0,,
3862,27/07/2024,4,55.2,Moderate,30.3,51.1,15.2,3.6,1.16,46.7,34.8,81.4,,26,8,59,0,92,0,,
4257,26/08/2025,4,46.8,Good,34.2,53,12.9,5.8,0.86,35,30.3,73.5,4.9,29,8,67,0,103,0,,
2386,13/07/2023,3,39.5,good,25.8,39.8,11.9,2.9,1.16,31.2,33.5,97.4,13.4,22,7,50,0,77,0,,
1264,17/06/2023,2,86.5,Moderate,43.2,81.8,18,6.6,1.63,53.7,33.7,86.3,7.8,63,20,153,1,234,0,,
61,02/03/2023,1,204,Very Unhealthy,134.5,248.9,41.1,12.6,5.15,70.8,22.8,56.4,8.8,311,95,694,6,1109,1,,
4054,04/02/2025,4,147.7,Unhealthy For Sensitive Groups ,96.1,159.5,45.5,11.6,2.58,50.4,19.9,30.6,6,56,17,128,1,202,0,,
2004,26/06/2025,2,68.7,Moderate,40.4,74.2,13.2,4.6,0.98,38.7,35.5,,5.1,57,16,129,,204,0,,
4039,20/01/2025,4,137.4,Unhealthy for Sensitive Groups,90.8,169.6,34.3,14.4,3.03,46.6,18.4,31.4,16.2,63,18,141,1,221,0,,
360,26/12/2023,1,277.7,Very Unhealthy,182.8,334.3,46.8,23.9,4.41,55,15.3,32.9,15,307,95,693,6,1108,1,,
1626,13/06/2024,2,51.8,Moderate,36.4,60.6,10,5.8,0.9,61.3,33.2,88.3,10.6,66,21,152,1,237,0,,
888,06/06/2025,1,124.9,Unhealthy for Sensitive Groups,73.3,120.9,24.4,10,1.72,22.1,32,78.2,14.7,133,41,303,3,491,0,,
842,21/04/2025,1,191.8,Unhealthy,126.1,207.7,41.5,15.5,4.71,48.2,32.6,64.7,4.7,257,79,575,5,918,1,,
132,12/05/2023,1,124,Unhealthy for Sensitive Groups,77.8,146.2,18.9,10.9,2.23,44.8,31,73.8,,159,49,357,3,,0,,
2873,11/11/2024,3,80.1,Moderate,54.9,102.1,16.2,5.4,1.5,40.2,17.7,42.4,4.8,47,14,103,1,169,0,,
1290,13/07/2023,2,66.2,Moderate,41.8,70.9,21.5,7.8,1.09,35.8,36.8,,12.9,47,15,116,1,176,0,,
2576,19/01/2024,3,117.4,Unhealthy for Sensitive Groups,77.8,132.8,22.9,7.1,2.18,43.6,14.4,21.2,10.4,57,18,133,1,213,0,,
2743,04/07/2024,3,37.5,Good,19.8,36.7,10.8,2.7,0.25,42.6,33.9,84.3,9.5,24,7,55,0,84,0,,
528,11/06/2024,1,100,Moderate,69.3,104.9,31.6,9.9,1.37,35.1,30.8,73.6,10.1,148,46,339,3,539,0,,
3698,14/02/2024,4,159.3,Unhealthy,99.4,149.8,34.8,10.1,3.55,37.1,23.3,40.3,11,57,19,131,1,207,1,,
3833,28/06/2024,4,55.5,Moderate,32.1,51.1,13.1,3.6,1.36,25.4,32.2,79.2,,22,7,49,1,86,0,,
2762,23/07/2024,3,30.9,Good,19.9,36.2,9.2,1.9,0.51,37.8,33.8,80,11.7,28,8,63,1,96,0,,
2001,23/06/2025,2,61.7,Moderate,40,60.3,19.4,3,1.52,58.1,39.9,76.7,4.7,56,18,129,1,202,0,,
3382,04/04/2023,4,106.7,Unhealthy for Sensitive Groups,67.1,113.8,33.1,7.5,1.63,85.8,26.6,56.7,8.9,40,12,97,1,156,0,,
1803,07/12/2024,2,158.2,Unhealthy,107.5,195.3,43.5,15.1,2.39,51.3,19.5,29.6,5.8,127,38,282,2,450,1,,
135,15/05/2023,1,117.2,Unhealthy for Sensitive Groups,74.5,116.7,26.7,14.3,2.89,56.9,29,68.9,6.9,146,44,327,3,523,0,,
4378,25/12/2025,4,144.9,Unhealthy for Sensitive Groups,94.7,179,32.1,14.2,2.21,58.6,17.8,41.2,13.3,59,18,136,1,211,0,,
1421,21/11/2023,2,141.2,Unhealthy for Sensitive Groups,91.1,161.6,30.3,11.1,2.3,46.9,22.2,45.5,10,116,34,260,2,414,0,,
116,26/04/2023,1,162.2,Unhealthy,101.3,160.2,31.8,11.6,2.69,56.1,32.4,59.3,8.8,187,56,411,4,657,1,,
3424,16/05/2023,4,87.1,Moderate,55,86.8,9.5,5.1,1.51,45.5,36.7,73.4,10.8,34,9,75,1,122,0,,
2683,05/05/2024,3,76,Moderate,44.9,75.3,13.2,4.6,1.26,43.6,29.2,63.2,11.6,38,11,86,1,143,0,,
525,08/06/2024,1,126.5,Unhealthy for Sensitive Groups,80.3,127.7,29.5,5.2,2.92,68.4,32.7,72.4,,128,39,289,2,466,0,,
2139,08/11/2025,2,153.5,Unhealthy,95.1,159.2,39.9,8.2,3.11,58.4,24.1,38.4,10.9,108,33,242,2,385,1,,
2654,06/04/2024,3,73,Moderate,,89.9,17,7.4,1.45,61.9,25.3,64.3,11.3,43,13,101,1,160,0,,
2456,21/09/2023,3,76.1,moderate,43.9,77.6,16.2,6.9,1.22,54.2,24.8,65.5,10.6,30,9,74,1,112,0,,
3505,05/08/2023,4,39.8,Good,28.4,44.6,13.5,0,0.41,53.6,34.5,69.4,3.2,25,7,58,0,95,0,,
504,18/05/2024,1,96.8,Moderate,75.1,125,22.4,8.5,3.09,62.4,30.4,67.7,11.2,183,57,415,4,658,0,,
1122,26/01/2023,2,228.2,Very Unhealthy,139.8,262.3,50.7,22.3,3.77,59.5,22.9,43.1,10.9,134,41,299,,473,1,,
125,05/05/2023,1,164.4,Unhealthy,105.5,190.1,26.7,16,2.21,48.1,30.7,65.9,12.7,180,55,413,3,655,1,,
447,22/03/2024,1,268.6,Very Unhealthy,,318.6,57.5,17.9,3.41,65.6,20.9,47,12.9,288,88,650,6,1037,1,,
3863,28/07/2024,4,58.5,Moderate,30.2,53.3,7.1,3.7,0.81,52,35.4,62.1,9.6,25,7,52,0,92,0,,
2201,09/01/2023,3,130.5,Unhealthy for Sensitive Groups,85.7,139.7,34.6,7,1.44,57.8,19.1,28.4,12.8,63,19,132,1,215,0,,
3185,19/09/2025,3,64.3,Moderate,36.6,60.9,17.1,6.4,1.17,41.1,27.2,71.8,8.7,30,8,69,1,113,0,,
4207,07/07/2025,4,69.3,Moderate,30.3,51,5.9,2.6,0.53,37,35.2,71.2,7.9,23,7,54,0,86,0,,
1524,03/03/2024,2,173.4,Unhealthy,111.5,183.2,46.3,12.8,4.34,51.5,20.5,44.6,5.5,123,38,275,2,445,1,,
71,12/03/2023,1,220.3,Very Unhealthy,133.9,245.3,31.6,13.9,2.93,36.3,27.2,50.5,10.3,250,77,560,5,899,1,,
1715,10/09/2024,2,106.3,Unhealthy for Sensitive Groups,64.7,119.5,15.1,5.6,3.13,40,28.6,64.8,11.8,72,20,159,1,249,0,,
189,08/07/2023,1,83.6,Moderate,46.9,79.6,15.5,3.5,1.13,55.3,33.8,87.6,5.4,124,37,277,2,452,0,,
3217,21/10/2025,3,64.8,Moderate,45,72.6,13.5,4,1,38.3,22.6,56.6,10.6,41,12,94,1,147,0,,
2347,04/06/2023,3,37.4,Good,30.2,51.1,14.6,4.2,1.38,59.6,31.6,73,5.7,27,7,60,0,101,0,,
2380,07/07/2023,3,43.9,Good,22.8,39.4,9.3,2.5,0.37,48.1,30.7,88.2,12.8,26,7,62,0,99,0,,
1391,22/10/2023,2,137.8,Unhealthy for Sensitive Groups,80.1,132.2,22.3,8.7,2.35,39.7,22.7,52.7,10.3,89,28,204,2,323,0,,
928,16/07/2025,1,91.7,Moderate,62.4,94.9,16.5,10.9,1.65,57.8,32,76.6,12.5,118,35,269,2,423,0,,
388,23/01/2024,1,319.1,hazardous,199.7,315.4,69.2,21.4,5.1,78.3,17.3,28,18.7,267,81,602,,953,1,,
3306,18/01/2023,4,173,Unhealthy,111.2,182.9,47.2,13.5,3.39,59.1,18,23.3,8.7,55,16,123,1,194,1,,
3254,27/11/2025,3,90,Moderate,60.9,103.2,22,4.9,2.1,40.5,18.8,41.8,,46,14,107,1,172,0,,
3203,07/10/2025,3,60,Moderate,37.9,69.7,18.1,3.4,1.22,69.2,23.5,52.7,8.9,36,11,89,1,131,0,,
3733,20/03/2024,4,132.9,Unhealthy for Sensitive Groups,81.4,127.4,23.5,5.2,3.26,46.4,25.1,70.7,6.8,47,14,110,1,172,0,,
3144,09/08/2025,3,15.4,Good,21.1,37.5,6.8,3.6,0.78,45.5,29.7,77.6,0.5,26,8,61,0,89,0,,
685,15/11/2024,1,262.4,Very Unhealthy,157.3,283.8,58.4,16.9,4.97,53.9,16.4,33.2,11.5,286,87,634,6,1021,1,,
3900,03/09/2024,4,74.9,Moderate,48.7,74.8,20.7,5.3,1.49,44,31.5,65,9.7,30,7,66,1,105,0,,
4041,22/01/2025,4,198.1,Unhealthy,124.2,231.4,48,9.2,4.96,69.5,20.9,26.6,12.9,69,21,150,1,231,1,,
828,07/04/2025,1,227.4,Very Unhealthy,141,246.2,45.6,15.1,3.51,54.4,26.6,56.3,8.8,208,64,464,4,743,1,,
4140,01/05/2025,4,113.8,Unhealthy for Sensitive Groups,66.6,120.1,15.6,10.6,2.53,48.9,28.7,67.3,16.3,38,12,90,1,141,0,,
184,03/07/2023,1,92.1,Moderate,61.4,108.9,22.5,7.3,1.6,40.2,35.6,76.5,10.9,123,37,285,2,447,0,,
1855,28/01/2025,2,187.8,unhealthy,120.7,197.4,40.6,18.8,3.59,53.7,21.6,34.2,10.8,147,45,331,3,534,1,,
633,24/09/2024,1,158.9,Unhealthy,98.6,152.7,33.7,12.9,3.61,42.3,23.8,78.8,3.2,142,43,325,3,512,1,,
3219,23/10/2025,3,66.1,Moderate,46,79.6,20.9,6,1.76,56.8,18.8,39.8,11.9,45,14,103,1,167,0,,
673,03/11/2024,1,218.5,Very Unhealthy,140.2,248.1,47,16.7,4.17,64.7,22.7,41.9,10.8,192,59,435,,689,1,,
3031,18/04/2025,3,75.7,Moderate,41.8,69,20,5.6,1.24,37.4,28.9,64.1,4.3,42,12,93,1,153,0,,
2663,15/04/2024,3,235.6,Very Unhealthy,147.7,224.1,45,24.3,3.44,51,22.4,61.5,12.7,92,29,202,2,324,1,,
1759,24/10/2024,2,142.7,Unhealthy for Sensitive Groups,81.7,137.6,21.9,13.7,1.67,40.9,27.2,32.6,10.1,89,27,202,2,327,0,,
3939,12/10/2024,4,96.6,Moderate,62.9,102.5,14.6,9.8,2.44,42.9,24.4,42.3,13.3,38,12,86,1,135,0,,
3198,02/10/2025,3,81,Moderate,49.3,90.7,26.5,7.5,1.21,36.1,26.4,49.3,4.5,36,10,79,1,130,0,,
1532,11/03/2024,2,152.2,Unhealthy,89.7,137.8,32.5,12.9,2.8,41.3,25,42.8,,133,40,301,3,481,1,,
4357,04/12/2025,4,127.8,Unhealthy for Sensitive Groups,79.7,133.1,26.5,13.1,1.98,52.7,19.5,40.4,12.6,54,16,114,1,,0,,
963,20/08/2025,1,92.9,Moderate,65.4,121.6,17.9,10.8,2.4,42.1,29.8,77.8,7.3,136,43,318,3,503,0,,
2796,26/08/2024,3,48.9,Good,29.7,56.1,8.3,4.4,0.36,50,27.1,68.7,10.5,28,9,67,1,101,0,,
2348,05/06/2023,3,60.5,Moderate,29.3,54.4,14,4.1,0.89,3.8,33.7,79.1,6.1,27,8,68,0,101,0,,
3286,29/12/2025,3,96.9,Moderate,63.6,106.6,21.9,11.6,1.42,51.3,18.5,30.5,8.6,47,14,109,1,174,0,,
746,15/01/2025,1,352.7,Hazardous,219.7,357.7,94.9,17.8,4.7,53.5,19.6,28.8,9.2,295,91,665,6,1067,1,,
100,10/04/2023,1,187.6,Unhealthy,113.1,196.2,33.5,20.7,3.41,60.9,25.2,45.7,9.1,196,59,438,4,697,1,,
1109,13/01/2023,2,210.4,Very unhealthy ,135.5,209.7,50.5,14.7,3.4,44.7,20.7,24.7,7.6,114,34,256,2,405,1,,
3868,02/08/2024,4,65.9,Moderate,33.1,49.8,12.4,5.4,0.62,40.5,35.8,75.3,7.4,29,8,60,0,96,0,,
2054,15/08/2025,2,78.4,Moderate,38.1,69.6,7.8,4.9,1.65,43.6,33,64,9.2,56,16,130,1,207,0,,
2159,28/11/2025,2,176.8,Unhealthy,104.3,170.4,44.4,12.7,2.72,61.7,19.2,33.5,6.4,109,33,239,2,387,1,,
2282,31/03/2023,3,91.6,Moderate,47.8,90.3,13.1,6.6,1.69,61,28.7,42.6,20.3,49,14,115,1,188,0,,
2032,24/07/2025,2,64.6,MODERATE,35.3,55.4,9.2,3.2,1.08,27.8,37,75.4,8.3,52,16,123,1,193,0,,
182,01/07/2023,1,96.4,Moderate,57.1,85.7,30.5,7.1,1.69,63.2,33.3,80.7,7.9,114,34,257,2,410,0,,
1956,09/05/2025,2,98.3,Moderate,62.1,116.1,26.4,6.4,1.66,49.2,33,78.5,10,83,24,185,2,297,0,,
2878,16/11/2024,3,100.3,Unhealthy for Sensitive Groups,63.4,109.8,16.4,11.3,1.47,36.7,15.9,,7.5,48,15,109,1,172,0,,
201,20/07/2023,1,82.9,MODERATE,55.6,95.3,23.9,4.6,1.62,34.9,31.7,81.1,10.6,109,32,243,2,388,0,,
455,30/03/2024,1,232.5,Very Unhealthy,144,235.9,37.8,13.2,3.48,66.8,26.6,53.3,,253,77,573,5,917,1,,
150,30/05/2023,1,127.1,Unhealthy for Sensitive Groups,,124.9,25.1,11.7,2.17,26.7,34.2,63.7,13.4,138,42,308,3,498,0,,
3598,06/11/2023,4,115.9,Unhealthy for Sensitive Groups,72.3,114.3,23.2,10.3,1.69,50.8,24.9,44.6,13.5,48,16,111,1,182,0,,
3098,24/06/2025,3,25.3,Good,17,27.1,6.9,2.2,0.18,38.4,31.8,82.5,16.1,22,6,51,0,86,0,,
3588,27/10/2023,4,97.7,Moderate,65,104,31.3,9.6,2.41,56.5,24.6,44.8,7.8,43,13,100,1,163,0,,
1137,10/02/2023,2,168.9,Unhealthy,100.7,155.8,40.5,7.8,2.43,49.4,22,37.1,14.6,125,39,281,2,452,1,,
441,16/03/2024,1,243.8,Very Unhealthy,154.8,266.4,57.8,24.8,5.77,51.9,24.3,46.2,10.7,241,74,545,5,868,1,,
1107,11/01/2023,2,219.9,Very Unhealthy,137.4,228.4,52.3,12.3,4.87,67.4,14.3,28.3,7.7,119,36,271,2,433,1,,
2653,05/04/2024,3,85.8,Moderate,45.6,79.6,18.3,5.1,1.74,52.3,25.1,51.1,11.5,45,14,105,1,172,0,,
1442,12/12/2023,2,195.3,Unhealthy,123.4,227.7,44.7,17.8,2.71,43.2,20.2,23.8,2.4,109,34,246,2,392,1,,
433,08/03/2024,1,274.2,Very Unhealthy,163.2,296.5,68.5,19.7,5.35,73,16.9,42.5,1.9,289,89,646,6,1032,1,,
1768,02/11/2024,2,148.2,Unhealthy for Sensitive Groups,91.1,141.6,26.7,8.9,2.59,83.1,26,42.9,22.6,91,28,213,2,341,0,,
1590,08/05/2024,2,103.3,Unhealthy for Sensitive Groups,65.5,99.1,14.5,5.5,2.32,57,29.8,63.3,8.1,89,27,201,2,321,0,,
3718,05/03/2024,4,148.3,Unhealthy for Sensitive Groups,97.3,180.2,35.1,12.2,3.76,43.6,19.5,43.5,16.7,51,17,118,1,189,0,,
1437,07/12/2023,2,195.5,Unhealthy,115.2,194.2,48.3,18.3,3.49,43.6,19.5,40,6.5,132,40,295,3,471,1,,
1416,16/11/2023,2,114,Unhealthy for Sensitive Groups,79.7,123,30.5,8.7,2.01,48.2,25.9,42.2,10.4,113,35,258,2,411,0,,
2949,26/01/2025,3,100,Moderate,60.4,108.5,23.7,5.4,2.02,52.8,14.7,32.6,3.9,50,15,115,1,184,0,,
3140,05/08/2025,3,41.7,Good,24,39.9,11.6,1.8,0.73,16.3,29.4,77.5,5.8,29,8,68,1,97,0,,
2969,15/02/2025,3,99.5,Moderate,63.9,100.3,20.3,5.5,2.4,39.5,19.5,48.9,5.5,48,16,115,1,192,0,,
2070,31/08/2025,2,70.8,Moderate,47.5,86,15.5,4.3,0.99,44.3,35.6,70.3,11.7,65,20,150,1,241,0,,
2531,05/12/2023,3,71,Moderate,61.4,107.2,23.6,10.5,2.26,40.1,17,29,8.2,48,15,113,1,181,0,,
985,11/09/2025,1,154.1,Unhealthy,95.9,154,41.3,11.5,2.98,43.2,27.4,64.3,7.2,143,44,320,3,520,1,,
1950,03/05/2025,2,104.3,Unhealthy for Sensitive Groups,67.5,108.9,19.2,7.8,1.45,43.3,32.2,70.2,5.8,90,29,209,2,326,0,,
3732,19/03/2024,4,102.2,Unhealthy for Sensitive Groups,68.6,110.9,21.1,10.8,2.24,21.3,28.1,49.9,11.1,51,15,111,1,182,0,,
682,12/11/2024,1,281.5,Very Unhealthy,171.3,273.2,58,28.9,5.86,57.1,18.7,36.9,17.4,272,84,611,5,975,1,,
2642,25/03/2024,3,101.8,Unhealthy for Sensitive Groups,50.9,84.1,18.3,4.1,1.96,59.6,21.6,57.7,15.2,42,13,93,1,150,0,,
2146,15/11/2025,2,184.7,Unhealthy,119.6,189,42.7,18.8,3.46,52.4,22.9,49.5,10.2,101,32,239,2,374,1,,
1584,02/05/2024,2,100.7,Unhealthy for Sensitive Groups,66,113.4,24,5.1,1.52,35.9,30.1,69.8,9.6,71,21,162,1,258,0,,
3608,16/11/2023,4,153.5,Unhealthy,96,179.9,43.8,10.7,2.84,44.5,20.6,39.6,13.2,44,13,97,1,156,1,,
1041,06/11/2025,1,225.5,Very Unhealthy,146.2,248.7,62.3,14.3,3.22,60.7,19.9,44.5,11,250,77,560,5,903,1,,
2740,01/07/2024,3,27.5,Good,19.6,30.6,5.8,0,1.1,40.4,32.9,72.7,11.6,27,8,60,0,98,0,,
3035,22/04/2025,3,59.9,Moderate,41,66.2,14.7,10.3,0.79,42.5,29.4,58.8,7.4,40,14,93,1,152,0,,
4296,04/10/2025,4,80,Moderate,53.7,100,22.8,7.6,1.99,40.2,28.2,62.6,10.1,38,12,84,1,136,0,,
2770,31/07/2024,3,19,Good,22.3,35.9,2,3.7,1.2,41,29.6,73.3,9.9,23,6,56,1,86,0,,
1611,29/05/2024,2,93.5,Moderate,55.4,93.8,16.9,9.6,2.01,46.4,35.4,72.5,10.5,64,19,140,1,232,0,,
2644,27/03/2024,3,115.2,Unhealthy for Sensitive Groups,63,114.9,18.9,7.7,2.46,38.4,22.8,52.5,17.3,49,15,112,1,176,0,,
377,12/01/2024,1,305.9,Hazardous,186.1,295.2,50.9,26.6,4.51,62,14.8,21.5,12.3,333,102,747,7,1197,1,,
593,15/08/2024,1,124.5,Unhealthy for Sensitive Groups,78.4,133.2,23.6,13.2,2.31,43.6,27.3,71.2,9.9,140,41,323,3,511,0,,
2507,11/11/2023,3,108.5,Unhealthy for Sensitive Groups,65,99.1,27.3,4.2,2.43,72.6,21.1,50.7,8.8,49,16,114,1,,0,,
1523,02/03/2024,2,185.6,Unhealthy,129.3,219.1,48.5,17.6,4.52,63.9,25.7,28.3,11.5,123,36,278,2,443,1,,
4341,18/11/2025,4,124.8,Unhealthy for Sensitive Groups,83.3,134.2,35,11.5,1.75,52.6,23.1,48,8.3,50,15,113,1,178,0,,
3546,15/09/2023,4,70.6,Moderate,45,84.2,14.5,5.8,1.82,25,26.4,60.2,5.6,33,10,70,1,114,0,,
3813,08/06/2024,4,54.5,Moderate,34.1,57.7,20.4,5.5,1.21,27.1,33.5,69.1,11.5,30,9,65,0,104,0,,
2624,07/03/2024,3,108.4,Unhealthy for Sensitive Groups,60.4,114.7,16.8,5.8,1.11,40.6,20.8,42.4,14.2,50,15,118,1,178,0,,
2590,02/02/2024,3,107,Unhealthy for Sensitive Groups,66.1,112.3,20.2,8.6,2.32,54.5,15.1,23.3,13.2,58,17,125,1,202,0,,
370,05/01/2024,1,328.6,Hazardous,204.8,386,71.5,20.8,8.03,72.4,16.5,31.5,7.7,288,88,646,6,1033,1,,
4361,08/12/2025,4,159.1,Unhealthy,96.1,147.4,34.6,18.6,2.87,63.3,19.2,21.5,2.8,47,14,102,1,167,1,,
284,11/10/2023,1,186.3,Unhealthy,120.5,219.1,44.9,14.4,3.26,54,20.1,58.4,14.8,201,62,458,4,738,1,,
872,21/05/2025,1,133.8,Unhealthy for Sensitive Groups,82,144.4,21.2,10.8,2.46,56.7,31.6,67.8,9.5,159,49,367,3,584,0,,
2291,09/04/2023,3,76.1,Moderate,47.9,89.3,14.8,3.6,1.71,43.3,24.2,51.4,7.8,45,13,105,1,167,0,,
2578,21/01/2024,3,103.8,Unhealthy for Sensitive Groups,72.6,128.9,29.3,10.6,1.9,49.7,17.6,37.6,10.3,55,16,123,1,209,0,,
4203,03/07/2025,4,47.2,Good,,53.6,9.4,1.8,0.82,51.7,36.3,82.4,6.6,26,8,55,,93,0,,
3231,04/11/2025,3,80.3,Moderate,50.5,77.9,9.8,6.1,1.63,29.9,16.3,47.9,11.4,41,12,88,1,146,0,,
315,11/11/2023,1,253.2,Very Unhealthy,162.9,303.8,52.1,21.5,3.6,78.1,19.4,43.8,14.3,258,78,579,5,921,1,,
1539,18/03/2024,2,169.2,Unhealthy,102.7,193.8,29.8,9.6,3.86,61.7,26.3,49.8,6.9,101,31,227,2,363,1,,
1919,02/04/2025,2,148.1,Unhealthy for Sensitive Groups,94.9,160.4,33.2,17.1,3.29,67.4,27.1,54.9,9.7,104,31,237,2,370,0,,
4107,29/03/2025,4,108.4,Unhealthy for Sensitive Groups,70.3,114.5,23.4,11.8,2.28,42.4,28.1,54.9,10.5,47,14,105,1,167,0,,
3319,31/01/2023,4,161.1,Unhealthy,108.6,186.3,33.8,19.4,3.56,65.4,20.6,39.2,9.6,64,19,143,1,228,1,,
3967,09/11/2024,4,156.2,Unhealthy,,161.7,32.2,12.6,2.75,60.1,19.8,50.6,3.2,49,16,114,1,179,1,,
1181,26/03/2023,2,156, Unhealthy,100.4,182.1,37.2,19.3,2.15,32.9,29.8,50.9,8.3,119,36,266,2,427,1,,
1990,12/06/2025,2,60.2,Moderate,36.6,69.2,17.5,3.7,0.99,50,37.4,85.4,3.5,59,19,134,1,213,0,,
376,11/01/2024,1,368.9,Hazardous,234.1,394.2,91.2,35.1,9.4,72.9,18.6,34.8,11.5,336,104,750,7,1194,1,,
3669,16/01/2024,4,151.3,Unhealthy,90.1,165.4,45.6,15.4,2.59,66,17.1,26.6,10.7,53,16,119,1,194,1,,
884,02/06/2025,1,116.9,Unhealthy For Sensitive Groups ,70.6,120.6,24.3,9.3,2.46,62.9,33.9,,8.7,153,47,353,3,556,0,,
692,22/11/2024,1,273.5,Very Unhealthy,167.5,291.5,65.8,16.4,4.14,71.9,18,32,14.8,268,81,601,5,958,1,,
1464,03/01/2024,2,203.5,Very Unhealthy,128.4,194.8,46.6,16.6,3.32,53,22.6,32.3,13.6,122,38,276,2,448,1,,
1282,05/07/2023,2,38.5,Good,28,52.8,13.1,1.6,0.48,46.7,36.8,85,3,55,16,125,1,199,0,,
1698,24/08/2024,2,70,Moderate,45.4,81.5,14.1,8.2,1.89,56.1,28.7,73.2,12.2,67,19,153,1,240,0,,
899,17/06/2025,1,121.2,Unhealthy for Sensitive Groups,72.2,108.9,20.4,4.1,1.98,64.4,32.6,74.1,12,146,45,329,3,525,0,,
318,14/11/2023,1,230.2,Very Unhealthy,142.8,225.8,50.6,19.4,5.34,41.8,17.7,28,10.8,271,84,606,5,972,1,,
3758,14/04/2024,4,119.6,Unhealthy for Sensitive Groups,73.2,110.3,21.2,12.6,2.23,50.7,29.4,,,39,11,86,1,145,0,,
3294,06/01/2023,4,127.3,Unhealthy for Sensitive Groups,74,118,29.7,6.5,1.41,51.8,18,24.9,12.7,57,18,133,1,209,0,,
4330,07/11/2025,4,130.8,Unhealthy for Sensitive Groups,78.5,139.1,36,12.1,1.76,49.2,22.5,37.1,10.5,46,14,104,1,163,0,,
2017,09/07/2025,2,62,Moderate,31.4,56,9.1,2.6,1.07,49.5,35.5,80.5,8.8,52,16,116,1,192,0,,
547,30/06/2024,1,93.7,Moderate,60.3,111.6,26.3,8.1,1.31,35.6,31.3,71,10.8,115,34,266,2,426,0,,
2268,17/03/2023,3,101.5,Unhealthy for Sensitive Groups,67.9,113.7,22.7,9.6,1.77,68.1,23.9,40.3,6,48,14,104,1,168,0,,
4179,09/06/2025,4,52.1,Moderate,36.2,54.7,14.4,5.2,0.82,33.3,35.1,66.4,11.3,29,9,70,1,102,0,,
1159,04/03/2023,2,183.7,Unhealthy,113.3,179.4,35.7,10.6,2.68,58.2,22.7,27,13.4,132,40,296,2,468,1,,
3704,20/02/2024,4,165.3,Unhealthy,105.9,198.7,45.6,20.8,4.15,65.8,19.9,,7.8,53,16,118,1,195,1,,
3049,06/05/2025,3,60,Moderate,42.1,69.6,18.2,7,1.49,32.5,26.1,78.2,11.9,39,11,86,1,135,0,,
126,06/05/2023,1,149,Unhealthy for Sensitive Groups,99.8,182.4,31.5,8.3,2.7,65.8,33.1,62.5,8.6,179,55,410,3,651,0,,
3010,28/03/2025,3,101.5,Unhealthy for Sensitive Groups,55.7,100.4,18.6,6.3,2.3,31.8,25.8,54.6,9.9,46,12,95,1,161,0,,
1431,01/12/2023,2,177.3,Unhealthy,104,186.8,42.3,18.9,3.58,46.5,21.3,38.2,4.1,120,38,268,2,435,1,,
1398,29/10/2023,2,133.8,Unhealthy for Sensitive Groups,86.2,136,37,15.1,1.92,63.8,21.9,49.7,13.5,92,28,211,2,335,0,,
4345,22/11/2025,4,146.8,Unhealthy for Sensitive Groups,92,148.7,34.6,17.5,1.92,50,22.3,34.6,11.1,53,16,118,1,192,0,,
3238,11/11/2025,3,79.7,Moderate,55.7,88.4,13,10.3,1.45,61.2,19.1,36.4,7.4,39,12,84,1,139,0,,
3289,01/01/2023,4,189.3,Unhealthy,109.3,178.8,44.5,12.5,4.45,59.6,21.7,35.3,12.8,62,19,141,1,219,1,,
3398,20/04/2023,4,97.1,Moderate,65.5,119.2,14.1,7.1,1.21,50,31.5,63.9,8,40,12,91,1,145,0,,
1963,16/05/2025,2,97.2,Moderate,59.2,107.5,19.9,8.5,1.94,27.4,32.7,72,5.8,69,22,160,1,257,0,,
508,22/05/2024,1,136.4,Unhealthy for Sensitive Groups,88.2,158,29.5,9.7,3.22,56,29.9,73.6,10.7,119,38,278,,440,0,,
1382,13/10/2023,2,116.6,Unhealthy for Sensitive Groups,69,124.5,20.3,11.4,1.96,44.8,22.3,56.5,16.4,85,26,191,2,308,0,,
245,02/09/2023,1,143.6,Unhealthy for Sensitive Groups,90.7,159.8,32.9,9.2,2.86,51.8,29,66.3,9.1,136,42,308,,495,0,,
1962,15/05/2025,2,114.1,Unhealthy for Sensitive Groups,64,116.4,25.5,11.4,1.84,37.9,36,72.1,12.3,73,22,166,1,265,0,,
3951,24/10/2024,4,120.2,Unhealthy For Sensitive Groups ,75.7,125.7,20.1,12.1,1.88,40.8,21.3,56.8,12.4,41,12,89,1,151,0,,
2481,16/10/2023,3,94.9,Moderate,48.7,86.9,14.6,7.1,1.86,45.9,24,59.5,7.7,39,12,90,1,143,0,,
301,28/10/2023,1,233.1,Very Unhealthy,158.2,239.6,68.9,17.7,3.55,51.2,20,41.8,10.7,217,67,492,4,782,1,,
1865,07/02/2025,2,145,Unhealthy for Sensitive Groups,98.4,166.3,26.2,12.5,3.92,64.9,21.7,39.3,9.2,133,41,301,3,,0,,
1772,06/11/2024,2,149.7,Unhealthy for Sensitive Groups,89.2,143.3,27.2,8.3,2.66,54.6,24.1,44.8,5.5,94,29,206,,337,0,,
1741,06/10/2024,2,118.4,Unhealthy for Sensitive Groups,78,136.4,29.2,6.7,2.16,28.5,27.5,,12.8,78,24,173,1,276,0,,
1540,19/03/2024,2,165.3,Unhealthy,103.2,186.4,48.6,18.4,2.81,49,26.5,39.3,11.4,99,30,225,2,353,1,,
3716,03/03/2024,4,136.3,Unhealthy for Sensitive Groups,88.7,161.2,38.9,12.4,2.82,43.4,22.5,39.5,18.6,52,17,123,1,196,0,,
2798,28/08/2024,3,59.3,Moderate,27.3,51.6,8.7,2.4,1.07,46.4,29.4,68.1,11.9,31,9,76,1,118,0,,
2853,22/10/2024,3,75.6,Moderate,51.6,79.6,14.2,5.7,1.75,72.9,16.9,46.1,7.1,40,12,86,1,147,0,,
2595,07/02/2024,3,124.1,Unhealthy for Sensitive Groups,74.1,130.6,33.8,8.8,2.31,63.2,18.1,34.4,11.5,53,16,119,1,191,0,,
1860,02/02/2025,2,177,Unhealthy,110.7,195.7,44.5,18.7,3.94,73.2,25.1,28.4,9.6,128,40,294,2,464,1,,
4097,19/03/2025,4,132.2,Unhealthy for Sensitive Groups,82.7,129.8,27.8,8.9,2.16,19.1,24,44.5,7,45,13,98,,157,0,,
3668,15/01/2024,4,165.6,Unhealthy,102.4,155.4,34.9,14.6,3.68,78.6,18.7,24.2,13.6,58,17,127,1,209,1,,
4285,23/09/2025,4,75,Moderate,47.5,84.5,11.9,5.6,1.19,49.3,26.3,62.8,6.8,34,10,76,1,122,0,,
3822,17/06/2024,4,63.7,Moderate,35.7,58.4,14.2,7,1.27,40.5,39.1,73.8,9.2,27,9,64,1,97,0,,
2228,05/02/2023,3,153.9,Unhealthy,93,149.9,26,10.3,3.56,57.4,17.4,31.5,9.2,64,19,139,1,226,1,,
2766,27/07/2024,3,35.2,Good,23.5,39.1,8.4,0,0.88,8.5,29.6,88.4,6.5,27,8,53,1,94,0,,
2374,01/07/2023,3,36.8,Good,25.8,47.5,10.7,3.5,0.38,27,30.1,77.8,11.8,24,8,62,0,94,0,,
397,01/02/2024,1,322.9,Hazardous,202.1,315,71.7,24.6,5.02,61.9,15.1,35.9,5.9,322,98,725,6,1152,1,,
929,17/07/2025,1,101.6,Unhealthy for Sensitive Groups,58.5,109.9,13.9,8.7,1.77,56.3,33.5,79.3,15.2,135,42,304,3,487,0,,
2723,14/06/2024,3,31,Good,21.7,36,7.4,2.7,0.63,16.8,32,77.7,1.8,28,8,62,1,100,0,,
282,09/10/2023,1,142.5,Unhealthy for Sensitive Groups,93.2,175,30.7,12.7,2.16,52.1,22.5,51.5,5,210,65,472,4,761,0,,
2966,12/02/2025,3,101.4,Unhealthy for Sensitive Groups,65.9,104.9,16.5,4.5,2.44,44.1,18,38.1,8.6,61,18,137,1,216,0,,
737,06/01/2025,1,348.6,Hazardous,215.4,368.6,60.8,30.7,7.59,55.4,14.9,31.5,3,321,99,718,6,1144,1,,
1730,25/09/2024,2,104.8,Unhealthy for Sensitive Groups,76.1,135.1,22,11.4,1.92,56.6,28.6,64,7.1,86,27,193,2,315,0,,
340,06/12/2023,1,287.6,Very Unhealthy,184.1,290,46.6,21.2,4.41,57.4,18.2,26.8,11.7,264,82,594,5,959,1,,
462,06/04/2024,1,199.8,Unhealthy,123.9,205.8,43.2,18.6,2.71,64.1,27.9,60.9,8.2,241,75,543,,870,1,,
898,16/06/2025,1,91.4,Moderate,63.5,110.4,22.6,8.9,1.32,53.7,31.2,89.8,13.2,133,41,302,3,479,0,,
2067,28/08/2025,2,69.8,Moderate,49.6,90,19.1,9.1,1.99,52.5,30.4,68.4,10.6,59,17,136,1,218,0,,
179,28/06/2023,1,98,Moderate,56.1,93,21.4,6.5,1.39,56.3,33.5,85.7,4.7,118,36,266,2,425,0,,
2795,25/08/2024,3,52.4,Moderate,32,57.2,10.5,4.8,1.05,34.2,27.6,69,11.7,26,7,56,0,104,0,,
2167,06/12/2025,2,180.1,Unhealthy,109.2,198.3,49.2,20.7,2.89,64.4,20.6,34.7,15.5,123,38,276,2,446,1,,
2704,26/05/2024,3,51.8,Moderate,34.1,56.9,15.5,6.2,0.81,52.5,28.6,71.5,16.1,35,10,78,1,124,0,,
2736,27/06/2024,3,32.3,Good,26.6,50,3,1.8,0.66,43.2,33.9,72,13.1,24,8,58,0,90,0,,
803,13/03/2025,1,286.8,Very Unhealthy,176.6,315.2,72.2,29,4.57,55.1,25.5,31.9,5.4,288,88,647,6,1029,1,,
2069,30/08/2025,2,77.8,Moderate,46.6,82.3,22.5,2.6,1.54,53.9,34.9,54.5,6.1,56,17,128,1,203,0,,
1527,06/03/2024,2,133.4,Unhealthy for Sensitive Groups,89.9,139.9,32.5,8.8,2.85,54.9,22.5,28.6,8,121,37,274,2,448,0,,
207,26/07/2023,1,89.8,Moderate,50,92.5,21.6,4.5,1.58,66.1,32.5,73.4,10.4,113,35,264,2,415,0,,
1052,17/11/2025,1,282,Very Unhealthy,170.9,266.1,51.4,13.7,3.69,52,19.5,40.2,10.2,259,79,581,5,931,1,,
3572,11/10/2023,4,106.1,Unhealthy for Sensitive Groups,69.6,112.9,32.4,9.8,1.44,25.9,25.4,,5.2,38,12,83,1,136,0,,
940,28/07/2025,1,111.4,Unhealthy for Sensitive Groups,66.7,112,20.4,6.5,1.87,28.1,37.1,82.5,18.9,109,33,243,2,400,0,,
70,11/03/2023,1,236.7,Very Unhealthy,151.4,260.5,38.7,19.7,3.31,62.4,18.6,41.4,12.8,255,78,571,5,913,1,,
4199,29/06/2025,4,44.9,Good,31.3,49.9,10.7,4.3,1,39.9,34.2,82.7,7.9,27,8,65,0,104,0,,
1158,03/03/2023,2,166.1,Unhealthy,104.3,181.1,36.4,12.4,2.35,52.9,23.9,37.2,9.6,110,34,251,2,403,1,,
2255,04/03/2023,3,125.3,Unhealthy for Sensitive Groups,76,131.2,17,8.2,2.54,61.9,21.8,41.6,18.5,52,15,121,,186,0,,
572,25/07/2024,1,84,Moderate,57.4,100.7,27.9,7.7,2.23,59.2,30.2,82.1,8.2,119,36,270,2,432,0,,
119,29/04/2023,1,193.1,Unhealthy,120.3,185.3,47,17.5,3.76,67.4,27,,7.8,180,55,408,4,648,1,,
2753,14/07/2024,3,40.3,Good,26.7,46.4,6,3.9,0.69,36.1,27.9,,12.9,21,7,54,0,81,0,,
4371,18/12/2025,4,138.9,Unhealthy for Sensitive Groups,86.4,163.1,27.5,13.1,2.63,63.3,23.2,33.1,9.1,55,16,117,1,192,0,,
859,08/05/2025,1,160.9,Unhealthy,85,130.4,27.1,11.9,2.04,59.5,33,71.3,15.5,192,59,432,4,,1,,
2559,02/01/2024,3,110.6,Unhealthy for Sensitive Groups,69.4,116.1,19.8,9.8,2.25,45.4,17,33.2,15.6,64,19,144,1,228,0,,
1912,26/03/2025,2,153.9,Unhealthy,97.4,173.8,38.5,12,2.72,32.1,26.6,46.2,16.2,93,28,205,2,333,1,,
297,24/10/2023,1,215.8,Very Unhealthy,134.2,243.1,59.2,15.2,3.81,77.3,22.1,47.9,9,171,52,386,3,617,1,,
277,04/10/2023,1,156.9,Unhealthy,99,182.9,25.5,16,4.1,33.6,24.4,52.3,7.2,215,66,485,4,772,1,,
3779,05/05/2024,4,74.3,Moderate,46,72.1,14.2,8,0.95,27.8,29.8,65.8,13.5,42,12,93,1,147,0,,
2995,13/03/2025,3,91.1,Moderate,62,95,18.4,6.6,1.32,43.4,21.5,46.1,12.2,41,12,92,1,154,0,,
1001,27/09/2025,1,183.7,Unhealthy,110.2,208.9,43.3,12.8,3.13,68.7,24.4,63.7,6.4,191,59,428,4,686,1,,
1144,17/02/2023,2,190.6, Unhealthy,125.5,232.4,47.1,18.3,4.55,49.6,18,41.7,16.4,124,39,280,2,449,1,,
3178,12/09/2025,3,59.8,Moderate,32.1,53.3,7.4,3.6,1.08,36,26,69.7,9,31,10,78,1,114,0,,
3676,23/01/2024,4,177.2,Unhealthy,115,202.9,37,15.3,3.47,61.2,19.3,24.6,5.4,49,15,115,1,172,1,,
2027,19/07/2025,2,50.5,Moderate,33.1,50,16.3,2.9,0.88,47.5,36.1,72.1,16.5,51,15,122,1,187,0,,
194,13/07/2023,1,95.9,Moderate,61.6,114.1,23.8,6,2.54,21.9,31,72.2,13,124,37,278,2,455,0,,
2231,08/02/2023,3,137.5,Unhealthy for Sensitive Groups,93.5,159.4,31.8,17.7,2.09,73.1,14.5,36.7,9.1,69,20,152,1,240,0,,
496,10/05/2024,1,165,Unhealthy,105.6,166.4,30,14.8,3.3,79.5,28,69.5,2.1,173,53,394,3,627,1,,
1635,22/06/2024,2,81.3,Moderate,44,73.8,9.3,7.3,1.21,41.4,34.6,88.1,6.2,60,18,138,1,214,0,,
2725,16/06/2024,3,59.9,Moderate,27.5,51.9,13.3,4.1,1.39,41.9,33.6,81.4,21.2,27,8,61,0,100,0,,
3149,14/08/2025,3,48.7,Good,25.5,46.9,11.7,2.6,0.89,52.6,29.7,75.8,17.7,22,8,56,1,84,0,,
3531,31/08/2023,4,62.9,Moderate,43.7,69.9,12.3,4.8,1.34,59.3,30.1,76,10.8,31,10,80,1,117,0,,
1461,31/12/2023,2,162.6,UNHEALTHY ,111.9,209.7,42.3,12.6,2.8,62.6,19.8,31.7,9.4,110,34,248,2,401,1,,
2579,22/01/2024,3,110.1,Unhealthy for Sensitive Groups,65.5,101.2,16.3,5.3,2.38,52.5,14,28.2,12.2,59,18,136,1,213,0,,
1700,26/08/2024,2,74.4,Moderate,51.1,77.1,14.7,4.3,1.23,51.3,33.1,60.5,4.7,62,18,137,1,221,0,,
1727,22/09/2024,2,122.7,Unhealthy for Sensitive Groups,73,132.6,21.2,7.9,3.2,62.4,27.1,56.4,10,73,23,167,1,269,0,,
978,04/09/2025,1,130.4,Unhealthy for Sensitive Groups,81.8,128.1,25.2,13.4,2.7,42.8,28.8,65.4,8,141,42,314,3,505,0,,
3077,03/06/2025,3,42.5,Good,,38.2,10.5,3.9,0.71,26.9,29.4,73.5,10.4,31,9,70,1,114,0,,
3796,22/05/2024,4,72.6,Moderate,46.1,83.8,14.9,8.5,1.52,36.5,31.5,78.3,10.6,34,11,76,1,124,0,,
2696,18/05/2024,3,54.2,Moderate,33,50.4,11.7,3.7,0.76,62.8,28.7,73.1,11.6,29,8,76,,115,0,,
3463,24/06/2023,4,59.5,Moderate,32.7,56.6,9.2,7.9,1.01,40.9,36.9,62.8,11.1,28,9,62,1,97,0,,
1992,14/06/2025,2,72.2,Moderate,45.2,81.4,19,8.8,1.96,57.4,32.7,72.1,14.7,62,18,145,1,232,0,,
1445,15/12/2023,2,189.6,Unhealthy,121.1,200.9,52.7,17.9,3.05,52.2,22.3,24.3,14.2,135,41,301,3,486,1,,
1338,30/08/2023,2,62.3,Moderate,40.1,69.8,11.6,2.8,1.56,56.8,31.3,63.8,5,62,19,142,1,228,0,,
1512,20/02/2024,2,163.7,Unhealthy,107.8,188.7,27.8,16.8,2.18,40.9,26.6,40,15.3,122,38,277,2,436,1,,
755,24/01/2025,1,369.8,Hazardous,236.1,366.2,66.4,23.8,9.09,55.7,15.7,24.1,11.2,319,98,716,6,1143,1,,
3930,03/10/2024,4,88.3, Moderate,55.5,96,18.6,6.7,1.65,45.1,29.5,56,10.9,33,11,78,1,126,0,,
837,16/04/2025,1,190.1,Unhealthy,127.5,215.3,40.3,14.3,4.02,22.1,26,57.6,11.2,223,67,502,4,805,1,,
3182,16/09/2025,3,44.7,GOOD,30.2,50.7,13.4,5.1,0.48,48.5,24.6,72.9,17,29,10,73,1,112,0,,
1779,13/11/2024,2,168.7,Unhealthy,98.8,148.9,36.3,6.6,2.91,75.4,24.8,40.2,,98,29,218,2,350,1,,
972,29/08/2025,1,117.6,Unhealthy for Sensitive Groups,79,148.1,39.6,8.6,1.95,66.9,27.3,76.7,12.2,155,47,349,3,561,0,,
546,29/06/2024,1,93.3,Moderate,58.5,98.1,14.1,7.4,1.59,42.1,29.1,74.4,16.3,121,36,278,2,438,0,,
516,30/05/2024,1,132.6,Unhealthy for Sensitive Groups,80,145.5,33.2,10.1,2.44,25.6,34.4,78.9,7.7,149,45,340,3,539,0,,
362,28/12/2023,1,301.6,Hazardous,193.5,350.8,66.3,23.8,4.24,73.7,12.5,32,13.2,283,86,627,5,1005,1,,
2699,21/05/2024,3,52.1,Moderate,28.2,46.5,9.3,4.9,0.73,39.7,31.1,78.9,9.1,32,10,76,1,122,0,,
2972,18/02/2025,3,97.8,Moderate,60.8,99.7,22.5,8.3,1.4,57.4,19.3,42.7,9.6,50,15,111,1,187,0,,
3169,03/09/2025,3,46.5,Good,30.5,46,13.3,4,0.95,53.7,27.2,69.2,8,29,9,63,1,108,0,,
3927,30/09/2024,4,89.4,Moderate,53.9,101.9,19.1,9.4,1.56,48.8,25,56.6,9.6,32,10,74,1,118,0,,
2115,15/10/2025,2,139.3,Unhealthy for Sensitive Groups,85,160.5,34,12.1,2.44,63.1,25.8,56.4,9.6,96,29,216,2,346,0,,
3960,02/11/2024,4,114,Unhealthy for Sensitive Groups,75.7,140.3,26.4,10.1,2.65,26.6,24.2,55.3,7.8,53,17,117,1,192,0,,
2645,28/03/2024,3,90.3, Moderate,60,113.4,20.6,10.5,1.69,34,23.9,55.2,11.8,41,12,97,1,153,0,,
269,26/09/2023,1,175.2,Unhealthy,98.8,165.8,34.7,11.1,3.4,47.7,26.1,57.9,14.3,184,56,418,4,667,1,,
1538,17/03/2024,2,121.8,Unhealthy for Sensitive Groups,80,123.5,18.2,7.4,2.72,46.1,23.8,49,7.3,108,34,241,2,387,0,,
1522,01/03/2024,2,154.7,Unhealthy,102.8,162.7,35.1,18.5,3.51,45,24.9,,10.7,108,34,248,2,390,1,,
2196,04/01/2023,3,115.2,Unhealthy for Sensitive Groups,71.3,107.4,22.9,10.5,1.31,36.5,16.2,18,14.8,66,21,155,1,245,0,,
1152,25/02/2023,2,184.8,Unhealthy,114.1,203.9,46.5,19.3,3.65,47,23.3,33.2,6.4,126,39,281,3,450,1,,
2186,25/12/2025,2,193.3,Unhealthy,127.8,220,42.3,16.9,4.86,54.8,18.4,,12.6,124,38,280,2,444,1,,
1580,28/04/2024,2,95.1,Moderate,59.4,109.3,14.7,9.7,1.68,49.8,34,54.2,8.9,69,22,154,1,251,0,,
228,16/08/2023,1,107.4,Unhealthy for Sensitive Groups,74.5,116.6,22.7,11.4,2.62,58,34.1,88.6,1.6,122,38,273,,441,0,,
1562,10/04/2024,2,128.5,Unhealthy for Sensitive Groups,75.4,118.4,23.4,13.2,2.5,42.5,31.5,61.1,8.7,119,36,267,2,430,0,,
644,05/10/2024,1,169.7,Unhealthy,117.7,201.2,36.6,14.1,3.55,37.1,23.7,57.2,7.1,172,52,389,3,621,1,,
2844,13/10/2024,3,78,Moderate,45.8,69.8,17.4,10.8,0.69,59.7,25.3,59.3,,36,11,79,1,129,0,,
2095,25/09/2025,2,98.2,Moderate,59.7,104.3,15,11.2,1.78,63,31.4,,7.7,74,22,164,1,269,0,,
2902,10/12/2024,3,108.2,Unhealthy for Sensitive Groups,59.9,112.7,15.5,7.4,1.55,52.2,15.7,39.7,11.8,48,14,109,1,184,0,,
2083,13/09/2025,2,51.7,Moderate,43.2,80.8,11.4,8.5,1.1,43.5,27.4,,3.1,64,20,153,1,238,0,,
3699,15/02/2024,4,147.7,Unhealthy for Sensitive Groups,97.4,153.5,28.9,15,2.35,40.7,23.3,28.1,7.9,58,18,127,1,208,0,,
2639,22/03/2024,3,80.9,Moderate,49,89,23,4.1,1.25,35.7,22.1,47.9,10.3,40,13,96,1,149,0,,
1011,07/10/2025,1,152.7,Unhealthy,108.1,195.3,38.1,16.6,3.93,68.5,20.5,54,11.4,202,61,453,4,723,1,,
1916,30/03/2025,2,162.7,Unhealthy,90.8,150.1,30.1,14.9,2.93,54.6,30,49.3,9.3,101,32,232,2,373,1,,
1998,20/06/2025,2,68.3,Moderate,40.4,75.2,18.4,6.4,1.16,22.9,37.3,58,8.2,59,18,131,1,216,0,,
3959,01/11/2024,4,132.9,Unhealthy for Sensitive Groups,76.4,130.2,34.2,8.9,2.44,46.2,22.7,53.2,14.6,46,14,104,1,160,0,,
2520,24/11/2023,3,126.1,unhealthy for sensitive groups,71,112.6,22.3,8.1,2.08,41,17,30.9,10.3,56,17,124,1,,0,,
3053,10/05/2025,3,65.1,Moderate,42.1,73.3,15.5,4,1.33,34.2,29.9,65.5,5,34,10,79,1,126,0,,
3637,15/12/2023,4,143,Unhealthy for Sensitive Groups,91.9,157.2,27.8,19.8,2.63,79.8,21.7,29.4,11.9,55,17,121,1,192,0,,
3471,02/07/2023,4,58.9,Moderate,26.7,43,9.2,5.8,0.7,41.3,36.3,77,5.7,22,6,53,0,85,0,,
1390,21/10/2023,2,128.4,Unhealthy for Sensitive Groups,80.4,131.4,23.3,11,1.95,48.5,24.3,29.9,10.2,97,31,226,2,354,0,,
2179,18/12/2025,2,232.1,Very Unhealthy,137.3,260.8,36.1,19.6,3.57,66.9,19.6,21.2,16.8,127,39,288,2,452,1,,
80,21/03/2023,1,229,Very Unhealthy,140.7,257.5,49,21.1,3.92,56.9,25.5,45.5,12.8,240,74,535,5,866,1,,
2426,22/08/2023,3,40.3,Good,24.1,41.9,7.9,6.9,1.06,41,29.9,67.9,10,26,8,64,0,92,0,,
4002,14/12/2024,4,168.9,Unhealthy,98.7,177.6,26.5,11.4,2.46,44.2,19.7,40.9,16.6,62,19,139,1,229,1,,
848,27/04/2025,1,214.2,Very Unhealthy,128.4,203.7,57.1,18.4,3.77,52.9,24.9,64.6,12.2,213,65,478,4,759,1,,
1742,07/10/2024,2,115.6,Unhealthy for Sensitive Groups,65.9,111,33.3,9.8,0.96,64.7,26.8,45.2,6.4,82,25,187,1,300,0,,
3580,19/10/2023,4,90.4,Moderate,,98.7,23.6,6.8,1.42,31.7,25.5,50.8,11.6,38,12,89,1,139,0,,
2635,18/03/2024,3,132,Unhealthy for Sensitive Groups,76.6,140.1,27.7,9.5,2.02,35.5,22.9,45.5,9.1,57,18,132,1,204,0,,
1454,24/12/2023,2,173.8,Unhealthy,107.9,177.5,34.7,10.8,4.13,41,17,30.6,8.4,121,37,266,2,426,1,,
1381,12/10/2023,2,141.8,Unhealthy for Sensitive Groups,86.6,159.1,20.9,8.9,3.34,69.9,25.8,65.1,11.8,82,24,187,2,295,0,,
2262,11/03/2023,3,103.4,Unhealthy for Sensitive Groups,70.1,125.8,19.7,10.1,1.97,58.8,21.3,50.4,13.7,55,17,126,1,199,0,,
3083,09/06/2025,3,59.1, Moderate,30.8,55.9,13.3,2.7,0.67,45.6,31.5,87.3,16.3,26,9,66,1,106,0,,
936,24/07/2025,1,104,Unhealthy for Sensitive Groups,64.1,121.1,20.9,10.7,2.29,59.9,32.7,83.9,9.5,129,39,294,2,,0,,
3428,20/05/2023,4,62.3,Moderate,36.5,56.2,5.9,8.9,1,46.7,32.6,68.7,16.8,33,11,73,1,117,0,,
2464,29/09/2023,3,67.6,Moderate,42.8,75.6,14.6,7.3,1.71,40,22,60.6,15.2,35,9,79,1,,0,,
1182,27/03/2023,2,133,Unhealthy for Sensitive Groups,80.4,137,36.6,10.8,2.58,47,27.8,55.7,12.9,96,29,217,2,350,0,,
2687,09/05/2024,3,59.4,Moderate,37.3,65.1,11.9,4.3,1.48,35.1,29.3,72.5,11,37,10,85,1,135,0,,
3599,07/11/2023,4,138.7,Unhealthy for Sensitive Groups,87,132.5,32.8,12.5,3.25,32.1,21,46.1,14.3,44,14,97,1,157,0,,
4168,29/05/2025,4,82.1,Moderate,44.2,75.5,13.7,4.8,0.74,35.6,35.5,80.4,14.6,31,10,73,1,114,0,,
235,23/08/2023,1,105.8,Unhealthy for Sensitive Groups,62.3,98.7,19.4,2.3,1.5,52.9,31.3,73.5,2.2,121,36,272,2,436,0,,
3845,10/07/2024,4,42.1,Good,32.7,54.4,11.7,1.7,1.04,44.4,36.7,82.3,9.4,25,6,57,0,86,0,,
181,30/06/2023,1,115.5,Unhealthy for Sensitive Groups,63.5,110,21.6,7.4,1.79,30.7,31.9,66,10.1,117,35,261,2,420,0,,
2075,05/09/2025,2,90.3,Moderate,57.6,101,22.7,3.2,2.29,46.3,29.1,77.3,10,63,19,145,1,227,0,,
2671,23/04/2024,3,79.9,Moderate,38.3,69.4,17,5.4,1.69,46.4,29.1,64,15.3,41,12,93,,155,0,,
279,06/10/2023,1,195.9,unhealthy,122.5,224.5,58.4,12.6,3.79,66.5,23,63.9,9.1,193,58,434,4,693,1,,
1570,18/04/2024,2,141.3,Unhealthy for Sensitive Groups,89.5,142.2,34.6,14.8,2.11,53.2,31.6,65.8,13,96,28,216,2,341,0,,
2553,27/12/2023,3,108.5,Unhealthy for Sensitive Groups,80.1,122.8,33.3,7.9,2.06,53.2,13.3,27.8,14.2,54,16,120,1,192,0,,
1697,23/08/2024,2,70.1,Moderate,44.9,79.6,9.3,4.8,1.32,29.6,33.5,80.6,11,60,17,137,1,214,0,,
4108,30/03/2025,4,122.4,Unhealthy for Sensitive Groups,79,130.7,33.8,9.2,2.24,45.8,29.6,51.5,10.9,49,16,114,,185,0,,
583,05/08/2024,1,94.3,Moderate,59.4,96.2,12,4.4,2.48,45.7,29.4,74,6.8,120,38,278,2,444,0,,
1435,05/12/2023,2,203.6,Very Unhealthy,125.9,229.8,43.3,14.7,3.74,61.1,23.4,31.9,9.8,123,37,281,2,447,1,,
1528,07/03/2024,2,168,Unhealthy,109.5,178.4,35.8,17.5,3.29,60.7,25.1,46.9,6.9,129,39,292,3,463,1,,
3095,21/06/2025,3,7.7,Good,17.7,32.3,10.1,0,0.5,25.4,28.8,84.6,5.7,26,7,65,1,100,0,,
4250,19/08/2025,4,46.1,Good,30,56.9,7.1,5.4,0.51,42.6,28.8,83.8,8.7,26,9,70,0,102,0,,
505,19/05/2024,1,106.7,Unhealthy for Sensitive Groups,61.5,102.2,20.3,10,1.75,68.5,26.8,78.2,10.2,174,54,398,3,629,0,,
58,27/02/2023,1,297.9,Very Unhealthy,188.5,331.9,59.9,18.1,6.92,74,21,41.2,12.1,263,81,591,5,952,1,,
2733,24/06/2024,3,45.4,Good,23.1,42.5,6.1,4.3,0.84,45.1,37.8,89.1,8.9,26,7,61,0,93,0,,
2904,12/12/2024,3,117,Unhealthy for Sensitive Groups,70,108.7,30.5,9.7,2.13,59.7,14.1,41.8,9.7,51,15,109,1,176,0,,
1612,30/05/2024,2,84.9,Moderate,49,82.8,19.6,6.8,1.46,51.8,35.8,71.4,16.3,67,19,152,1,247,0,,
3469,30/06/2023,4,47.5,good,29.7,55.7,14.1,8,0.9,65.2,32.5,87.9,7.5,21,6,49,0,80,0,,
739,08/01/2025,1,261.9,Very Unhealthy,167.8,272,50.8,29.9,5.32,65,18.5,39.7,10,329,102,738,6,1183,1,,
2709,31/05/2024,3,52.9,Moderate,33.1,54.7,13.2,6.9,0.51,52,30.2,72.8,10.4,34,10,75,1,120,0,,
2334,22/05/2023,3,53.7,Moderate,35.9,55.3,11.8,3.7,0.97,41,29.7,63.5,10,33,10,77,1,120,0,,
1024,20/10/2025,1,229.7,Very Unhealthy,148.7,274.1,49.8,21.8,3.67,63.9,20.4,52.5,10.5,240,72,538,5,862,1,,
3735,22/03/2024,4,142.9,Unhealthy for Sensitive Groups,82.7,147.9,27.6,14.5,2.2,66.3,25.3,33.9,7.3,41,12,95,1,149,0,,
3654,01/01/2024,4,167,Unhealthy,111.5,175.3,40.4,16.7,3.63,57.3,17.3,36.7,4.7,44,14,101,1,160,1,,
1441,11/12/2023,2,174.2,Unhealthy,109.1,166.8,36.1,16.4,2.46,46,16.4,38.4,4.6,147,46,337,3,529,1,,
347,13/12/2023,1,265.8,Very Unhealthy,168,284.6,61.7,29.2,7,52.9,20.8,28.6,13.3,303,93,677,6,1077,1,,
503,17/05/2024,1,126.8,Unhealthy for Sensitive Groups,82.9,157,24.7,12.1,3.26,44.6,33.2,74.3,14.3,146,45,331,3,531,0,,
1233,17/05/2023,2,114.9,Unhealthy for Sensitive Groups,66.8,124.4,22,11.2,1.64,30.5,31.6,67.5,13.4,81,24,184,2,296,0,,
4224,24/07/2025,4,41.9,Good,24.5,40.5,9.5,5.6,0.91,23.6,33.8,83.3,11.1,23,7,54,0,86,0,,
834,13/04/2025,1,211.9,Very Unhealthy,130.3,199.3,47.4,25.2,4.41,76.1,28,65.2,9.8,244,75,544,5,876,1,,
3223,27/10/2025,3,90.8,Moderate,52.3,80.8,19.5,6.4,1.26,26.5,19.3,56.6,8.6,39,11,92,1,144,0,,
2786,16/08/2024,3,47,Good,30.2,48.9,12.7,4.4,0.52,48.2,32.1,73.8,9.3,29,7,63,0,101,0,,
1926,09/04/2025,2,123.7,Unhealthy for Sensitive Groups,81.3,144.4,15.1,12.9,2.62,54.5,29.9,60,7.6,89,28,198,2,323,0,,
1858,31/01/2025,2,195.2,Unhealthy,119.8,211.8,31.7,17.5,3.71,56,26,29.7,5,131,40,293,3,475,1,,
1313,05/08/2023,2,56.5, Moderate,36.8,56.6,6,5.4,1.27,47,33.3,84.7,5.8,55,16,125,1,193,0,,
4003,15/12/2024,4,164.2,Unhealthy,103,165.2,31.3,14.9,2.8,58.7,19.5,35.7,10.5,57,17,128,1,207,1,,
1410,10/11/2023,2,158.3,Unhealthy,103.9,162.1,38.6,13.3,2.7,31.9,24,32.9,16.6,107,33,244,2,391,1,,
1943,26/04/2025,2,130.7,Unhealthy for Sensitive Groups,83.8,152.7,26.9,11,2.7,31.9,30.5,54.7,8.2,88,27,194,2,319,0,,
1003,29/09/2025,1,163,Unhealthy,108.6,184.8,41.1,13.1,4.51,51.6,28.9,49.9,14.8,204,63,465,4,743,1,,
1009,05/10/2025,1,194.8,Unhealthy,129.9,241.4,60.2,17.1,4.64,29.3,24.2,64.1,11.2,207,65,468,4,750,1,,
4265,03/09/2025,4,67.8,Moderate,36,64.2,9.5,5.3,1.31,53.1,29.8,67.7,9.1,27,8,65,0,104,0,,
566,19/07/2024,1,104.6,Unhealthy for Sensitive Groups,61.1,111.1,25.8,5.5,2.01,44.2,33.5,89.9,9.9,114,35,256,2,416,0,,
264,21/09/2023,1,132.6,Unhealthy For Sensitive Groups ,87.8,137.1,30.5,13.5,1.99,64.7,25.3,60.4,12.7,160,48,356,3,573,0,,
1988,10/06/2025,2,65.7,Moderate,44.9,70.9,15.4,1.3,1.4,39.4,35.7,72.2,6,60,17,134,1,218,0,,
382,17/01/2024,1,354.3,Hazardous,215.1,387,72.6,33.5,8.27,78.2,18.5,27.6,19,357,109,790,7,1278,1,,
2959,05/02/2025,3,89.5,Moderate,60.8,106.5,13.6,2,1.09,47,16.4,31.9,9.9,54,16,122,1,203,0,,
3978,20/11/2024,4,145.8,Unhealthy for Sensitive Groups,81.7,139.5,33.7,8.7,2.98,62.7,21.5,35.4,3,41,12,91,1,150,0,,
3916,19/09/2024,4,77,Moderate,49.6,78.9,15.2,10.8,1.66,47.7,32.3,67.9,,32,10,64,1,104,0,,
3379,01/04/2023,4,115.1,Unhealthy for Sensitive Groups,67.1,102.1,21.4,9.6,2.07,61.4,27,59.7,10.8,47,14,104,1,169,0,,
1103,07/01/2023,2,206.9,Very Unhealthy,134.2,243.9,55.5,13,5.06,57.4,22.5,25,9.2,141,43,317,3,504,1,,
2964,10/02/2025,3,113,Unhealthy for Sensitive Groups,73.2,113.4,23.3,9.2,1.77,59.5,19.3,37.9,10,61,19,140,1,224,0,,
1872,14/02/2025,2,166.7,Unhealthy,108,196.2,26.7,14.9,2.09,69,23.1,39.6,9.2,107,32,240,2,387,1,,
3019,06/04/2025,3,79.6,Moderate,51.1,95.4,24.8,6,1.68,57,24.6,39.1,14.1,35,11,81,1,134,0,,
3329,10/02/2023,4,143.6,Unhealthy for Sensitive Groups,87.1,137.6,41.1,13.9,3.11,40.8,15.5,40.3,3.9,56,18,125,1,200,0,,
4366,13/12/2025,4,144.2,Unhealthy for Sensitive Groups,96.5,153.2,20.2,11.8,2.65,67.1,21.1,27.1,4.5,57,18,128,1,208,0,,
2608,20/02/2024,3,100.2,Unhealthy for Sensitive Groups,59.2,106.3,23.7,9.8,2.15,59.1,17.4,25.4,1.4,59,18,136,1,217,0,,
140,20/05/2023,1,174,Unhealthy,106.6,176.2,35.5,15,3.31,47.6,32,,8.5,160,50,367,3,581,1,,
2524,28/11/2023,3,105.5,Unhealthy for Sensitive Groups,66,124,21.9,7.4,2.23,53.2,15,39,11.2,50,15,115,1,184,0,,
33,02/02/2023,1,275.7,Very Unhealthy,167.9,261.7,64.2,29.6,5.01,60.1,18.5,23.8,12.2,306,93,683,6,1092,1,,
115,25/04/2023,1,168.1,Unhealthy,108.8,189.8,36.3,9.2,4.25,58.5,32.2,57.4,11.4,195,61,447,4,712,1,,
2557,31/12/2023,3,129,unhealthy for sensitive groups,76.5,122.8,21.7,9.7,2.28,57,16.6,32.3,12.2,58,19,136,1,214,0,,
3800,26/05/2024,4,71.1,Moderate,44.9,75.6,16.1,7.4,2.1,48.9,34.5,67.6,5.7,31,10,81,1,116,0,,
241,29/08/2023,1,98.8,Moderate,,108.5,24.8,6,2.78,34.4,28.9,70.4,13,131,40,297,3,468,0,,
1407,07/11/2023,2,157.8,Unhealthy,96.4,149.6,24.3,12.4,3.59,44.5,25,41.9,15.2,90,27,208,2,327,1,,
2694,16/05/2024,3,52.6,Moderate,35.7,57.7,14.7,6.9,1.48,63.3,29.3,71.8,11.5,30,9,76,1,119,0,,
1901,15/03/2025,2,173.5,Unhealthy,101.4,162.2,34.9,8.5,2.37,54.3,28.4,43.8,2.4,125,40,289,2,460,1,,
1676,02/08/2024,2,55.6,Moderate,38.5,60.3,12.8,2.9,0.76,39.7,32.5,84.7,16.5,57,17,129,1,205,0,,
4198,28/06/2025,4,55,Moderate,35.1,62.8,14.8,3.4,1.66,25.9,36.4,75.7,7,24,7,55,0,88,0,,
1947,30/04/2025,2,128.6,Unhealthy for Sensitive Groups,79.1,131.4,36,10.6,1.92,51.4,27.2,61.7,13.5,93,28,210,2,336,0,,
394,29/01/2024,1,316,Hazardous,197.3,309.8,82.5,32.7,5.98,73.1,17.9,32.6,7.8,245,75,548,5,884,1,,
3583,22/10/2023,4,117.2,Unhealthy For Sensitive Groups ,75.8,128.3,29.3,12.3,2.32,66.9,23.3,57.5,12.5,38,12,89,1,141,0,,
3807,02/06/2024,4,58.3,Moderate,36.5,63.5,17.2,3.9,1.12,36.6,36,,17.8,22,7,55,0,91,0,,
3611,19/11/2023,4,158.4,Unhealthy,100.7,170.7,40.2,9.6,2.69,53.3,25,29.5,13,56,16,123,1,194,1,,
2144,13/11/2025,2,131.3,Unhealthy for Sensitive Groups,81.2,125.4,31,8.2,2.31,69.9,23.9,,6.1,120,36,269,2,436,0,,
281,08/10/2023,1,187.6,Unhealthy,117.1,215.2,37.8,11.9,3.39,39,25.8,61.4,4.1,170,53,384,3,623,1,,
218,06/08/2023,1,100.7,Unhealthy for Sensitive Groups,65.6,101.4,25.4,10.1,1.51,55.8,33.8,86.4,7.8,112,34,253,2,407,0,,
2563,06/01/2024,3,123.8,Unhealthy for Sensitive Groups,77.5,128.2,25,6.6,2.08,50.4,17.3,36.3,9.7,65,20,146,1,237,0,,
984,10/09/2025,1,149.4,unhealthy for sensitive groups,98.1,183.6,41.8,14.2,2.27,46,26.1,64.5,9,167,51,378,3,596,0,,
190,09/07/2023,1,100.2,Unhealthy for Sensitive Groups,63.1,106.4,20.5,9.7,1.88,38.3,30.7,78.5,7.3,113,33,253,2,408,0,,
3366,19/03/2023,4,82.4,Moderate,60,101.5,24.3,6.3,1.64,58.9,23.5,36.4,9.3,44,14,102,1,160,0,,
554,07/07/2024,1,104.6,Unhealthy for Sensitive Groups,69.2,110.3,17.8,9.9,1.44,68.3,33.4,70.4,4.8,119,36,267,2,428,0,,
3524,24/08/2023,4,52.8,Moderate,40.5,64.7,15.8,8.3,1.62,32.8,32.5,85.5,14.4,25,7,61,,92,0,,
3447,08/06/2023,4,52.7,Moderate,42.3,79.6,12.3,3.3,1.11,34.9,36.1,79.6,10.2,30,8,67,1,104,0,,
3160,25/08/2025,3,47.7,Good,23.6,37.9,7.1,0.8,0.3,44.2,29.8,75.5,12.8,28,9,64,1,99,0,,
3131,27/07/2025,3,43.1,Good,21.5,33.5,6.7,5.2,0.92,18.5,31.3,73.4,8.2,24,7,57,0,88,0,,
1129,02/02/2023,2,237.1,Very Unhealthy,146.4,268.8,45.3,19.7,3.14,34.5,18.9,44.9,14.1,139,44,315,3,503,1,,
3858,23/07/2024,4,46.6,Good,32.8,53.9,14,7.7,0.99,53.4,34.5,74.7,10.8,22,7,50,0,80,0,,
2521,25/11/2023,3,95,Moderate,64,105,19.9,8.9,1.71,32.9,16.8,40.4,15.5,56,16,126,1,195,0,,
3225,29/10/2025,3,60.6,Moderate,51.1,91.4,11.5,9.3,1.81,43.9,18.7,49.2,6.6,40,12,92,1,160,0,,
2168,07/12/2025,2,181,Unhealthy,116.4,196.3,51.8,18.9,2.97,50.1,21.6,24.7,10.6,100,30,229,2,363,1,,
4103,25/03/2025,4,127.1,Unhealthy for Sensitive Groups,79.4,139.7,30.4,10,3.02,41.9,21.1,52.7,7.2,48,14,109,1,178,0,,
740,09/01/2025,1,236,Very Unhealthy,155.4,260.4,44.3,11.8,4.78,76,14.6,42.4,12,347,106,784,7,1241,1,,
4143,04/05/2025,4,76.9,Moderate,57.9,108.9,16.6,4.9,1.49,13.8,29.9,66.9,13,40,12,95,1,143,0,,
3672,19/01/2024,4,154.6,Unhealthy,102.1,161.6,27.2,9.2,1.96,65.6,18.4,32.7,9.8,52,16,122,1,187,1,,
1581,29/04/2024,2,79.5,Moderate,56.4,106.1,26.1,6.1,2.04,53,30.5,66.1,13.7,85,26,192,2,310,0,,
667,28/10/2024,1,206.7,Very Unhealthy,120.6,207.7,50,19.6,3.14,56.7,18.8,59.5,10.1,229,70,521,5,828,1,,
2479,14/10/2023,3,73.5,Moderate,52.6,96.9,20.2,5.7,1.43,65.6,21.1,55.1,9.4,43,12,94,1,155,0,,
632,23/09/2024,1,214.6,Very Unhealthy,127.6,195.9,39.7,12.7,2.48,52.6,25.4,60.3,17.4,160,48,362,3,576,1,,
3706,22/02/2024,4,125.6,Unhealthy for Sensitive Groups,94.1,161.8,23,7.5,3.28,66.5,21,45.1,13.7,55,18,127,1,199,0,,
1490,29/01/2024,2,178.5,Unhealthy,103.7,160.7,30.8,14.7,3.28,60.7,22.1,27.8,13.9,129,39,288,3,461,1,,
3002,20/03/2025,3,110,Unhealthy for Sensitive Groups,66.7,124.2,14.5,8.4,1.23,47.6,21.7,44.3,17.2,45,14,102,1,168,0,,
4336,13/11/2025,4,136.8,Unhealthy for Sensitive Groups,86.6,159,38.1,10,1.94,41,22,48.3,5.1,48,14,114,1,171,0,,
13,13/01/2023,1,290.4,Very Unhealthy,180.5,300.9,54.8,29.3,6.55,64,15.5,19.4,15.6,273,84,610,5,973,1,,
486,30/04/2024,1,158,Unhealthy,105.7,182.7,37.9,17.6,3.48,73,30.6,62.8,7.6,194,60,444,4,709,1,,
2646,29/03/2024,3,100.3,Unhealthy for Sensitive Groups,59.3,98.9,26.8,4.5,1.54,52.8,24.7,52.5,7.3,46,14,105,1,162,0,,
3241,14/11/2025,3,87.1,Moderate,51.5,91.3,22.3,7.8,1.21,36.3,20.2,36.2,6.2,45,14,103,1,166,0,,
2755,16/07/2024,3,36.2,Good,22.7,38.9,7.4,1.1,0.42,53.3,31.8,82,7,26,8,62,0,97,0,,
3318,30/01/2023,4,152.5,Unhealthy,97.1,159.7,34.5,9.2,3.02,73.8,24.5,33.6,8.2,49,14,116,1,180,1,,
3155,20/08/2025,3,26.5,Good,25.1,47.4,6.8,1.2,0.84,51.7,27.3,70,16.3,26,8,64,1,103,0,,
4056,06/02/2025,4,198.1,Unhealthy,117,203,35.3,9.6,2.47,53,20.4,33.8,8.6,62,19,138,1,219,1,,
2018,10/07/2025,2,35.7,Good,30.3,48.9,11.1,1,0.86,30,33.2,80.9,12.8,49,15,112,1,181,0,,
2932,09/01/2025,3,117.4,Unhealthy for Sensitive Groups,76.9,143.2,25,11.8,1.32,52.4,20.5,26.8,10.7,47,13,100,1,161,0,,
3171,05/09/2025,3,45.6,Good,27.4,42.9,7.8,4.2,0.56,38,24.4,72.2,8.5,33,10,68,1,112,0,,
3465,26/06/2023,4,63.9,Moderate,32.6,55.6,7,2.5,0.76,49.9,33.6,77,14.6,23,7,54,1,85,0,,
1831,04/01/2025,2,163.1,Unhealthy,105.8,162.2,33.3,18.4,3.82,52.9,22,25.8,15.9,120,36,269,2,428,1,,
2162,01/12/2025,2,172.1,Unhealthy,109.6,205.6,38.2,16.1,4.26,60,18.3,32.8,17.1,115,36,267,2,420,1,,
1832,05/01/2025,2,233.6,Very Unhealthy,140.4,212.1,40.2,12.5,3.36,51.7,22.2,31.5,7.5,116,35,262,2,421,1,,
2259,08/03/2023,3,114.9,Unhealthy for Sensitive Groups,73.3,119.9,26.8,9.3,1.64,33,20.6,37.2,12.9,53,15,120,1,183,0,,
3422,14/05/2023,4,71,moderate,41.8,74.9,7.8,3.9,1.64,46.4,28.5,66,4.6,31,10,77,,125,0,,
159,08/06/2023,1,105.9,Unhealthy for Sensitive Groups,63.8,107.5,24.8,7.5,2.63,41.9,35.4,76.7,15.9,152,45,340,3,548,0,,
4328,05/11/2025,4,142,Unhealthy for Sensitive Groups,85.6,158.4,26.2,14.5,3.69,44.7,19.6,52.7,9.8,48,14,111,,179,0,,
1579,27/04/2024,2,108.1,Unhealthy for Sensitive Groups,68.5,103,26.8,4.5,2.12,49.6,31.5,59.5,12.4,76,23,175,1,271,0,,
4114,05/04/2025,4,90.8,Moderate,64.5,116.6,27.7,10.6,1.79,52.5,29.8,53.6,11.1,53,16,120,1,187,0,,
1597,15/05/2024,2,96.2,Moderate,54.8,99.5,22.1,5.8,1.57,60.5,32.8,71.9,8.5,78,24,178,1,279,0,,
2791,21/08/2024,3,35.1,Good,25.1,46.5,8.5,1.7,0.31,15.9,28.4,72.2,10.9,25,8,58,0,97,0,,
1618,05/06/2024,2,76.8,Moderate,44.7,80.8,16.2,9.2,0.85,44.7,32.7,68.8,4.8,67,19,144,1,243,0,,
2191,30/12/2025,2,174.9,Unhealthy,106.7,174.2,39.5,16.1,2.53,63.2,24.5,,11.9,133,41,300,3,477,1,,
1124,28/01/2023,2,171.2,Unhealthy,108.5,177.1,37.7,13,3.54,27.8,23.1,21.5,10.1,122,36,277,2,443,1,,
1258,11/06/2023,2,73.1,Moderate,45,67.9,18.8,5.1,1.2,34.6,34.6,83.4,9,54,16,131,1,206,0,,
3851,16/07/2024,4,47.6,Good,31.1,49.3,7.9,4.4,1.36,31.6,36.2,83.8,9.9,23,7,56,0,83,0,,
227,15/08/2023,1,131.6,Unhealthy for Sensitive Groups,77.8,138.1,30.8,10.1,2.45,48.2,32.8,80.3,13.3,109,34,247,2,395,0,,
3181,15/09/2025,3,64.6,Moderate,37.4,67.4,13.3,6.5,0.93,51.9,28.2,65.9,9.1,31,9,71,1,114,0,,
3438,30/05/2023,4,69.9,Moderate,42,63.9,15.8,5,1.63,26.9,34.8,65.8,17.5,28,9,67,,115,0,,
2022,14/07/2025,2,56.2,Moderate,37.6,71.2,10.9,6.4,0.68,39.1,37.5,93.3,14.7,54,17,122,1,189,0,,
3557,26/09/2023,4,83.1,Moderate,47.5,88.9,7.7,6,1.66,33.4,27.7,62.7,3,37,11,81,1,135,0,,
2023,15/07/2025,2,49.9,Good,36,59.2,12,3.3,1.26,29.9,39.2,76.8,13.6,51,15,116,1,192,0,,
1766,31/10/2024,2,172.6,Unhealthy,105.3,177.1,45.2,15.5,3,47.2,23.7,40.6,14.1,86,26,194,2,314,1,,
2501,05/11/2023,3,106.7,Unhealthy for Sensitive Groups,63.9,109.8,26.7,5.6,1.62,44,19.3,54.2,10.2,45,13,99,1,160,0,,
2042,03/08/2025,2,47.5,Good,37,58.8,10.6,7.4,0.96,28.2,34.1,75.7,14,60,18,134,1,212,0,,
3744,31/03/2024,4,129.8,Unhealthy for Sensitive Groups,78.3,118.8,31.9,12.2,2.07,39.4,29.1,58.8,15,45,14,103,1,160,0,,
1845,18/01/2025,2,153.8,Unhealthy,97,150.1,39.3,12.5,3.29,60.7,16.8,29.8,3.6,147,44,332,3,526,1,,
2901,09/12/2024,3,109.6,Unhealthy for Sensitive Groups,62.1,93.4,17.5,7.9,1.4,56.8,16.3,22.9,,57,17,132,1,212,0,,
2706,28/05/2024,3,65,Moderate,36.4,56.1,14.4,6.3,0.74,59,29.3,50.2,7.5,27,10,67,0,106,0,,
4069,19/02/2025,4,175.3,Unhealthy,99.4,153.4,47.5,7.9,2.84,37.2,22.8,33.5,13.9,50,14,119,1,188,1,,
2302,20/04/2023,3,88,Moderate,53.1,84.2,21.1,6.6,1.36,44.6,21,,9.4,47,14,104,,168,0,,
3548,17/09/2023,4,66.1,Moderate,43.5,79.7,15.3,5.8,0.61,34.7,29.4,59.7,9.5,27,8,66,0,,0,,
708,08/12/2024,1,312.9,Hazardous,196.1,351.8,67.6,16.2,7.59,68.4,17.5,30.7,14,331,102,737,6,1176,1,,
4025,06/01/2025,4,189.6,Unhealthy,117.8,220.3,34.1,11.5,3.25,47.4,19.5,24.3,4.7,62,18,136,1,213,1,,
2922,30/12/2024,3,108.5,Unhealthy for Sensitive Groups,71.2,108.8,21.9,11.1,2.12,47.1,18.7,30.7,8.7,46,14,103,1,161,0,,
3534,03/09/2023,4,73.2,Moderate,37.5,57.4,7.6,4.2,1.5,52,30,69.5,6.7,29,9,68,1,112,0,,
2155,24/11/2025,2,173.8,Unhealthy,108.4,166.5,37.6,13.1,3.05,57.4,20,33.6,7.5,112,35,258,2,411,1,,
1791,25/11/2024,2,211.6,Very Unhealthy,125.8,196.3,40.8,18.9,4.53,57.5,20.3,36.1,15.9,136,42,311,3,494,1,,
1172,17/03/2023,2,172.5,Unhealthy,109.2,191.7,30.5,11.9,3.55,70.6,26.6,42.1,10.2,117,36,267,2,427,1,,
1229,13/05/2023,2,95.8,Moderate,57.9,101.7,25.9,11,1.86,31,33.8,69.3,11.3,80,25,187,2,303,0,,
1622,09/06/2024,2,82.3,Moderate,47.7,90.2,13.5,7.4,1.55,43.2,38,67.6,3.8,60,18,136,1,219,0,,
3099,25/06/2025,3,40.2,Good ,23.7,43.4,3.5,0.9,0.75,24.9,31.6,70.7,7,24,6,54,0,85,0,,
4008,20/12/2024,4,140.9,Unhealthy for Sensitive Groups,84.2,146,32.8,8.2,1.91,50.1,20.6,31.6,,57,17,129,,204,0,,
2424,20/08/2023,3,41.7,Good,28.1,52,12.4,3.8,0.63,58.6,25.9,68.5,9.8,28,8,61,1,99,0,,
327,23/11/2023,1,210.8,Very Unhealthy,136.9,257.2,41.8,18.1,4.7,95.8,17.3,37.6,6.7,282,88,637,6,1016,1,,
2472,07/10/2023,3,72.9,Moderate,46.1,74.1,14.4,5.5,0.96,39.4,21.5,56.3,18.8,39,11,79,1,136,0,,
477,21/04/2024,1,205.8,Very Unhealthy,130.4,218,53.8,24.9,4.8,57.3,27.4,64.2,14.1,213,65,476,4,767,1,,
2015,07/07/2025,2,58.1,Moderate,33.6,58.3,15.9,2.5,0.9,27.9,34.1,82.6,4.9,49,15,120,1,184,0,,
2221,29/01/2023,3,129.5,Unhealthy for Sensitive Groups,83.7,133.8,36,9.4,3.02,39.6,17,28.1,7.6,60,19,142,1,225,0,,
2224,01/02/2023,3,133.1,Unhealthy for Sensitive Groups,86.4,153.8,33.8,13.2,2.02,29.4,17.8,36.9,,61,19,137,1,221,0,,
4275,13/09/2025,4,73.7,Moderate,49.2,84.2,20.1,9,1.68,38.4,23.7,74.4,10.1,30,9,66,1,106,0,,
2744,05/07/2024,3,16.7,Good,19.4,33.4,4.4,4.3,0.83,51.1,33.1,79.4,14.5,24,7,57,0,95,0,,
1662,19/07/2024,2,62.9,Moderate,38.5,66.1,8,6,1.4,41.9,36.5,73.6,7.2,51,17,120,1,195,0,,
1543,22/03/2024,2,173.9,Unhealthy,104.9,177.2,43.8,9.3,3.19,51.9,24.9,47.5,9.3,115,34,259,2,410,1,,
2984,02/03/2025,3,71.1,Moderate,49.2,85.6,14.8,0.4,1.63,35.6,21.2,37.6,7.8,48,15,107,1,181,0,,
524,07/06/2024,1,105.2,Unhealthy for Sensitive Groups,69.8,115.9,26.2,7.6,2.52,43.2,32.9,89,7.6,128,38,290,3,468,0,,
2797,27/08/2024,3,47.5,Good,31.2,52.1,9,5.4,1.01,33.9,26.5,71,17.9,26,7,64,1,112,0,,
204,23/07/2023,1,92,Moderate,57.6,106.1,17.9,10.6,1.89,32.3,32.9,84.7,4.4,113,34,257,2,408,0,,
3533,02/09/2023,4,59.7,Moderate,39.5,62.6,20.8,3.6,1.27,44.7,34.6,67,6.3,29,9,70,1,111,0,,
731,31/12/2024,1,337.4,Hazardous,207.3,393,61.3,17.2,4.04,48.8,17,28.3,12.9,345,106,774,7,1237,1,,
2750,11/07/2024,3,34.1,Good,18.2,32.4,0.8,3.4,0.56,51,32.5,78.3,9.9,26,7,58,0,97,0,,
1551,30/03/2024,2,138.6,Unhealthy for Sensitive Groups,87.5,139.4,27.7,15.9,2.25,50.5,27.2,,11.7,105,32,246,2,380,0,,
1261,14/06/2023,2,70.2,Moderate,49.1,92.7,21.8,9.7,1.28,27.4,34.7,71.2,7.9,60,19,139,1,226,0,,
998,24/09/2025,1,185.5,Unhealthy,108.5,163.8,45.3,17.4,3.84,56.8,26.1,63,10.2,182,56,413,4,656,1,,
2005,27/06/2025,2,76.8,Moderate,42.8,78.6,18.8,5.8,1.24,48,32,83.7,5.1,53,17,123,,202,0,,
253,10/09/2023,1,141,Unhealthy for Sensitive Groups,96.1,181,35.5,15.6,3.44,32.3,26,60.8,2.5,135,40,301,3,483,0,,
101,11/04/2023,1,175.5,Unhealthy,118.6,187.2,43.8,12.5,2.91,58.7,22,52.1,10.8,197,60,447,4,718,1,,
3322,03/02/2023,4,155.7,Unhealthy,96.4,182,31.7,12.6,3.2,42.3,21.4,40.6,11,60,18,142,1,219,1,,
1397,28/10/2023,2,159.4,Unhealthy,106.4,163,44.9,9.2,2.08,65.7,23.4,48.9,5.7,99,30,224,2,355,1,,
821,31/03/2025,1,223.7,Very Unhealthy,143.8,259.5,62.1,25.3,5.14,46.5,26.5,,4.3,262,81,592,5,952,1,,
752,21/01/2025,1,307.2,Hazardous,194.7,350.5,80.8,30.4,8.02,57,15,36.5,14.5,316,98,709,6,1135,1,,
3730,17/03/2024,4,137.3,Unhealthy for Sensitive Groups,82.5,124.4,39.3,10.9,1.7,46.8,25,48.5,10.4,56,18,122,1,201,0,,
489,03/05/2024,1,141.1,Unhealthy for Sensitive Groups,95.3,150.9,32.1,9.8,3.57,48,25.6,59.2,18.7,186,57,416,4,674,0,,
4020,01/01/2025,4,164.7,UNHEALTHY ,99.8,164.8,30.9,10.2,1.91,49.7,21.5,33.1,17.5,60,19,138,1,223,1,,
1719,14/09/2024,2,87.3,Moderate,54.4,84.6,19.9,5,2.09,37.6,31.2,61.2,5.9,76,23,167,1,270,0,,
1906,20/03/2025,2,166.3,Unhealthy,108.6,182.7,35.5,15.9,3.1,32.3,23.5,55.1,12.2,109,33,246,2,392,1,,
3810,05/06/2024,4,53.8,Moderate,,75.9,4.8,4.4,1.1,57.4,31.8,74.1,8.6,27,7,62,1,100,0,,
1556,04/04/2024,2,143.8,Unhealthy for Sensitive Groups,92.2,158,25.5,10.5,2.32,45.2,31.1,41.3,16.3,92,28,209,2,334,0,,
3191,25/09/2025,3,55.1,Moderate,32.9,57.6,2.6,5.6,0.84,33.4,18.4,69.5,9.4,34,10,82,1,125,0,,
3888,22/08/2024,4,48.5,Good,37.9,67.7,10.7,4.2,1.04,27,30.2,64.7,,30,9,68,1,107,0,,
2099,29/09/2025,2,106.9,Unhealthy for Sensitive Groups,67.7,108.4,19.7,9.2,1.99,36.4,26.9,70.6,9.6,68,19,158,,257,0,,
3024,11/04/2025,3,63.1,Moderate,39.7,64.6,16.5,4.7,1.15,62.9,24.1,59,13.7,38,12,90,1,141,0,,
2511,15/11/2023,3,108.9,Unhealthy for Sensitive Groups,67.1,111.9,21.8,14.5,2.75,45.5,20.4,53.1,18.5,48,15,111,1,184,0,,
3067,24/05/2025,3,52.2,Moderate,30.6,52.4,11,4.4,1.14,35.8,27.9,68.5,18.4,27,9,62,1,104,0,,
1788,22/11/2024,2,201.3,Very Unhealthy,127.5,201.3,56.3,17.3,3.11,56.7,23.2,40.2,5.9,115,35,259,2,421,1,,
3658,05/01/2024,4,163,Unhealthy,104.8,162.9,26.6,9.7,4.26,57.2,15.4,21.9,5.8,58,18,129,1,213,1,,
3120,16/07/2025,3,38,Good,16.8,28.2,10.8,1.5,0.56,36.7,30.8,78.3,11.8,26,8,59,0,92,0,,
2445,10/09/2023,3,56.5,Moderate,31.2,49.7,16.3,6,0.8,44.9,24.3,65.2,16.5,31,11,75,1,120,0,,
979,05/09/2025,1,108.6,Unhealthy for Sensitive Groups,74.1,126.5,19.8,11.3,1.76,58.7,26.6,50.9,4.1,140,42,317,3,505,0,,
225,13/08/2023,1,97.1,Moderate,61.6,105.2,22.4,3.3,2.48,52.5,31.2,78.5,13.9,120,36,275,2,433,0,,
2502,06/11/2023,3,86.8,Moderate,54.2,82.9,23.3,7.1,1.69,40,19.8,41.2,8.2,46,14,105,1,162,0,,
775,13/02/2025,1,298.9,Very unhealthy ,193.3,324.2,58.9,24.1,6.12,81.1,20.4,,3.5,357,110,806,7,1281,1,,
1465,04/01/2024,2,206.4,Very Unhealthy,118.3,186.7,38.2,15.2,2.85,47.8,17.3,35.7,15.9,129,39,280,3,461,1,,
3616,24/11/2023,4,118.8,Unhealthy for Sensitive Groups,76.7,115,17.1,11.1,2.07,73.4,22.4,33.4,16.6,56,17,120,1,200,0,,
2446,11/09/2023,3,53.8,Moderate,,59.9,16.9,4.8,0.9,43.2,26.3,67,0.5,33,10,72,1,122,0,,
173,22/06/2023,1,87.4,Moderate,56.5,103.5,24.6,5.8,1.55,51,33.4,,6.8,120,37,270,2,429,0,,
4158,19/05/2025,4,75.1,Moderate,39.6,72.9,8.9,2.2,0.93,39,33.4,68.7,10,29,9,68,1,110,0,,
918,06/07/2025,1,108.6,Unhealthy for Sensitive Groups,64.3,105,23.6,12.3,2.35,63.8,34,,8.3,130,40,293,3,470,0,,
111,21/04/2023,1,175.1,Unhealthy,117.3,192.8,41.1,18.8,3.68,50.9,27.7,60.8,6.7,195,60,436,4,701,1,,
3700,16/02/2024,4,139.6,Unhealthy for Sensitive Groups,93.5,163.7,36,11.1,3.18,40.9,21.8,31.3,5.2,51,15,118,1,189,0,,
337,03/12/2023,1,246.9,Very Unhealthy,159.7,285.7,59,19.9,6.77,62.1,19.3,44.5,6,255,78,576,5,913,1,,
1853,26/01/2025,2,201.3,Very Unhealthy,131.7,219.7,56.4,10,4.82,56.1,24,27.1,12.3,148,45,333,3,535,1,,
491,05/05/2024,1,178.8,Unhealthy,113.1,206.2,33.2,16.7,3.24,63.2,30.8,69.6,6.1,193,59,436,4,695,1,,
2037,29/07/2025,2,63.1,Moderate,,64.7,22.2,6.2,0.94,29.9,35,75.3,14.1,54,16,123,1,201,0,,
4160,21/05/2025,4,50.7,Moderate,,73.6,15.1,1.3,1.43,37.7,29.8,70.2,7.4,36,11,82,1,129,0,,
1280,03/07/2023,2,66.7, Moderate,,61.4,13.4,6.7,1.55,46.9,34.8,78.9,,51,15,110,1,177,0,,
2604,16/02/2024,3,96.7,Moderate,65.6,103.5,23.3,9.5,1.61,22.3,21.3,30.1,11.2,46,13,103,1,167,0,,
1154,27/02/2023,2,150.3,Unhealthy,101.5,155.3,36.7,8.6,2.14,30.9,25.6,37.2,4.7,131,41,294,3,472,1,,
2235,12/02/2023,3,125.6,Unhealthy for Sensitive Groups,78.3,146.9,25.7,9.5,2.19,46.2,19.6,41.4,5.6,56,17,123,1,202,0,,
2170,09/12/2025,2,182.6,Unhealthy,104.3,191.3,40.7,5.2,3.89,55.3,21.3,36.2,5.1,121,37,272,2,430,1,,
1299,22/07/2023,2,41.4,Good,29.9,55.2,17.4,2.3,0.96,27.4,35.4,80.1,16.3,53,17,120,1,194,0,,
25,25/01/2023,1,263.8,Very Unhealthy,171.1,260.3,54.8,17.4,5.09,81.8,20.1,24.2,13.3,277,85,621,5,990,1,,
696,26/11/2024,1,261.3,Very Unhealthy,161.8,273.9,59.8,17.7,4.34,74.2,18.5,34.9,9.9,310,95,694,6,1104,1,,
3818,13/06/2024,4,49.6,Good,36.3,63.7,16,4.8,1.1,24.3,32.2,88.7,10.8,29,9,64,0,106,0,,
3370,23/03/2023,4,117.3,Unhealthy for Sensitive Groups,70,124.1,26.4,7.2,2,45.7,23.1,52.7,8.7,49,15,112,1,177,0,,
4256,25/08/2025,4,62,Moderate,36.7,56.2,8.4,3.6,1.05,45.6,30.2,81.8,,28,8,62,1,93,0,,
2839,08/10/2024,3,71,moderate,44.9,81.7,19.8,5.6,1.67,31.6,20.5,51.1,8.2,39,13,88,1,,0,,
3827,22/06/2024,4,44.2,Good,32.6,52.9,12.5,0.6,1.01,44,32.3,83.4,10.7,22,8,54,0,85,0,,
1255,08/06/2023,2,52,Moderate,39.4,68,14.4,4.1,1.44,53.7,31,66.4,14.1,59,17,138,1,219,0,,
1040,05/11/2025,1,291,Very Unhealthy,171.3,274.5,66.8,30,4.32,65.4,17,48.1,6.7,285,86,638,6,1028,1,,
185,04/07/2023,1,77.8,Moderate,57.4,99.1,23.4,7.6,0.99,31,36.5,75.4,8.1,115,35,257,2,414,0,,
2821,20/09/2024,3,64,Moderate,37.7,66.3,12.3,4.2,1.13,51.9,25.1,65,2.6,33,9,71,0,113,0,,
825,04/04/2025,1,195.3,Unhealthy,119.1,204.8,44.7,19.6,2.11,80.3,24.1,47.7,0.5,285,87,633,6,1016,1,,
387,22/01/2024,1,311.4,Hazardous,,309.6,59.9,30.8,4.33,78.5,17.1,32.5,10.1,274,84,622,5,992,1,,
2630,13/03/2024,3,116.7,Unhealthy for Sensitive Groups,74,112.3,17.1,10.3,2.53,53.5,25,53.1,9.5,48,14,104,1,177,0,,
9,09/01/2023,1,280.6,Very Unhealthy,178.6,293.2,50.6,18.4,6.75,60.7,14.8,25.1,11.1,259,80,583,5,934,1,,
3416,08/05/2023,4,102.2,Unhealthy for Sensitive Groups,59,103,31,6.2,1.54,56.4,31.6,,8.4,38,11,87,1,,0,,
1374,05/10/2023,2,120.8,Unhealthy for Sensitive Groups,73.5,136.4,26.8,13.9,2.78,34.7,29.9,53.4,9.1,78,23,167,,269,0,,
722,22/12/2024,1,343.9,Hazardous,216.6,390.4,90.2,21.4,5.74,56.5,18.1,36.6,8.8,305,94,686,6,1098,1,,
4053,03/02/2025,4,180.2,Unhealthy,109.1,193.6,43.9,10.6,4.34,40.9,22.8,38.5,9,54,17,118,1,191,1,,
469,13/04/2024,1,225.5,Very Unhealthy,141.2,263.3,55.9,24.5,3.27,45.1,27.6,52.7,13.9,217,65,478,4,780,1,,
2370,27/06/2023,3,42.3,Good,24.9,39.7,7.5,0.8,0.58,45,31.2,73.9,14.4,30,8,66,1,106,0,,
537,20/06/2024,1,90.4,Moderate,59.8,90.8,19.9,4.4,2.29,70.7,30.8,82.1,16.7,129,39,295,3,468,0,,
2216,24/01/2023,3,90.7,Moderate,59.8,96.4,27.2,8.1,2.16,55,14.1,,8.6,64,19,144,1,231,0,,
1907,21/03/2025,2,135.3,Unhealthy for Sensitive Groups,,133.6,22.7,10.9,2.82,62.8,26.2,44.1,11.3,110,34,249,2,401,0,,
342,08/12/2023,1,295.2,Very Unhealthy,180.4,306.5,78.6,18.6,4.91,70.1,21.9,31.3,9,314,97,705,6,1133,1,,
3751,07/04/2024,4,112,Unhealthy for Sensitive Groups,70.7,112.4,28.9,12.2,2.21,29.9,29,56.1,9.8,43,13,101,1,163,0,,
2277,26/03/2023,3,104.2,Unhealthy for Sensitive Groups,58.9,94,24.8,10.6,1.71,50.1,23.6,54.7,10,52,16,116,1,180,0,,
3016,03/04/2025,3,75.8,Moderate,40.8,67.9,19.8,2.1,0.96,55,26.5,55.4,6.4,43,13,101,1,153,0,,
1816,20/12/2024,2,187.4,Unhealthy,123.1,195.9,35.2,20.6,4.2,47.7,22.7,22.6,6.5,126,39,288,2,465,1,,
3300,12/01/2023,4,144.2,Unhealthy for Sensitive Groups,88.1,150.4,38.8,14.2,3.46,52.8,21.2,22.3,16.3,58,18,133,1,204,0,,
3529,29/08/2023,4,60.9,Moderate,41.6,63.3,15.2,6.2,1.48,53.3,34,62.8,15.5,28,9,65,0,95,0,,
443,18/03/2024,1,243.6,Very Unhealthy,161.4,249.1,64.2,26.9,5.58,37.8,23.9,44.7,16.7,276,85,615,5,,1,,
55,24/02/2023,1,250.1,Very Unhealthy,158.2,262.6,56.5,20.6,5.13,63.2,21.9,37.4,1.6,295,90,664,6,1053,1,,
2036,28/07/2025,2,44.4,Good,33.9,60.9,14.9,6,1.27,20,38.2,84.1,17.2,53,16,115,1,193,0,,
2444,09/09/2023,3,46.9,Good,36.3,55.5,13.9,4.3,1.03,38.7,23.9,83.2,10.2,31,9,67,1,112,0,,
3994,06/12/2024,4,113.1,Unhealthy for Sensitive Groups,77.8,140.8,33.4,8.8,2.81,57.5,19,28.6,9.1,51,16,113,1,183,0,,
720,20/12/2024,1,282.8,Very Unhealthy,173.8,323.7,68.2,20.1,6.56,57.8,19.5,35.7,8.9,270,83,604,5,967,1,,
786,24/02/2025,1,300.1,Hazardous,190.4,340.9,76,24.2,5.7,47.7,20.7,36.3,7.8,357,110,797,7,1286,1,,
1084,19/12/2025,1,317.4,Hazardous,204.1,313.3,94.8,23.5,5.45,64,18.2,21.6,10.6,334,102,748,7,,1,,
1704,30/08/2024,2,96.2,Moderate,56.2,104.6,14.3,7.9,2.17,19,33.6,76.2,8.8,61,18,136,1,223,0,,
718,18/12/2024,1,319.8,Hazardous,205.7,371,67.9,31.7,5.22,97.1,19.9,,11,305,94,685,6,1098,1,,
1259,12/06/2023,2,60,Moderate,43,65.3,9.1,8,1.42,39.2,34.7,76.2,12.5,57,16,130,1,206,0,,
3255,28/11/2025,3,97.5,moderate,59.1,90.5,25,4.3,1.74,18.3,15.8,47.4,6.7,49,14,109,1,173,0,,
3039,26/04/2025,3,53.5,Moderate,37.1,63.8,14.5,4.2,0.67,51.2,26.4,63.7,12.9,40,12,88,1,140,0,,
3006,24/03/2025,3,101.3,Unhealthy for Sensitive Groups,,93.4,25,8.2,2,58,21.1,41.8,4.5,41,13,94,1,153,0,,
2465,30/09/2023,3,48.7,Good,38.6,69.2,8.4,3.6,1.3,38.7,26.8,58.8,16.2,36,11,87,1,134,0,,
2305,23/04/2023,3,78.3,Moderate,53.4,97.1,17.6,9.6,1.68,61.3,27.3,60.8,7.6,42,12,99,1,156,0,,
2765,26/07/2024,3,25.6,Good,22.4,38.4,4.8,2.6,0.6,40.1,29.8,81.1,10.8,21,7,51,1,90,0,,
3912,15/09/2024,4,64.3,Moderate,41.1,65.5,12,7.4,1.25,30.7,30.5,65.4,6.8,29,9,64,0,108,0,,
1325,17/08/2023,2,52,Moderate,33.7,59.3,13.9,0,1.47,44,33.2,79.8,3.8,52,17,129,1,199,0,,
1545,24/03/2024,2,147.7,Unhealthy for Sensitive Groups,94.1,159.8,32,6.2,3.6,50.1,26.3,50.4,10.5,98,31,226,2,359,0,,
2346,03/06/2023,3,57.8,Moderate,34.2,54.7,8.5,4.3,1.25,26.8,29.4,,9.5,28,10,69,1,106,0,,
1082,17/12/2025,1,318.6,Hazardous,198.5,336.1,54.2,33.2,4.57,78.5,18,31.3,10.5,309,95,689,6,1106,1,,
921,09/07/2025,1,101.6,Unhealthy for Sensitive Groups,58.5,98.4,21.6,9.5,1.92,24.1,29.5,75.7,4.3,124,38,288,2,454,0,,
1424,24/11/2023,2,180.7,Unhealthy,107.8,186.3,35.4,18.2,2.61,45.3,24.4,34.5,8.1,104,32,236,2,370,1,,
3886,20/08/2024,4,47.1,Good,34,61.8,14.9,5.2,0.57,47.3,28.4,77.2,10.3,25,7,56,1,92,0,,
4210,10/07/2025,4,34,Good,33.4,59.4,12.1,3.5,0.66,49.2,31.4,76.7,0.5,23,8,48,1,84,0,,
735,04/01/2025,1,334.4,Hazardous,204.9,383.8,54.6,23.6,4.48,49.1,14.2,,20.7,325,101,726,6,1168,1,,
849,28/04/2025,1,181.7,Unhealthy,108.9,200.7,29.3,13.6,2.58,47.6,29.4,65,14,216,65,482,4,770,1,,
1587,05/05/2024,2,135.9,Unhealthy for Sensitive Groups,75.1,115.7,14.2,12.4,1.52,65.3,30.8,59.9,2.9,80,25,181,1,288,0,,
993,19/09/2025,1,198.5, Unhealthy,119.5,197.3,38.3,9.3,3.35,30.4,28.1,67.8,10.4,168,51,381,3,609,1,,
2165,04/12/2025,2,146.5,Unhealthy for Sensitive Groups,88,164.9,33.8,17.4,3.31,54.6,21.5,34.6,13.7,121,37,275,2,437,0,,
3694,10/02/2024,4,139.4,Unhealthy for Sensitive Groups,87.7,154.5,21.6,10.2,2.46,55.2,19.8,37.1,6.4,61,18,137,1,225,0,,
3691,07/02/2024,4,171.4,Unhealthy,,193.3,42.4,14.6,3.19,53,21.9,33.5,10.2,58,17,128,1,202,1,,
3850,15/07/2024,4,60,Moderate,37.9,61.5,15,5.4,1.57,18.5,37.2,78.5,13.4,25,8,52,0,92,0,,
3644,22/12/2023,4,172.1,Unhealthy,112.1,177.1,51.8,18.9,3.74,42.4,20,21.5,7.7,51,15,110,1,183,1,,
1550,29/03/2024,2,174.9,UNHEALTHY ,100.8,161.2,25,17.7,2.89,34.9,26.1,51.2,12.1,100,30,224,2,358,1,,
1770,04/11/2024,2,173.2,Unhealthy,99.9,169.6,40,11.3,3.56,36,22.5,48.8,18.6,122,37,271,2,437,1,,
142,22/05/2023,1,103.2,Unhealthy for Sensitive Groups,72.7,126.1,21.1,11.3,2.31,58.3,29.6,79.8,9.5,177,54,402,3,645,0,,
3143,08/08/2025,3,46.9,Good,24.2,38,7.3,1.3,0.67,48.2,29.8,80.1,14.9,26,7,62,0,101,0,,
613,04/09/2024,1,112.9,Unhealthy for Sensitive Groups,70.2,125.2,29.8,6.9,1.44,50.9,26.5,74.3,16.1,152,47,345,3,554,0,,
1388,19/10/2023,2,133.8,Unhealthy for Sensitive Groups,75.4,127,27.6,11.6,2.62,80.4,26.7,51.3,10.4,96,29,214,2,344,0,,
3360,13/03/2023,4,143.7,Unhealthy for Sensitive Groups,93.6,157.4,30.4,11.2,3.29,72.4,26.8,34.9,14.4,59,19,133,1,218,0,,
3442,03/06/2023,4,77.5,Moderate,45.8,71.5,11.6,5.8,0.66,62.5,35.7,78.1,8.9,30,9,68,1,107,0,,
1602,20/05/2024,2,81,Moderate,49.8,87.3,17.6,5.9,1.36,21.9,34.6,64.5,8.5,67,20,149,1,246,0,,
1252,05/06/2023,2,72.4,Moderate,43,79.6,18,4.7,2.17,40.1,35,76.2,13.9,59,19,136,1,220,0,,
569,22/07/2024,1,85.4,Moderate,60.4,112.7,20.5,4.5,2.16,42.6,33.9,,14.6,122,37,275,2,433,0,,
1777,11/11/2024,2,139.6,Unhealthy for Sensitive Groups,90.9,170,28.4,12,2.42,52.9,21.1,49.5,9.4,103,32,234,2,373,0,,
1660,17/07/2024,2,47.8,Good,34.4,53.2,14.1,6.5,0.71,26.4,40.4,89.3,10.4,51,16,123,1,194,0,,
863,12/05/2025,1,174.6,Unhealthy,100.3,169.5,42.7,15.5,3.81,43.5,30.3,71.4,12,194,59,440,4,699,1,,
2058,19/08/2025,2,62.2,Moderate,40.7,63,13.4,6.2,1.58,33.1,34.2,66.3,7,62,19,144,1,223,0,,
3499,30/07/2023,4,65.7,Moderate,38.4,62.8,14.2,4.6,0.79,54.2,33.8,75.9,7.3,25,7,55,1,92,0,,
1842,15/01/2025,2,217.7,Very Unhealthy,137.6,235.6,33.2,16.2,2.87,61.4,18.2,27.3,12,128,39,284,2,458,1,,
3565,04/10/2023,4,95.6,Moderate,63,111.9,24.3,8,2.47,58.2,27.9,50.1,14.2,35,11,85,1,132,0,,
1314,06/08/2023,2,50.8,Moderate,34,52.1,18.3,3.7,1.15,34.6,38.2,69.5,8.6,51,15,114,1,185,0,,
2760,21/07/2024,3,39.5,Good,22.7,36,6.2,0.8,0.66,31.2,33.2,81.7,14.8,24,6,58,0,89,0,,
3290,02/01/2023,4,184.4,Unhealthy,113.4,209.8,38.3,14.5,3.64,54.8,21.7,28.2,14.2,63,20,143,1,231,1,,
1807,11/12/2024,2,193.4, Unhealthy,131,206.2,46.1,12.2,2.75,51.2,19.2,32.4,14,121,37,272,2,434,1,,
2212,20/01/2023,3,134.3,Unhealthy for Sensitive Groups,89.9,149.2,35.7,17.3,2.84,25.6,14.8,36.2,10.8,62,19,137,1,229,0,,
4058,08/02/2025,4,176.1,Unhealthy,,167.6,26.9,12.5,3.98,61.3,21.4,38.5,14.3,58,17,130,1,210,1,,
3201,05/10/2025,3,66.9,Moderate,44.5,75.3,18.7,5.7,1.51,43.2,20.8,47.5,11.4,41,12,93,1,150,0,,
1198,12/04/2023,2,144.5,Unhealthy for Sensitive Groups,91.9,168.8,19.8,13.2,2.63,37.4,29,54.3,13.7,97,30,217,2,358,0,,
2085,15/09/2025,2,87.3,Moderate,55.4,92.1,12.9,6.5,2.16,24.8,30.2,57.2,17,66,19,150,1,242,0,,
1451,21/12/2023,2,171.6,Unhealthy,108,179.7,29.5,10.6,3.96,64.3,19.2,34.8,6.1,145,43,323,3,513,1,,
2535,09/12/2023,3,130.3,Unhealthy for Sensitive Groups,76.7,141.8,31.9,12.5,2,28.9,15,31,9.2,49,16,111,1,177,0,,
1773,07/11/2024,2,144.1,Unhealthy For Sensitive Groups ,89.1,167.9,30.4,7.4,2.84,57.9,20.5,45.8,19.3,110,34,252,2,406,0,,
846,25/04/2025,1,195.7,Unhealthy,125.2,235,47.1,19.1,3,51.5,27.2,58,17.6,247,76,558,5,887,1,,
603,25/08/2024,1,124.4,Unhealthy for Sensitive Groups,82.6,152.6,21.9,14.8,2.5,30.9,29,70.7,11.6,114,35,261,2,427,0,,
2700,22/05/2024,3,41.2,Good,37.6,63.3,8.9,3.2,0.82,36.7,37.1,65.9,7.6,28,9,69,0,111,0,,
2826,25/09/2024,3,65.7,Moderate,37,68.2,13.6,7.6,1.37,40.9,27.6,59.1,11.9,37,10,79,1,129,0,,
1701,27/08/2024,2,74.9,Moderate,44.3,68.7,12.2,3.8,1.51,28.7,32.1,83.4,11.6,61,19,138,1,216,0,,
1784,18/11/2024,2,179.3,Unhealthy,113.8,188.6,29,13.1,4.69,31.4,22.2,40.6,7.8,92,27,205,2,332,1,,
109,19/04/2023,1,196.9,Unhealthy,124.2,229,44.5,17.7,2.54,75.7,27.8,72.5,11.2,199,62,450,4,714,1,,
2117,17/10/2025,2,138,Unhealthy for Sensitive Groups,84.3,152.6,30.8,7.9,3.28,28.8,25.6,43.2,3.7,90,28,200,,324,0,,
3491,22/07/2023,4,22.3,Good,24.1,36.6,1.8,4.6,0.88,36,30.6,72.9,2.6,24,7,54,0,89,0,,
4178,08/06/2025,4,53.2,Moderate,39.2,72.5,16.2,5.8,0.97,51.6,36.2,74.2,6.3,27,8,63,0,107,0,,
424,28/02/2024,1,235.3,Very Unhealthy,147.3,266,50.7,17.9,3.66,55.3,23.7,27.8,6.4,292,89,653,6,1047,1,,
4074,24/02/2025,4,182.5,Unhealthy,108.3,196.7,46.4,12,3.16,28.1,25.9,45.9,11.1,51,15,117,1,184,1,,
1303,26/07/2023,2,40.7,Good,34.4,58.7,13.9,5.2,0.85,35.2,35.1,73.4,9.3,54,15,121,,194,0,,
829,08/04/2025,1,251,Very Unhealthy,158.7,277.1,56.8,23.9,4.72,55.5,25.8,56.2,14,247,75,550,5,881,1,,
152,01/06/2023,1,100.9,Unhealthy for Sensitive Groups,64.8,113.6,19.6,8,1.62,27.7,30.3,78.8,16.3,152,46,347,3,553,0,,
1403,03/11/2023,2,143.4,Unhealthy for Sensitive Groups,90.3,154.7,43.6,9.2,2.29,30.4,22.1,55,4.3,101,31,225,2,365,0,,
2883,21/11/2024,3,82.3,Moderate,62.4,107.3,29.3,11.8,1.69,50.8,18.6,40.8,8.6,49,14,111,1,176,0,,
4288,26/09/2025,4,69.1,Moderate,42.1,72.2,7.9,5.5,1.21,47.1,28.6,56.1,13.5,31,9,70,1,118,0,,
1603,21/05/2024,2,87.3,Moderate,52,88.9,27.5,4.8,1.87,61.8,33.8,77.2,12.4,69,21,158,1,251,0,,
37,06/02/2023,1,265.7,Very Unhealthy,173.6,317.2,66.8,18,6.72,81.6,18.9,24.6,9.8,271,83,608,5,968,1,,
3493,24/07/2023,4,30.4,Good,28.7,43.5,13.5,3.1,0.73,24.3,36,80.5,10.1,23,8,54,0,96,0,,
2838,07/10/2024,3,64,Moderate,40.2,74,16.1,6.9,1.05,16.6,20.7,59.9,3.8,34,12,83,1,143,0,,
398,02/02/2024,1,303.3, Hazardous,191.8,308.7,63.3,22.1,4.79,54.1,13.9,33.1,15.9,327,102,734,7,1180,1,,
1006,02/10/2025,1,183.9,Unhealthy,121,218.9,34.1,20.8,4.97,44.2,21.4,58,3.2,190,58,429,4,683,1,,
167,16/06/2023,1,102.4,Unhealthy for Sensitive Groups,68,121.7,24,7.9,2.47,59.2,30.3,74.8,9.2,118,35,264,2,422,0,,
930,18/07/2025,1,105.7,Unhealthy for Sensitive Groups,60.4,97,17,6,2.23,63.3,32.5,82.3,8.5,116,35,272,2,428,0,,
4209,09/07/2025,4,40.8,Good,31.3,53.3,11.9,5.3,0.63,39,34.4,81.4,13.3,27,8,67,1,101,0,,
1471,10/01/2024,2,235.8,Very Unhealthy,152.7,258.1,49.2,14.2,5.56,55.7,20.1,29.6,9.8,141,42,315,3,494,1,,
1226,10/05/2023,2,100,Unhealthy for Sensitive Groups,68.7,125.3,26.1,5.3,2.29,53.4,34.8,70.8,9.7,81,25,187,2,295,0,,
3750,06/04/2024,4,102.3,Unhealthy for Sensitive Groups,68.3,106.6,16.6,8.6,1.64,61.5,26.6,54,14.4,46,14,104,1,167,0,,
589,11/08/2024,1,106.1,Unhealthy for Sensitive Groups,65.6,99,20.9,4.5,1.2,44.9,29,82.9,9.3,139,44,326,3,509,0,,
143,23/05/2023,1,102.6,Unhealthy for Sensitive Groups,62.8,97.4,20,9.6,1.82,54.2,30.3,84.3,14.1,190,57,419,4,673,0,,
1241,25/05/2023,2,84,Moderate,53.3,95.3,26.4,2.4,1.48,43.1,35,77,14.2,70,21,165,1,263,0,,
779,17/02/2025,1,313.3,Hazardous,191.8,288.6,67.7,23.5,6.09,72.9,19.1,30.1,10.7,322,100,718,6,1150,1,,
4259,28/08/2025,4,73.9,Moderate,49.5,90.5,14.7,6.2,1.32,62,28.7,69.9,9.1,27,9,62,1,96,0,,
452,27/03/2024,1,242.5,Very Unhealthy,151.4,243.4,45,24,4.16,60.9,25.2,49.2,5,275,85,619,6,984,1,,
2007,29/06/2025,2,54.3,Moderate,34.8,64,15.4,5.9,1.03,41.2,33.3,88.1,14,56,16,127,1,201,0,,
1725,20/09/2024,2,92.5,Moderate,57.7,108.1,20.4,7.8,2.37,57.7,27.9,60.9,8.3,59,18,142,1,223,0,,
4072,22/02/2025,4,135.7,Unhealthy for Sensitive Groups,84.6,151.8,41.2,12.5,3.17,48.1,23.5,36.6,1.4,56,17,127,1,202,0,,
1917,31/03/2025,2,169.7, Unhealthy,93,146.2,31,15,3.1,24.7,25.5,47.1,2,115,35,263,2,414,1,,
3078,04/06/2025,3,30.2,Good,26.7,45.2,5.1,1.7,0.5,51.1,29.9,75.9,8.4,25,8,63,1,96,0,,
238,26/08/2023,1,112.3,Unhealthy for Sensitive Groups,68.2,111.6,29.7,9.9,2.28,54,30.9,70.7,21.8,121,37,278,2,436,0,,
990,16/09/2025,1,153.5,Unhealthy,93.2,141,24.1,16.8,1.74,58.1,23.3,71.7,5.9,151,47,338,3,546,1,,
1375,06/10/2023,2,120.6,Unhealthy for Sensitive Groups,76.3,143.4,24.8,9.7,2.27,74.8,28.6,62.1,10.3,82,24,188,2,293,0,,
3655,02/01/2024,4,159,Unhealthy,102.5,161.3,22.2,5.1,2.92,87.8,17.2,37,10.5,66,21,147,1,239,1,,
3932,05/10/2024,4,98.3,Moderate,66.3,110.7,26.3,6.7,1.46,45.3,27.8,56.1,10.5,42,12,94,1,151,0,,
1022,18/10/2025,1,223.9,Very Unhealthy,141.9,258.1,52.3,18.4,3.97,50,24.6,49.2,10.1,222,68,497,4,791,1,,
4365,12/12/2025,4,188,Unhealthy,115.1,206.3,36.3,17.9,2.43,73,16.6,44,9.6,61,19,139,1,226,1,,
3439,31/05/2023,4,77.2,Moderate,42.9,72.1,18.1,3.9,1.25,27.6,34.6,74.1,17.1,30,7,63,1,106,0,,
3452,13/06/2023,4,40.2,Good,30,47.1,12.1,4,0.76,39.9,35.2,76.3,8.1,26,8,57,0,96,0,,
3142,07/08/2025,3,29.1,Good,,30.2,12.2,5.5,0.2,41.8,32.3,,12.3,25,7,58,0,88,0,,
3953,26/10/2024,4,100.3,Unhealthy for Sensitive Groups,66.5,117.3,27.9,4.2,2.23,41.2,26.1,42.2,,40,12,89,1,148,0,,
1628,15/06/2024,2,79.4,Moderate,47.7,79.8,21.2,8.2,1.53,53.4,35.7,78.5,13,55,17,125,1,201,0,,
3666,13/01/2024,4,145.1,Unhealthy for Sensitive Groups,92.7,145.9,24.6,11.2,3.7,45.3,18.9,27.4,6.5,53,16,116,1,192,0,,
1775,09/11/2024,2,139.8,Unhealthy for Sensitive Groups,93,149.6,34,18.5,2.55,52.5,22.1,39.7,8.7,101,32,233,2,371,0,,
3919,22/09/2024,4,58.4,Moderate,43.6,70.7,17,3.2,1.48,58.8,27.1,74.9,5.5,34,10,78,1,116,0,,
2163,02/12/2025,2,171.7,Unhealthy,112.2,197.5,34.5,16.7,4.27,49.5,18.3,43,12.9,114,34,261,2,412,1,,
3843,08/07/2024,4,31.9,Good,24.8,46.5,7.5,3.5,0.59,59.8,34.1,85.3,9.6,27,8,62,1,96,0,,
2514,18/11/2023,3,89.1,Moderate,56.2,92.6,23.2,8.6,1.76,49.6,21.8,32.9,6.7,53,15,116,1,192,0,,
2510,14/11/2023,3,86.7,Moderate,59.4,109.5,18.7,6.6,1.81,52.3,18.3,38.7,13.3,49,15,111,1,187,0,,
1583,01/05/2024,2,108.5,Unhealthy For Sensitive Groups ,69.7,115.9,26.8,9.8,2.42,25.8,32.1,53.5,7.3,73,23,168,1,274,0,,
804,14/03/2025,1,280.6,Very Unhealthy,176.2,271.5,49,23.7,5.06,61.8,22.6,50.8,,266,81,593,5,950,1,,
626,17/09/2024,1,131.3,Unhealthy For Sensitive Groups ,89.9,169.8,26.8,10.8,2.44,43.1,26.3,72.6,13.9,170,53,383,3,615,0,,
3457,18/06/2023,4,53,Moderate,35.5,56.5,19,6.3,1.4,36.3,35.8,87.2,12.7,27,8,61,,105,0,,
1227,11/05/2023,2,104.6,Unhealthy for Sensitive Groups,66.9,105.2,26.7,10.4,1.48,18.9,32.7,62.2,11.7,70,22,160,1,264,0,,
1204,18/04/2023,2,114.6,Unhealthy for Sensitive Groups,72.2,110.9,24.8,13,2.03,48.3,30.5,54.3,13.8,91,27,202,2,329,0,,
3871,05/08/2024,4,60.4,Moderate,31,52.9,9.4,3.6,0.65,29.7,34.8,70.5,6.7,26,8,57,0,88,0,,
856,05/05/2025,1,178.2,Unhealthy,109,193.7,41.9,17.3,2.62,50.2,29,70.3,13.2,213,65,478,4,756,1,,
3641,19/12/2023,4,138,Unhealthy for Sensitive Groups,86.6,155.7,30.3,12.9,2.97,36.3,16.1,27.8,9.1,48,14,105,1,170,0,,
3786,12/05/2024,4,79,Moderate,44.3,75.8,18.8,6.2,1.2,47.4,28.5,64.1,14,34,10,77,1,127,0,,
3105,01/07/2025,3,20.4,Good,18.3,32.2,6.1,1.8,0.82,36.2,32.1,79.3,4.9,27,7,62,0,90,0,,
1732,27/09/2024,2,105.3,Unhealthy for Sensitive Groups,,106.2,27.7,7.1,1.31,30.1,30.1,59.6,10.5,71,21,164,1,264,0,,
2260,09/03/2023,3,102.6,Unhealthy for Sensitive Groups,66.7,111.4,15.2,5.1,2.28,39.1,21.4,59.6,9.4,49,14,109,1,176,0,,
1125,29/01/2023,2,179.1,UNHEALTHY ,112.9,212.2,25.4,12.1,3.28,42,21.9,32.3,,147,47,331,,534,1,,
402,06/02/2024,1,301.9,Hazardous,189.7,338,60.7,18.6,4.73,57.9,17.4,26.4,9.9,320,99,721,6,1155,1,,
3560,29/09/2023,4,73.1,Moderate,49.7,93.9,20.7,6.8,1.82,55.1,29.1,49.7,4.9,32,10,72,1,122,0,,
3229,02/11/2025,3,84.8,Moderate,50.1,75.5,20.4,7.4,1.63,61.3,18.4,41.9,14.4,40,12,95,1,141,0,,
2306,24/04/2023,3,91.6,Moderate,55.1,96.5,22.7,12.3,2.04,34.8,27,52.3,17.1,45,15,103,1,168,0,,
1565,13/04/2024,2,122.6,Unhealthy for Sensitive Groups,75.2,137.3,36.4,10.9,1.98,45.8,31.3,60.9,6,90,27,201,2,320,0,,
4149,10/05/2025,4,80.4,Moderate,54.4,97.6,17.1,7,1.57,40.2,32.1,58.7,8.4,36,11,81,1,127,0,,
1268,21/06/2023,2,69.4,Moderate,34.9,64.9,15.6,3.8,0.89,37,36.7,71.6,9.6,58,17,131,1,215,0,,
806,16/03/2025,1,302.5,Hazardous,186.1,324.1,56.3,19.7,5.68,56.9,23.2,56.6,11.1,291,89,647,6,1047,1,,
1444,14/12/2023,2,203.3,Very Unhealthy,122.8,204.6,39.4,10.8,4.47,47.2,18.7,30.8,13.6,121,37,267,2,435,1,,
960,17/08/2025,1,132,Unhealthy for Sensitive Groups,73.5,135.3,31.1,9.4,1.59,32.7,31.3,60.9,11.2,127,39,289,,462,0,,
3202,06/10/2025,3,69.2,Moderate,41,67,19.6,6.7,0.84,32.3,23.8,63.6,8.9,34,10,81,1,122,0,,
186,05/07/2023,1,101.3,Unhealthy for Sensitive Groups,63.3,95.6,21.6,6.8,1.59,69.2,33.2,79.1,9.5,108,32,244,2,396,0,,
2602,14/02/2024,3,121,Unhealthy for Sensitive Groups,79.9,128.9,28.7,11.8,2.03,56.1,19.1,,9.5,54,16,123,1,196,0,,
38,07/02/2023,1,243.2,Very unhealthy ,160.5,246.6,42,28.7,4.36,59.6,18.5,,10.7,307,94,682,6,1097,1,,
1179,24/03/2023,2,133.2,Unhealthy for Sensitive Groups,82.8,150.4,34.2,6.4,2.13,56.6,27,38.2,15.1,105,32,240,2,381,0,,
97,07/04/2023,1,179,Unhealthy,110.7,207.5,35.8,12.5,3.36,37.1,24.1,53.4,15,220,68,501,4,796,1,,
3795,21/05/2024,4,95,Moderate,46.4,69.8,18.1,3.8,1.44,27.8,31.7,82.9,8.8,34,11,79,1,114,0,,
72,13/03/2023,1,227,Very Unhealthy,135.3,241.4,57,21.2,4.49,40.5,22.3,31.2,14.4,279,86,628,5,1005,1,,
3656,03/01/2024,4,159.6,Unhealthy,102.2,169.8,33.5,6.9,2.77,67.4,23.4,25.5,6,51,15,117,1,183,1,,
1645,02/07/2024,2,58.9,Moderate,31.9,54.1,7.9,3.6,0.77,51.5,38.4,81.6,12.4,54,17,117,1,193,0,,
2887,25/11/2024,3,80.1,Moderate,53,94.2,25.1,11.2,1.7,49,20.5,32.7,11.7,51,14,102,1,173,0,,
1874,16/02/2025,2,178.9,Unhealthy,112.7,170.3,53,18.1,2.45,41.1,24.7,37,6.5,125,39,281,2,452,1,,
670,31/10/2024,1,169.1,Unhealthy,109.6,191.8,30.9,14.1,2.78,55.8,24.3,40.3,1.4,208,64,471,4,748,1,,
2286,04/04/2023,3,101.6,Unhealthy for Sensitive Groups,57.8,93.2,21.5,9.5,2.2,47.1,22.9,53.3,8.5,52,17,119,1,187,0,,
1882,24/02/2025,2,170,Unhealthy,108.4,196.7,41.6,18.6,2.66,59.4,25.6,37.8,1.2,136,42,304,3,488,1,,
4180,10/06/2025,4,57.2,MODERATE,34.8,62.1,13.9,4.9,0.5,64.4,35.2,83.6,11.5,27,8,63,0,92,0,,
3392,14/04/2023,4,120.2,Unhealthy for Sensitive Groups,75.7,120.2,28.9,10.7,2.51,50,28.3,51,19.5,48,14,106,1,,0,,
3116,12/07/2025,3,37.4,Good,22,38.3,7.8,1.3,0.7,39.9,33.4,89.7,7.4,26,8,59,0,89,0,,
961,18/08/2025,1,124.7,Unhealthy for Sensitive Groups,,143.2,25.7,11.2,1.85,52.5,25.8,64.9,9.6,154,47,353,3,565,0,,
2657,09/04/2024,3,81.7,moderate,45.9,73.4,11.1,7.2,1.11,73.2,24.2,67.5,7.4,42,13,94,1,163,0,,
3772,28/04/2024,4,106.9,Unhealthy for Sensitive Groups,67.8,113.5,21.5,8.9,2.22,54.4,32.7,64.1,9.6,42,14,97,1,153,0,,
4154,15/05/2025,4,78.5, Moderate,53.3,90,11.8,8.7,1.45,80.6,31.4,65.2,7.3,37,12,83,,134,0,,
2061,22/08/2025,2,55.6,Moderate,42.7,75.8,11.2,6.3,1.61,40.4,33.4,69.2,11.7,56,16,128,1,205,0,,
1378,09/10/2023,2,116.9,Unhealthy for Sensitive Groups,67.3,122.1,26,5.1,1.58,55.6,30.2,63.1,4.2,91,28,202,2,326,0,,
4032,13/01/2025,4,154.3, Unhealthy,97.5,160.4,27.6,10.8,1.88,50.2,19.2,31.4,10.2,57,18,132,1,214,1,,
994,20/09/2025,1,190.9,Unhealthy,115.9,191.8,47.9,10.5,3.42,51,27.4,59.3,16.6,190,57,427,4,682,1,,
2403,30/07/2023,3,32.8,Good,26.9,42,3.9,3.5,0.55,31.6,31.5,91.6,15,28,8,59,0,99,0,,
2859,28/10/2024,3,87.2,Moderate,55.2,84.9,21.1,9.4,1.73,46.4,19.2,49,7.4,44,13,97,1,161,0,,
2538,12/12/2023,3,132.4,Unhealthy for Sensitive Groups,86.9,142.4,35.6,8.4,2.35,38.3,16.7,42,9.4,58,18,131,1,209,0,,
1979,01/06/2025,2,82.7,Moderate,53.1,83.7,28.5,7.8,1.72,72,34.4,78.1,13,59,19,141,1,213,0,,
79,20/03/2023,1,252.9,Very Unhealthy,155.3,279.9,55.9,20,6.11,75.8,23.8,45.8,17.2,265,81,599,5,958,1,,
4038,19/01/2025,4,198.4,Unhealthy,121.8,208.6,33.2,17.9,4.24,53.8,20.9,30.8,8.2,53,18,123,1,191,1,,
1790,24/11/2024,2,187.8,Unhealthy,115,174.3,31.7,18.2,3.98,38.1,17.8,32.9,8.9,101,30,224,2,359,1,,
4355,02/12/2025,4,177.7,Unhealthy,109.5,193.3,24.4,17.6,4.04,61,19.7,27.3,12.5,59,18,134,1,219,1,,
3278,21/12/2025,3,100.7,Unhealthy for Sensitive Groups,68.1,115.1,25.6,10,1.71,52.6,17,41.3,17,55,16,122,1,189,0,,
2941,18/01/2025,3,113.2,Unhealthy for Sensitive Groups,77.4,133.6,30.1,5.9,2.53,53.9,14.3,28.3,17.2,51,16,116,1,192,0,,
944,01/08/2025,1,104.7,Unhealthy for Sensitive Groups,70.1,120,30,11.9,2.41,45.5,32.1,72.1,7.4,124,37,279,2,453,0,,
2548,22/12/2023,3,114.6,Unhealthy for Sensitive Groups,76.8,136.8,31.5,2.6,2.7,57.7,14.7,21.3,5.1,56,17,128,1,208,0,,
3174,08/09/2025,3,55.8,Moderate,31.8,56.5,8.5,3.6,1.56,23.1,26.2,65.6,5.1,26,9,68,1,103,0,,
1972,25/05/2025,2,96.4,Moderate,55.4,101.5,17.3,4.2,1.26,6.9,35.9,72.6,12.3,65,20,137,1,230,0,,
242,30/08/2023,1,116.2,Unhealthy for Sensitive Groups,71.7,130.7,23,13,1.72,54.4,27.2,66.1,5.9,124,37,275,2,441,0,,
2109,09/10/2025,2,108.9,Unhealthy for Sensitive Groups,64,118.1,15.9,5.2,0.99,36,28.2,51.5,9.9,84,26,192,,304,0,,
4092,14/03/2025,4,159.7,Unhealthy,99.2,173.2,40,11,1.9,51.3,26.8,54.1,10.6,51,16,118,1,194,1,,
527,10/06/2024,1,136.6,Unhealthy for Sensitive Groups,79.1,131.2,35.4,14.4,1.96,43.1,31.6,78.4,6.7,133,41,302,3,481,0,,
2330,18/05/2023,3,63.1,Moderate,39.6,73.7,17.9,1.5,1.06,30.6,29.8,91.2,12.9,33,10,77,1,130,0,,
3602,10/11/2023,4,147.9,Unhealthy for Sensitive Groups,94.2,165.7,38,13,2.73,56.6,21.5,55.1,5.8,48,16,117,1,180,0,,
1940,23/04/2025,2,113.8,Unhealthy for Sensitive Groups,73.5,120,21,12.1,2.78,40,30.3,49.5,,95,29,211,2,337,0,,
3259,02/12/2025,3,99,Moderate,61,99.8,20.7,9.5,2.72,53.1,19,40.3,6.6,53,17,123,,196,0,,
2577,20/01/2024,3,120.4,Unhealthy for Sensitive Groups,,132.3,16.7,9.3,1.72,45.8,21,22.3,7.3,56,17,126,1,198,0,,
3341,22/02/2023,4,127.7,Unhealthy for Sensitive Groups,84,137.5,30.8,15,3.38,42.7,26.2,38.9,7,62,17,136,1,213,0,,
4192,22/06/2025,4,55.2,Moderate,30.8,46.3,3.2,1.4,1.05,33.3,32.9,86.5,5.3,27,9,58,1,95,0,,
2450,15/09/2023,3,70.1,Moderate,39,65,14.2,3.1,1.4,47.9,29.6,67.1,9.9,32,9,68,1,113,0,,
2233,10/02/2023,3,128.3,Unhealthy for Sensitive Groups,88.2,141.5,34.9,11.4,2.23,24.8,17.8,45.2,4.1,55,17,128,1,202,0,,
84,25/03/2023,1,211.1,Very Unhealthy,135.8,232,36.1,22.5,3.81,73.4,23.1,40.5,5.6,253,76,566,5,910,1,,
430,05/03/2024,1,293.5,Very unhealthy ,174.6,304.8,60.3,17,4.47,65.6,23.4,31.8,12.2,302,93,678,6,1083,1,,
4350,27/11/2025,4,145.7,Unhealthy for Sensitive Groups,,153.5,36.3,12.7,2.73,54.6,21.3,37.8,5.1,61,18,135,1,210,0,,
4234,03/08/2025,4,40.4,Good,34.1,58.7,16.5,5.8,0.23,39,36.2,83.5,7.4,23,8,55,0,87,0,,
3722,09/03/2024,4,152,Unhealthy,99.7,176.6,30.9,15.2,3.26,62.1,20.2,31.2,8.4,45,13,100,1,161,1,,
982,08/09/2025,1,126.5,Unhealthy For Sensitive Groups ,75.7,132,18.4,13.6,2.47,48.5,25.9,59,7.9,138,43,318,3,500,0,,
3337,18/02/2023,4,147.4,Unhealthy for Sensitive Groups,99.2,182.7,44.8,11.5,3.71,53.9,24.3,35.7,13.9,48,15,115,1,176,0,,
1604,22/05/2024,2,70.4,Moderate,50.1,94.2,20.8,4.2,1.49,50.9,33.5,68.4,13.6,63,19,149,,238,0,,
760,29/01/2025,1,334.1,Hazardous,208.1,375.4,73.9,19.7,3.96,79.1,16.8,43.3,,297,92,669,6,1068,1,,
3316,28/01/2023,4,182.6,Unhealthy,112.6,195.5,27.3,16.8,4.65,49.1,22.9,32.2,11.1,57,17,127,1,199,1,,
1479,18/01/2024,2,189.1,Unhealthy,122.3,203.3,49.2,11.2,2.26,54.7,21,41.1,14.1,138,42,314,3,502,1,,
339,05/12/2023,1,302.6,Hazardous,192.7,361.3,55.9,32,6.85,65.6,19.6,44.5,3.4,250,77,565,,905,1,,
27,27/01/2023,1,290,Very Unhealthy,187.9,314.7,82.2,15.7,6.1,61.6,17.5,28.7,12.4,292,89,653,6,1046,1,,
1967,20/05/2025,2,101.5,Unhealthy for Sensitive Groups,62.2,101.3,25.7,9,1.43,35.5,34.2,77,10.1,77,23,170,1,271,0,,
2818,17/09/2024,3,50.9,Moderate,,54.1,13.3,5.4,0.93,51.2,28.3,83.9,2.7,34,10,75,1,125,0,,
2051,12/08/2025,2,60.5,Moderate,40.8,63.5,16.2,6,1.42,36.4,33.4,72.4,6.4,60,18,136,1,216,0,,
3904,07/09/2024,4,68.7,Moderate,41.6,74.1,19.3,8,1.78,45.6,28.3,66.7,7.4,32,9,68,1,110,0,,
321,17/11/2023,1,270.8,Very Unhealthy,168.9,311.7,49.4,23.2,6.1,63.3,17.8,,7.1,242,75,541,5,864,1,,
1,01/01/2023,1,294.1,very unhealthy,182.6,280.8,43,25.5,3.8,69.9,14.4,34,8.1,300,92,672,6,1076,1,,
2867,05/11/2024,3,101.9,Unhealthy for Sensitive Groups,64.2,120.8,25.8,6.1,1.86,38.9,18.2,43.4,11.7,47,15,110,1,171,0,,
947,04/08/2025,1,114.6,Unhealthy for Sensitive Groups,,106.7,22.4,9.4,2.4,56.2,34.6,74.3,8.3,131,41,304,3,485,0,,
1885,27/02/2025,2,158.5,Unhealthy,92.2,151.7,26.1,11.1,1.78,70.3,25,37.5,,120,36,268,2,432,1,,
408,12/02/2024,1,326.2,Hazardous,198.5,333.3,68.5,18.3,7.15,59.3,20,28.7,10.5,318,98,718,6,1140,1,,
1085,20/12/2025,1,331.9,Hazardous,205.7,317.9,70.3,30.8,6.54,79.6,14.1,31.8,2.8,324,99,726,6,1158,1,,
2035,27/07/2025,2,58.1,Moderate,35,60.5,16.6,4.7,1.14,39.7,35.9,72.5,13.5,54,15,119,1,185,0,,
1285,08/07/2023,2,24.2,Good,28.1,51.8,13.2,2.6,0.97,35.1,39.2,77.9,7.9,46,14,102,1,168,0,,
3936,09/10/2024,4,97.6,Moderate,59,105.1,17.5,5.4,0.99,41.9,28,53.4,6.4,38,11,86,1,144,0,,
1192,06/04/2023,2,134,Unhealthy for Sensitive Groups,74.5,136.2,24.8,5.1,1.62,84.6,30.8,56.6,12.5,102,30,222,2,359,0,,
621,12/09/2024,1,133.1,Unhealthy for Sensitive Groups,85.7,159.1,39.6,12.4,3.24,56.7,27.8,78.8,11.8,160,49,366,3,585,0,,
3087,13/06/2025,3,42.1,Good,25.7,47.7,7.4,4.3,0.6,56.5,30.9,81.6,10.7,30,8,65,0,102,0,,
751,20/01/2025,1,327.1,Hazardous,201.1,334.4,78.3,22.1,5.1,51.9,17.4,37.3,9.2,344,105,767,7,1231,1,,
2012,04/07/2025,2,78.3,Moderate,33.4,51.7,13.3,3.8,1.21,43.8,38.5,80.6,7.8,47,15,108,,172,0,,
2468,03/10/2023,3,66.8,Moderate,42.7,72.5,19.2,8.2,1.66,47.2,26.9,58.6,11.1,34,11,79,1,130,0,,
2112,12/10/2025,2,120.9,Unhealthy For Sensitive Groups ,82.5,125.2,31.9,8.1,1.43,68.9,26.2,59.3,8.3,77,24,180,2,289,0,,
1808,12/12/2024,2,199.3,Unhealthy,120.8,186.6,33.7,20.1,2.6,33.2,19.8,38.4,6,134,41,301,3,480,1,,
3591,30/10/2023,4,96.3,Moderate,65.8,105.1,15.8,8.9,1.81,51,24.9,39.8,13.6,43,12,90,1,147,0,,
1333,25/08/2023,2,90.2,Moderate,45.1,69.3,15,2.9,1.16,56,35.7,75.6,14.1,54,16,126,1,193,0,,
578,31/07/2024,1,93,Moderate,66.7,107.7,19,9.8,2.36,44.1,27.8,88.3,7.3,120,35,268,,426,0,,
4028,09/01/2025,4,126.4,Unhealthy for Sensitive Groups,79.9,136.4,27.9,10,1.74,63.6,19.8,26,8.3,64,19,145,1,236,0,,
1668,25/07/2024,2,43.5,Good,31.1,53,11.2,4.7,0.76,46.7,35.2,86.2,4.8,49,14,116,,188,0,,
1396,27/10/2023,2,167.4,Unhealthy,107.3,161.9,29.3,18.3,2.61,27.6,28.2,,17.4,92,29,205,2,328,1,,
2685,07/05/2024,3,59.7,Moderate,35.7,54.7,11,6.2,1.08,60.5,30.9,75,9.2,34,10,77,1,128,0,,
3584,23/10/2023,4,121.8,Unhealthy for Sensitive Groups,73.9,118.5,25,9,1.52,61.6,26.2,48.4,18.8,34,11,74,1,123,0,,
3165,30/08/2025,3,41.2,Good,31.6,47.9,11.4,3.1,0.93,49.2,27.1,69.2,15.2,27,9,65,0,101,0,,
2082,12/09/2025,2,85,Moderate,51,76.9,14.2,1.5,1.7,39.8,32.7,64.1,9.2,68,20,148,1,245,0,,
271,28/09/2023,1,136.1,Unhealthy for Sensitive Groups,93.2,176,38.4,15.8,2.97,66.3,24.7,60.8,16.3,179,55,407,,647,0,,
171,20/06/2023,1,89.2,Moderate,56.2,101.3,18.3,8.3,1.21,63.3,33.5,82,12.3,124,37,288,2,453,0,,
2407,03/08/2023,3,52.3,Moderate,26.3,45.1,9.8,1.8,0.91,39.5,29.7,76,9.9,26,8,61,0,100,0,,
2789,19/08/2024,3,38.2,Good,28.3,43.6,12.1,4.1,0.55,42.8,25.8,69.8,4.1,28,9,70,1,110,0,,
2806,05/09/2024,3,37.5,Good,28.6,47,4.9,4.5,0.98,47,21.3,73.3,,35,11,74,1,119,0,,
4112,03/04/2025,4,142.7,Unhealthy for Sensitive Groups,78.8,127.2,24.9,10.3,1.67,62.5,28.4,53.9,9.9,46,13,101,1,163,0,,
3129,25/07/2025,3,21.9,Good,18.9,33.1,0.6,0.3,0,44.7,31.5,,12.4,27,7,60,0,97,0,,
3649,27/12/2023,4,155.8,Unhealthy,100.1,163.3,39.4,12.3,3.69,66.3,18.8,31,19.3,50,16,116,1,185,1,,
675,05/11/2024,1,273.4,Very Unhealthy,166.1,254.1,45.5,16.3,3.61,61.8,20.7,37.2,6.4,256,78,577,5,924,1,,
4125,16/04/2025,4,99.2,Moderate,65.3,115.8,11,9.6,1.99,74.8,33.1,58.7,15.1,47,13,110,1,,0,,
679,09/11/2024,1,260.5,Very Unhealthy,164,260.6,75.4,12.8,5.22,45.9,21.1,40.2,12.7,266,82,601,5,957,1,,
4197,27/06/2025,4,60.9,Moderate,35.4,61.7,10.3,5.1,0.65,35.7,35.5,85,8.4,25,7,60,0,94,0,,
1497,05/02/2024,2,179.6,Unhealthy,108,180.9,32.4,12.5,3.93,45.3,23.1,26.2,15.8,131,41,298,3,476,1,,
20,20/01/2023,1,284.9,Very Unhealthy,178.5,330.4,58.7,15,5.37,81.9,16.8,32.3,11,306,94,683,6,1092,1,,
1276,29/06/2023,2,82.4,Moderate,43.9,69.7,17.2,2.2,1.41,22.3,36.9,89.8,8.7,52,15,117,1,187,0,,
3005,23/03/2025,3,84.5,Moderate,47.5,79.1,20.4,7,1.83,34.4,22.1,48.8,10.5,52,16,120,1,189,0,,
4073,23/02/2025,4,174,Unhealthy,114.7,209.6,36.3,15.4,3.16,53.4,20.6,30.1,10.3,60,18,133,1,213,1,,
2336,24/05/2023,3,62.4,Moderate,38.7,60.6,9.9,7,0.8,38,31.2,65.3,,32,9,66,1,113,0,,
2073,03/09/2025,2,72.5,Moderate,47.6,77.9,13.4,6.8,0.98,37.7,29.9,74.6,,63,19,143,1,229,0,,
2931,08/01/2025,3,121,Unhealthy for Sensitive Groups,77.7,132.1,21.6,10.5,2.76,41,16.7,34.4,3.6,57,17,126,1,202,0,,
3084,10/06/2025,3,47.3,Good,27.5,47,14.7,3.8,0.9,37.8,35.7,85.3,10.7,29,9,67,0,104,0,,
3436,28/05/2023,4,61.6,Moderate,41.5,77.3,15.6,8.7,0.99,40.4,34.1,81,19.1,26,8,63,1,100,0,,
2312,30/04/2023,3,68.7,Moderate,47.2,79.9,21.6,9.6,1.41,72.3,25.6,75.8,11.1,42,13,102,1,156,0,,
1813,17/12/2024,2,197.2,Unhealthy,117.4,209.9,46.7,20.3,3.81,55.2,19.5,28.6,10.9,126,39,285,2,455,1,,
254,11/09/2023,1,113.8,Unhealthy for Sensitive Groups,74.7,113.3,21.5,14.8,1.69,37.5,27.5,67.3,10.7,145,43,324,3,518,0,,
1802,06/12/2024,2,163.4,Unhealthy,89.9,148.3,29.4,17.1,1.91,56.3,18.9,26.2,9.9,109,33,242,2,397,1,,
2074,04/09/2025,2,87.1,Moderate,47.5,76.8,13.2,3.1,1.33,29.2,29.2,74.8,12.1,64,19,140,1,228,0,,
2600,12/02/2024,3,126.7,Unhealthy for Sensitive Groups,73.1,117.6,16.4,10.1,2.23,66.3,21.4,33.3,,54,17,131,1,201,0,,
3627,05/12/2023,4,136.3,Unhealthy for Sensitive Groups,85.8,161.5,36,11.7,2.43,62.3,19.1,31.3,20.6,62,18,133,1,217,0,,
1806,10/12/2024,2,184.1,Unhealthy,117.2,219.9,42,8.5,3.28,49.3,21,43,9.6,118,37,268,2,430,1,,
3623,01/12/2023,4,142.2,Unhealthy for Sensitive Groups,91.8,156.2,37.8,9.9,2.94,45.8,20,27.6,10.2,60,18,123,1,206,0,,
296,23/10/2023,1,216.3,Very Unhealthy,131.5,201.3,48.9,22.3,4.5,44,19,49.4,10.7,243,74,543,5,873,1,,
1071,06/12/2025,1,294.2,Very Unhealthy,189.5,352.1,63.9,17.8,5.75,70.2,18.6,29.2,16.1,325,100,729,6,1164,1,,
54,23/02/2023,1,246.8,Very Unhealthy,161.4,295.2,48.1,11.8,6.01,68.4,24.1,38.6,14.1,285,88,645,6,1032,1,,
3206,10/10/2025,3,78.5,Moderate,49.9,79.1,20.2,10,0.86,52.4,22.3,54.8,12.6,33,10,80,1,126,0,,
1353,14/09/2023,2,105.1,Unhealthy for Sensitive Groups,62.9,107.5,25,7.2,1.86,32.4,30.7,67.2,9.4,72,21,165,1,264,0,,
2769,30/07/2024,3,45.5,Good,23.3,41.2,5,1.8,0.81,29.6,30.5,63.1,8.6,24,7,56,0,94,0,,
192,11/07/2023,1,88.9,Moderate,52.9,96.1,22.2,6.1,1.59,61.9,38.9,73.2,11.4,98,29,226,2,357,0,,
2356,13/06/2023,3,29.2,Good,24.2,46,1,6.8,0.64,22.4,34,81.8,6.4,30,9,72,0,109,0,,
3324,05/02/2023,4,170.3,Unhealthy,114.5,184.6,43.4,13.2,3.97,52.3,14.3,31.7,4.7,48,14,108,1,167,1,,
1295,18/07/2023,2,56,MODERATE,34.1,59.8,12.7,7.8,1.02,54.2,37.5,74,13.4,52,15,122,1,193,0,,
302,29/10/2023,1,198.2,Unhealthy,115.2,180.1,41.1,19.8,3.96,64.1,21.6,52.9,5.9,191,59,436,4,694,1,,
366,01/01/2024,1,352.5,Hazardous,215.6,377.9,57.5,28.4,7.08,68.4,15.9,31.3,16.8,334,103,749,7,1194,1,,
2125,25/10/2025,2,151.2,Unhealthy,91.6,145.6,33.3,7.3,2.62,32.1,24.2,48.4,9.1,99,31,224,2,361,1,,
103,13/04/2023,1,170.4,Unhealthy,116.8,185.2,40,11.7,3.31,61.9,30,69.2,6.8,199,60,444,4,712,1,,
1794,28/11/2024,2,167.1,Unhealthy,103,179.2,44.3,11.5,2.48,71.9,20.1,31.6,4.5,136,42,305,3,486,1,,
745,14/01/2025,1,333,Hazardous,202.9,326.2,52.8,33.2,4.5,76.5,17.5,25.8,7.8,362,111,811,7,1299,1,,
2869,07/11/2024,3,68.6,Moderate,56.8,90.5,26,3.3,2.5,39.2,16.8,47.1,6.1,47,14,101,1,170,0,,
2615,27/02/2024,3,81.5,Moderate,65.5,109.8,24.3,10.6,2.14,57.5,20.3,28.4,9.5,56,18,133,1,216,0,,
2432,28/08/2023,3,58,Moderate,33.6,51.2,11.7,5.4,0.76,45.9,26.4,81.9,3.8,26,10,64,1,101,0,,
2545,19/12/2023,3,117.8,Unhealthy for Sensitive Groups,,135.8,26.7,10.3,1.16,49.4,14.6,33,15.9,60,19,135,1,218,0,,
3156,21/08/2025,3,38.8,Good,23.5,35.5,10.3,1.9,1.27,22,29.4,65.9,11.4,22,7,61,0,88,0,,
2044,05/08/2025,2,51,Moderate,36.3,64.4,9.4,0.7,1.11,60.7,35.4,79.9,8,54,16,122,1,193,0,,
3821,16/06/2024,4,68.6,Moderate,40.4,71.2,10.7,6.5,1.25,32,31.9,76.7,10.1,26,7,60,1,98,0,,
1833,06/01/2025,2,152.6,Unhealthy,103,163.9,52.4,8.8,2.94,48.6,19,29.5,5.6,124,38,276,2,442,1,,
2927,04/01/2025,3,99.1,Moderate,64.6,106.3,29.1,12.2,2.58,40.5,17.5,22.9,10.9,52,16,121,1,195,0,,
2986,04/03/2025,3,104,Unhealthy for Sensitive Groups,69.4,106.8,18.9,11.5,1.41,18.1,18.1,37.3,13.7,46,14,110,1,171,0,,
1488,27/01/2024,2,220.1,Very Unhealthy,137.3,222.5,40.2,23.2,4.29,63.7,21.9,24,1.3,136,41,303,3,505,1,,
3326,07/02/2023,4,155.2,Unhealthy,97.5,148.3,28.4,16.4,3.64,32.8,19.1,33.3,15,53,18,122,1,198,1,,
1207,21/04/2023,2,119,Unhealthy for Sensitive Groups,71.3,124.6,23.7,13.1,2.18,48.5,31.5,52.6,13.3,86,26,192,2,,0,,
375,10/01/2024,1,324.1,Hazardous,200.3,359.5,66.5,24.2,5.24,73.1,12.9,21.6,10.8,350,107,782,7,1245,1,,
1214,28/04/2023,2,110.6,Unhealthy for Sensitive Groups,71.8,112.3,24.4,12.3,2.38,43,32.9,62,16.1,95,29,206,2,339,0,,
545,28/06/2024,1,96.4,Moderate,58.3,104.4,29.6,9.8,1.66,33.9,35,82.7,13.8,112,34,259,2,413,0,,
1352,13/09/2023,2,111.7,Unhealthy for Sensitive Groups,60.4,108.3,20.8,9.5,1.31,33.5,32.7,61.3,9.5,66,20,156,1,245,0,,
292,19/10/2023,1,196.2,Unhealthy,126.4,209.2,39.6,12.7,3.89,60.5,20.4,62.3,4.2,204,62,459,4,734,1,,
3404,26/04/2023,4,94,moderate,52.8,87,14.3,3.3,1.41,46.9,31.2,66.7,8.7,40,12,92,1,149,0,,
3448,09/06/2023,4,73.3,Moderate,44.3,81.7,15.6,2.5,1.04,62.2,38.1,90.2,5.7,31,8,65,1,105,0,,
390,25/01/2024,1,267,Very Unhealthy,162.7,278.5,67.9,13.5,4.43,47.4,16.9,31.9,14.6,323,99,729,6,1161,1,,
822,01/04/2025,1,276.7,Very Unhealthy,171.4,323.6,51.1,29.3,4.6,34.8,27.6,52.1,10.8,264,81,586,5,944,1,,
3653,31/12/2023,4,139.4,unhealthy for sensitive groups,85.6,150,31.3,10.5,3.62,28.8,20.4,29.1,7.5,56,17,128,1,202,0,,
2390,17/07/2023,3,50.5,Moderate,23.5,38.5,3.4,4,1.18,45,31.2,80.9,9.3,24,7,56,1,96,0,,
248,05/09/2023,1,146.5,Unhealthy for Sensitive Groups,,153.1,28.1,11,3.02,48.5,27.1,64.3,12.4,165,50,371,3,593,0,,
4129,20/04/2025,4,90,Moderate,63,99.9,24.8,8.8,2.33,30.8,32.1,57.9,8.7,38,11,90,1,138,0,,
1184,29/03/2023,2,126.5,Unhealthy for Sensitive Groups,88.4,158.8,37.6,13.5,3.37,46.2,30.3,46.7,9.2,112,35,252,2,405,0,,
2049,10/08/2025,2,50.5,Moderate,34,63.4,7.9,5.8,0.77,57.2,34.2,89.7,7.3,60,18,136,1,219,0,,
3489,20/07/2023,4,38.9,Good,29.3,54.9,7.5,2.1,0.94,61,35.3,81.9,12.7,25,7,56,,90,0,,
215,03/08/2023,1,98.8,Moderate,54.9,91.6,11.7,11.3,1.61,53.5,34.5,69.1,0.5,100,30,231,2,373,0,,
1017,13/10/2025,1,197,Unhealthy,131.7,238.2,38.6,18.6,3.69,60.2,21.3,52.4,3.6,187,57,419,4,673,1,,
4051,01/02/2025,4,161.8,unhealthy,97.2,180.3,34.6,7.7,2.51,69.9,18.5,29.6,10.5,64,20,146,1,231,1,,
411,15/02/2024,1,243.7,Very Unhealthy,154.7,254.5,69.9,20.1,5.16,47.1,18.9,39.3,11.5,325,100,722,6,1155,1,,
3551,20/09/2023,4,83.4,Moderate,39.7,69.1,7.7,8.5,1.58,19.7,31.1,63.3,9,33,10,67,1,110,0,,
3313,25/01/2023,4,147.6,Unhealthy for Sensitive Groups,96,172.7,30.1,14,3.01,67.4,22.9,30.6,7.7,56,18,130,1,217,0,,
3450,11/06/2023,4,72.3,Moderate,40.3,73.7,10,5,0.74,42.2,37.1,86.1,12.9,28,9,65,,101,0,,
3352,05/03/2023,4,135.8,Unhealthy for Sensitive Groups,84.2,133.1,26,15.1,2.74,48.3,26.2,,12.4,53,16,122,1,196,0,,
833,12/04/2025,1,205.2,Very Unhealthy,121.2,217.7,43.3,20.4,4.42,44.2,28.2,74,4.9,182,56,410,4,662,1,,
180,29/06/2023,1,70.8,Moderate,58.1,108.6,19.1,9.7,1.21,39.8,30.2,79.2,7.1,129,39,294,2,468,0,,
1804,08/12/2024,2,183.8,Unhealthy,109.2,172.2,29,13.5,3.67,57.3,20.6,38.2,13.2,121,37,268,2,431,1,,
691,21/11/2024,1,284.2,Very Unhealthy,176.1,301.3,46.6,13.7,3.97,78.2,20.2,32.1,15,315,97,707,6,1132,1,,
3540,09/09/2023,4,85.1,Moderate,46.7,78.4,13.5,7.1,1.45,35,30.8,71.1,3,32,9,70,1,,0,,
471,15/04/2024,1,187.8,Unhealthy,129.1,228.7,43.8,18.4,4.56,59,27.3,54.2,20.5,254,78,576,5,,1,,
705,05/12/2024,1,332,Hazardous,202.7,304,80.6,20.2,5.63,66.2,18,49.8,14.6,291,89,654,,1043,1,,
2674,26/04/2024,3,73.6,Moderate,44.3,73.4,14.2,6.2,1.59,42.4,26.6,55.4,5.3,36,9,80,1,126,0,,
3363,16/03/2023,4,115.2,Unhealthy for Sensitive Groups,74.2,114.4,31.7,11.7,1.9,47.4,25.6,42.2,0.5,55,16,123,,195,0,,
2963,09/02/2025,3,121.2,Unhealthy for Sensitive Groups,81.2,127.4,26.2,11.1,2.59,72.3,15.5,34.1,7.6,43,13,106,1,161,0,,
3369,22/03/2023,4,121,Unhealthy for Sensitive Groups,,123.8,29.5,13.4,2.86,58.1,24.5,48.2,5.8,38,11,84,1,135,0,,
3402,24/04/2023,4,80.6,Moderate,56.1,105.3,19,6.5,1.51,45,26.9,58,4.8,38,12,89,1,140,0,,
723,23/12/2024,1,239.6,Very Unhealthy,150.6,277.1,39.2,14.8,4.08,77.3,15.3,26,8.7,286,89,643,6,1032,1,,
1076,11/12/2025,1,331.2,Hazardous,201.8,338.4,86.3,24.7,7.62,50.7,20.5,28.3,7.6,312,97,702,6,1112,1,,
2200,08/01/2023,3,127.9,Unhealthy for Sensitive Groups,76.6,126.1,27.9,5.8,2.51,41.4,17.3,17,13.2,61,20,144,1,226,0,,
1443,13/12/2023,2,178.7,Unhealthy,102.6,175.9,44.2,18.8,3.65,64.4,19.7,26.9,14.5,119,37,271,2,429,1,,
4333,10/11/2025,4,132.1,Unhealthy for Sensitive Groups,82.3,138.2,25.4,8.4,2.74,51.2,19.9,43.1,14.9,46,15,104,1,169,0,,
3218,22/10/2025,3,77,Moderate,54.9,102.2,13.1,9.2,2.17,64.1,21.4,52.3,5.8,39,11,92,1,146,0,,
2490,25/10/2023,3,96.8,Moderate,55.7,91.8,27.7,3.7,1.45,48.2,19.1,44.7,2.6,45,13,100,1,165,0,,
64,05/03/2023,1,270.6,Very Unhealthy,168.7,266.1,64.6,23.8,5.61,45.4,21.9,45.9,10.6,226,69,515,5,824,1,,
770,08/02/2025,1,364,Hazardous,228.5,344.8,71.3,26.9,4.96,56.7,19.8,45,17.3,324,99,724,6,1161,1,,
2219,27/01/2023,3,109.7,Unhealthy for Sensitive Groups,74,137.3,20.4,12.8,1.49,46.7,19.9,36.2,4.3,49,15,106,1,174,0,,
1746,11/10/2024,2,114.2,Unhealthy for Sensitive Groups,66.5,112.9,22.6,7.6,2.34,60.8,26.6,46.3,14.7,91,27,204,,323,0,,
325,21/11/2023,1,299.1,Very Unhealthy,189.8,301.8,74.2,19.9,6.33,49,17.5,43.1,16,257,80,579,5,926,1,,
820,30/03/2025,1,210.4,Very Unhealthy,134.9,202.9,48.6,15.2,5.04,72.2,27.9,59.1,8.8,251,77,562,5,902,1,,
781,19/02/2025,1,294.1,Very Unhealthy,188.4,350.7,52,16.4,5.69,85.1,21.1,36.7,4.8,321,100,727,6,1164,1,,
2399,26/07/2023,3,39.6,Good,22,41.3,11,1.5,1.05,54.4,31.9,84.2,13.9,26,7,55,0,94,0,,
2568,11/01/2024,3,126.8,Unhealthy for Sensitive Groups,78.5,138.8,31.9,11.9,2,65.1,19.7,25.5,15.8,66,19,147,1,240,0,,
4023,04/01/2025,4,164.6,Unhealthy,101.1,179.1,33.9,11.8,3.02,69.5,18.1,22.6,13.5,55,17,130,1,206,1,,
2970,16/02/2025,3,110.1,Unhealthy for Sensitive Groups,72.8,122.9,23.5,8.2,2.3,47.5,20.2,27.7,11.7,63,19,139,1,224,0,,
753,22/01/2025,1,276.9,Very Unhealthy,180.3,294.5,63.4,23.5,4.17,55.8,20.2,27.7,6.3,300,92,673,6,1079,1,,
1068,03/12/2025,1,330.9,Hazardous,199.4,351.9,88.3,17.3,7.22,44.9,18.2,36.5,7.6,289,89,647,6,1041,1,,
3051,08/05/2025,3,62.9,Moderate,28.9,52.5,15,1.8,1,34.7,28.3,72.2,2.9,36,11,83,1,129,0,,
3755,11/04/2024,4,83.3,Moderate,63.4,105.2,22.7,8.5,0.99,34.8,29.2,,8.2,42,13,103,1,161,0,,
1042,07/11/2025,1,278.6,Very Unhealthy,,278.9,49.3,21.2,5.28,76.4,15.8,47.6,6.1,283,87,637,6,1023,1,,
1237,21/05/2023,2,77.2,Moderate,51.8,81.6,20.8,5.2,1.81,58.8,34.2,71.1,8.4,74,22,169,1,267,0,,
3106,02/07/2025,3,35.9,Good,23,40.1,11.1,5.3,0.65,41.4,30.8,71.4,14.6,26,7,58,0,91,0,,
3610,18/11/2023,4,143.7,Unhealthy for Sensitive Groups,90.6,163.6,28.4,7.7,1.92,48,21,35.3,13.8,54,17,121,1,194,0,,
364,30/12/2023,1,268.6,Very Unhealthy,167.3,293.6,73.6,25.8,6.43,53.3,16.3,34.5,8.3,301,93,679,6,1077,1,,
4219,19/07/2025,4,36.3,Good,27.5,42.9,1.4,5.6,0.75,28.7,34.8,82.9,13.7,23,8,53,0,89,0,,
717,17/12/2024,1,259.4,Very Unhealthy,161.9,269.5,48.3,20.4,3.2,67.8,15.5,31.9,17.5,310,95,697,6,1115,1,,
1136,09/02/2023,2,222.4,Very Unhealthy,136.3,256.9,48.6,12.6,5.48,53.3,27,35,13.8,140,44,318,3,513,1,,
1165,10/03/2023,2,139.5,Unhealthy for Sensitive Groups,88.9,164.6,35.3,9.5,2.67,39.6,25.1,,11.1,130,40,291,3,470,0,,
3470,01/07/2023,4,57.9,Moderate,31.4,55.5,8.1,2.6,1.22,35.4,31.4,73.7,9,27,8,65,1,101,0,,
1364,25/09/2023,2,100.9,Unhealthy for Sensitive Groups,65.2,122.9,19.9,9.9,2.45,70.2,27.7,56.5,11.9,75,22,169,1,273,0,,
2808,07/09/2024,3,50.2,Moderate,30.9,50.6,9.2,4.8,0.8,20.2,25,63.5,,29,8,66,1,110,0,,
3348,01/03/2023,4,162.1,Unhealthy,101.2,172.3,35.3,7.9,2.91,50.3,23.1,45,7.1,60,18,134,1,207,1,,
3162,27/08/2025,3,55.8,Moderate,26.3,47.5,11.7,2.4,0.39,36.1,27.1,72.7,9.4,28,8,67,0,99,0,,
551,04/07/2024,1,87,Moderate,60.3,108.5,15,5.6,1.14,39.6,31.3,83.1,8.4,108,33,246,2,391,0,,
2002,24/06/2025,2,82.4,Moderate,39.1,67.1,12.7,2.2,0.94,42.8,38.3,88.3,5.8,53,16,127,1,199,0,,
2223,31/01/2023,3,115.8,Unhealthy for Sensitive Groups,73.8,119.1,17.6,13.2,2.27,62.7,16.2,,0.5,52,16,117,1,196,0,,
750,19/01/2025,1,296.4,Very Unhealthy,183,321,74.8,23.2,6.85,53.6,17.7,,12.3,380,118,853,8,1356,1,,
3151,16/08/2025,3,47.1,Good,22.6,41.9,7,5.1,0.62,41,29,78.9,9.6,24,8,54,0,88,0,,
1623,10/06/2024,2,84.6,Moderate,50.8,87.7,12.1,4.9,1.75,39.2,36.4,81.3,2.9,69,21,162,1,257,0,,
3187,21/09/2025,3,59.5,Moderate,36.9,57.6,7,2.5,1.08,39.8,27,61.2,10.1,31,9,72,1,114,0,,
724,24/12/2024,1,283,Very Unhealthy,166.3,316,62.7,26.3,6.37,60.4,19,31,7,315,97,703,6,1127,1,,
3118,14/07/2025,3,37.8,Good,21.6,37.5,5.8,1.8,0.7,44.8,31.6,78.4,6.4,24,8,66,0,89,0,,
2064,25/08/2025,2,80.5,Moderate,42.9,68.2,22.1,2.6,1.14,39.8,32.4,73.5,5.5,58,18,135,1,213,0,,
2950,27/01/2025,3,120.8,Unhealthy for Sensitive Groups,78.6,136.7,36.5,13.9,2.04,35.4,16.3,24.4,8.9,56,17,133,,216,0,,
4211,11/07/2025,4,36.3,Good,30.6,52.3,15.1,6.6,0.84,48,35.4,82.4,12.7,27,8,59,0,100,0,,
3059,16/05/2025,3,57.8,Moderate,38.7,63.8,8.2,2.9,0.89,48.1,29.9,71.9,5.7,30,9,73,1,112,0,,
2728,19/06/2024,3,27.8,Good,24.3,42.8,3.6,0.6,0.41,34.4,31,79.9,20.2,28,8,63,0,109,0,,
843,22/04/2025,1,226.6,Very Unhealthy,146.2,229.6,39.3,19.7,5,50.4,28.3,54.3,10.7,214,66,482,4,767,1,,
2326,14/05/2023,3,59.5,Moderate,38.4,64.5,11.5,3.4,1.33,33.5,28.9,79.1,15.4,34,9,80,1,128,0,,
21,21/01/2023,1,280,Very Unhealthy,176,270.7,57.5,26.1,4.5,51.1,17.4,22.8,17.6,270,84,608,5,969,1,,
3107,03/07/2025,3,22.4,Good ,24.2,39.6,10.6,3.3,1,51.6,31,69.1,15.4,26,8,59,0,92,0,,
880,29/05/2025,1,139.8,Unhealthy for Sensitive Groups,,134.4,34.6,10.9,2.53,43.3,31.9,74.6,5.4,159,48,357,3,571,0,,
2802,01/09/2024,3,46.3,Good,30.2,56.8,19.2,5.2,0.52,43.7,25.6,81.4,17.1,30,9,68,,107,0,,
4029,10/01/2025,4,160.7,unhealthy,104.1,175.4,45.3,19.1,3.77,66.3,18.9,31.1,,57,19,135,1,211,1,,
3883,17/08/2024,4,37.4,Good,33.3,60.8,9.7,6.4,0.85,31.3,33.2,82.2,15.1,28,8,64,0,100,0,,
2148,17/11/2025,2,138.5,Unhealthy for Sensitive Groups,93.7,151.6,27.6,11.4,2.68,41,21.3,42.1,11.9,122,38,282,2,447,0,,
1750,15/10/2024,2,104.6,Unhealthy for Sensitive Groups,64.5,102.3,24.9,3.5,2.66,37.1,26.6,54.8,3.8,87,27,199,2,317,0,,
864,13/05/2025,1,167.7,Unhealthy,100.6,181.2,45.2,12.1,2.55,50.9,33.1,57.2,11.2,168,51,379,3,606,1,,
2807,06/09/2024,3,59.3,Moderate,29,45.4,9,4.5,0.59,41,26.8,72.2,10.7,32,10,80,1,120,0,,
1903,17/03/2025,2,159.6,Unhealthy,98,183.6,28.9,12.2,3.07,66.6,24.9,38.4,7.2,111,35,250,2,402,1,,
208,27/07/2023,1,69.2,Moderate,48.1,79.4,25.6,5.9,1.25,42.7,32.8,72.7,11.1,93,29,212,2,340,0,,
355,21/12/2023,1,335.5,Hazardous,202.8,383.8,61.1,20.7,7.77,80.6,17.7,39.9,,320,100,720,6,1157,1,,
952,09/08/2025,1,111.8,Unhealthy for Sensitive Groups,68.9,108.4,18.1,9.9,2.71,54.2,28.2,75.8,10.9,126,39,292,2,466,0,,
4274,12/09/2025,4,62.6,Moderate,,75.8,19.6,3,0.91,35.7,31.1,81.7,8.2,31,9,74,1,116,0,,
3934,07/10/2024,4,96.6,Moderate,60.6,96.5,28.7,9,1.45,47.1,23.2,58.9,10.6,46,14,108,1,172,0,,
1859,01/02/2025,2,211.8,Very Unhealthy,138.8,242.5,49.2,24.9,5.2,46.9,20.1,39,9.4,133,42,301,3,483,1,,
2194,02/01/2023,3,120.2,Unhealthy for Sensitive Groups,72.7,130.6,33.4,11.2,2.31,47.9,13.8,36.4,6.8,57,17,120,1,200,0,,
1569,17/04/2024,2,125.2,Unhealthy for Sensitive Groups,79.4,134.4,27,13.7,1.96,51,31.6,64.9,16.7,92,28,208,2,326,0,,
3985,27/11/2024,4,133.7,Unhealthy for Sensitive Groups,90.3,150.9,38.9,15,2.24,82.8,17.4,25.5,9.5,51,15,120,1,187,0,,
4358,05/12/2025,4,133.5,Unhealthy for Sensitive Groups,77.7,133.9,19.7,9,1.62,63.4,16.7,24.4,8.3,61,20,136,1,220,0,,
4001,13/12/2024,4,169,Unhealthy,108.2,183.3,33.9,16.2,2.84,68.8,21,18.3,1.7,57,17,129,1,207,1,,
2977,23/02/2025,3,75.7,moderate,54.4,93.4,21.5,6.6,2.13,52.4,20.9,32.4,7.3,53,16,126,1,193,0,,
1754,19/10/2024,2,142.1,Unhealthy for Sensitive Groups,79.2,122.9,20.4,15.3,2.27,50.1,24.7,36.4,,92,29,204,2,330,0,,
1160,05/03/2023,2,182.3,Unhealthy,112.3,205.9,44.9,9.6,3.23,61.4,24.8,31.2,7.8,121,36,270,2,434,1,,
59,28/02/2023,1,237,Very Unhealthy,149.1,250.4,65.3,19.2,5.53,82.3,21.4,44,11.7,259,79,580,5,933,1,,
1327,19/08/2023,2,67.9,Moderate,40.5,64.6,9.4,7.4,0.79,51.4,34,74.2,9.7,65,20,148,1,229,0,,
4252,21/08/2025,4,52,Moderate,33.6,57.4,6.8,5.5,1.1,39.2,32.9,64.8,15.5,26,7,58,,98,0,,
4363,10/12/2025,4,166.8,Unhealthy,101.5,184.8,33.5,11.9,4.16,33.6,22.1,37.6,15.8,54,16,116,1,189,1,,
2311,29/04/2023,3,56.8,Moderate,44.1,73.6,15.3,5.3,1.9,50.2,30.2,75.2,14.3,45,13,105,1,162,0,,
645,06/10/2024,1,195.2,Unhealthy,113,201.8,24.5,18.6,2.73,48.1,23.9,51.9,11.4,210,64,471,4,751,1,,
1239,23/05/2023,2,85.6,Moderate,54.5,87.4,18.3,9.4,1.81,68.8,34.6,68.9,5,62,19,146,1,231,0,,
4187,17/06/2025,4,58.3,Moderate,36.5,56.6,14.9,4.9,1.06,68.5,34.7,72.3,7.6,25,8,54,0,96,0,,
3042,29/04/2025,3,55,Moderate,41.2,65.5,11.4,1.4,0.83,35.5,26.4,61,13.5,33,10,81,1,119,0,,
2780,10/08/2024,3,57.5,Moderate,25.2,40.5,11.6,3.3,0.57,27.8,30.3,74.4,17.8,24,7,54,0,96,0,,
1456,26/12/2023,2,198,Unhealthy,124.2,229.4,38.9,13.6,3.1,85.4,19.9,45.8,9.1,146,44,327,3,529,1,,
4215,15/07/2025,4,57.5,Moderate,31.4,56.3,6.8,2.1,0.48,43.9,35.2,80.1,0.8,25,7,59,0,95,0,,
1414,14/11/2023,2,156.1,Unhealthy,96.2,152.7,26.5,11.6,3.3,59,21.8,51.2,14.1,114,34,257,2,412,1,,
1086,21/12/2025,1,314.7,Hazardous,195.7,366.3,77.6,25.7,5.21,77.6,17.4,24.7,0.5,342,106,766,7,1225,1,,
1931,14/04/2025,2,172.8,Unhealthy,100,174.2,36.4,10.5,3.46,63.4,31.4,53.7,10.5,92,29,214,2,335,1,,
2130,30/10/2025,2,118.8,Unhealthy for Sensitive Groups,80.4,131.7,25.7,11.9,2.22,43.5,21.9,39.3,9.8,92,28,211,2,329,0,,
3248,21/11/2025,3,100.3,Unhealthy for Sensitive Groups,,92.8,21.4,5.7,1.77,55.6,18.4,32.2,6.7,50,15,117,1,187,0,,
2660,12/04/2024,3,202.8,Very Unhealthy,133.4,249.8,35.3,21.1,3.91,32.4,25.3,46.1,12,39,12,87,1,142,1,,
1514,22/02/2024,2,208.4,Very Unhealthy,126.6,213.3,41.5,23.6,3.11,76.8,20.1,30.4,,137,43,311,3,498,1,,
3592,31/10/2023,4,114.7,Unhealthy for Sensitive Groups,74.6,138.7,24.8,9.6,2.37,48.9,27.2,,12.9,44,14,107,1,167,0,,
2792,22/08/2024,3,45.5,Good,25.4,38.7,11.1,5.7,0.56,34.8,30.2,72.5,12.9,29,9,68,1,103,0,,
2923,31/12/2024,3,126.4,unhealthy for sensitive groups,80.5,121.1,22.8,6.4,3,46.9,17.1,25.5,14.3,51,16,121,1,188,0,,
4356,03/12/2025,4,148,Unhealthy for Sensitive Groups,85.8,150,30,10.3,2.2,14.6,17.3,30.2,10.3,58,18,128,1,207,0,,
3239,12/11/2025,3,73.5,Moderate,52.7,82,17.6,5.5,1.76,59.5,18,36.4,15.1,41,13,99,1,161,0,,
2124,24/10/2025,2,118.3,Unhealthy for Sensitive Groups,81.6,127.9,38,10.1,2.8,63.3,23.1,50.5,,86,25,197,2,314,0,,
1069,04/12/2025,1,344.3,Hazardous,219.3,339.3,87.8,38.7,8.67,55,20.8,49,9.3,308,95,690,6,1107,1,,
1366,27/09/2023,2,130.4,Unhealthy for Sensitive Groups,81,150.1,24.9,12.5,3.04,27.3,31.9,65.8,10.2,75,22,172,1,271,0,,
148,28/05/2023,1,111.6,Unhealthy for Sensitive Groups,74.5,129.3,22.6,6.7,2.16,50.9,34.1,75.1,12.8,138,41,309,,492,0,,
3027,14/04/2025,3,78.6,Moderate,53.4,99.9,18.4,5.5,1.07,38.4,24.8,55,3.9,33,11,80,1,133,0,,
3894,28/08/2024,4,66.9,Moderate,39.8,67.9,8.9,4.1,1.58,56.9,32.1,70.3,3.9,31,10,70,1,113,0,,
517,31/05/2024,1,137.2,Unhealthy for Sensitive Groups,81.7,152.1,28.1,9.9,2.43,44.3,30.5,76.4,6.3,144,43,330,3,526,0,,
2076,06/09/2025,2,83.6,Moderate,51.6,78.3,16.6,9.4,1.63,48.3,30,69.8,4.5,63,19,148,1,235,0,,
2418,14/08/2023,3,44.5,Good,25.7,43.6,9.2,2.7,0.91,57.5,32.8,67.4,5.5,26,8,59,1,99,0,,
3525,25/08/2023,4,74.3,Moderate,41.9,77.9,11.1,5.9,1.07,38.4,27.9,68.8,11.8,25,7,62,0,100,0,,
3536,05/09/2023,4,60,Moderate,36.9,59.5,18.3,4.4,1,24.5,28.6,70.5,8.1,29,9,69,0,104,0,,
1800,04/12/2024,2,179,Unhealthy,114.9,217.4,27.7,20.5,3.63,61.6,20.9,25.3,5.7,116,35,263,2,417,1,,
3790,16/05/2024,4,82.3,Moderate,50.2,88.8,18.9,6.8,2.29,51.6,34.7,58.6,8.9,31,10,78,1,123,0,,
2028,20/07/2025,2,56.9,Moderate,31.7,48,6.7,3,0.83,56.6,34.9,72.6,12.9,48,14,107,1,170,0,,
4102,24/03/2025,4,108.6,Unhealthy for Sensitive Groups,75.2,119.8,31.7,8.3,2.43,28.8,26.1,45.7,5.2,47,14,109,1,169,0,,
453,28/03/2024,1,267.6,Very Unhealthy,173.6,302.4,67.5,28.4,4.74,49.8,28.4,50.9,1,259,79,583,5,922,1,,
1419,19/11/2023,2,192.2,Unhealthy,123.4,215.5,48.6,12.7,4.4,49.5,19.5,33.4,4.8,92,29,210,2,337,1,,
1099,03/01/2023,2,198.3,Unhealthy,126.2,227.7,51.8,19.5,4.34,57.8,18.4,28.8,8.6,135,41,311,3,485,1,,
2982,28/02/2025,3,94.7,Moderate,61,106.6,22,4.8,1.87,55.4,21.8,37.9,9.7,49,15,107,1,169,0,,
4302,10/10/2025,4,88.8,Moderate,58.7,110,18.8,4.2,1.97,31.5,23.8,62.1,11.6,34,11,81,1,128,0,,
1876,18/02/2025,2,181.4,Unhealthy,110.9,207.2,33.8,13.3,3.21,73.4,21.9,40,5,117,35,262,2,419,1,,
193,12/07/2023,1,80.8,Moderate,51.8,84.5,20,5.9,0.86,62,33.4,84.6,5.8,123,38,280,2,453,0,,
1748,13/10/2024,2,125.5,Unhealthy for Sensitive Groups,78.3,148,27.9,7,1.67,41,27.7,38.3,9.3,82,24,184,2,294,0,,
3911,14/09/2024,4,89.2,Moderate,51.9,89.1,18.8,8.7,1.59,42.6,30.7,74.5,7.4,30,9,73,1,119,0,,
2174,13/12/2025,2,193,Unhealthy,124.3,227.1,31.2,15.2,4.26,18.9,21.7,50.1,,123,38,274,2,440,1,,
1417,17/11/2023,2,176.9,Unhealthy,,197.8,49.2,11.6,4.82,60.4,22.4,36.9,7.3,107,32,247,2,392,1,,
2741,02/07/2024,3,39.7,Good,21.9,41.3,7.2,1.9,1.16,28.8,32.7,73.9,17.7,26,8,62,1,101,0,,
1039,04/11/2025,1,292.4,Very unhealthy ,172,286.7,54.6,31.6,4.51,58.6,19.8,50.5,11.6,260,80,584,,934,1,,
2928,05/01/2025,3,118.6,unhealthy for sensitive groups,73.4,131.4,23.1,11.4,2.6,50.3,13.4,30.2,9.2,47,14,106,,168,0,,
2086,16/09/2025,2,90.1,Moderate,54.3,100.1,16.1,6.7,1.22,49.2,30.1,64.4,9.3,60,18,137,1,216,0,,
4181,11/06/2025,4,64.6,Moderate,41.1,76.1,9.8,6.4,1.15,46.7,35.1,77.7,15.5,29,8,65,0,102,0,,
1928,11/04/2025,2,125.3,Unhealthy for Sensitive Groups,,142.6,28.8,9.3,2.09,49.7,30.1,55.2,6.8,101,31,228,2,370,0,,
4320,28/10/2025,4,131,Unhealthy for Sensitive Groups,81.9,135.5,35.3,14.3,2.41,45.4,23.7,49.4,6.8,51,15,114,1,177,0,,
3275,18/12/2025,3,111.4,Unhealthy for Sensitive Groups,68.8,116.2,25.4,11.9,1.83,52.7,16.3,19.8,12.3,55,17,123,1,204,0,,
3270,13/12/2025,3,114.5,Unhealthy for Sensitive Groups,66.7,119.1,27.2,10.4,1.57,59.8,18.2,,12.1,54,16,125,,193,0,,
3336,17/02/2023,4,128.4,Unhealthy for Sensitive Groups,82.3,150.4,25.3,8.4,2,68.5,22.4,42.6,10.7,62,19,136,1,217,0,,
1304,27/07/2023,2,43.7,Good,29.5,45.9,13.7,1.9,1.07,14.9,33.5,78.3,6.7,51,16,125,1,193,0,,
627,18/09/2024,1,138.9,Unhealthy for Sensitive Groups,92.1,171.4,33.4,12.8,3.31,51.3,26,57.2,7,160,48,359,3,565,0,,
3848,13/07/2024,4,27.9,Good,30.6,50,16.9,4.5,0.88,16.2,34,81.8,4.8,25,8,54,0,89,0,,
2398,25/07/2023,3,37.4,Good,24.8,42.6,9.8,0.3,0.85,49.9,31.5,82.5,16.6,22,7,55,0,92,0,,
4304,12/10/2025,4,117,Unhealthy for Sensitive Groups,75.8,117.4,34.2,9.1,1.65,43.4,25,53.3,13.7,41,12,84,1,139,0,,
1100,04/01/2023,2,204.6,Very Unhealthy,131.3,248.3,33.9,10.3,2.79,47.6,17.6,30.1,7.9,143,44,322,3,517,1,,
4088,10/03/2025,4,172.2,Unhealthy,101.6,170.6,27.7,16.8,2.97,53.5,27.6,45.8,15.4,52,16,118,1,182,1,,
1909,23/03/2025,2,113,Unhealthy for Sensitive Groups,78.5,121.5,39.1,6.9,2.27,57.5,31.2,37.3,7.8,121,36,272,2,431,0,,
2944,21/01/2025,3,114,Unhealthy for Sensitive Groups,78.5,133.4,30.3,9.8,3.23,41.1,15.5,30.9,11.9,57,18,129,1,205,0,,
975,01/09/2025,1,124,Unhealthy for Sensitive Groups,74.3,132.6,33.8,12.7,2.71,56.4,27.8,68.8,12.1,145,44,334,3,534,0,,
3873,07/08/2024,4,59.1,Moderate,35.6,62.1,9.1,6.7,1.38,64,32,79.2,9.7,24,6,59,0,86,0,,
3173,07/09/2025,3,42.8,Good,29.1,45.8,11.3,5,1.06,60.5,25.8,66.4,0.5,30,9,71,1,113,0,,
2091,21/09/2025,2,96.1,Moderate,57.2,89,25.9,7.6,2.08,58.1,28,53.7,3.9,59,17,135,1,212,0,,
3017,04/04/2025,3,85.7,Moderate,56.3,95.8,22.8,5.6,2.06,28.2,24.2,60.8,12,45,15,111,1,174,0,,
1911,25/03/2025,2,162.9,Unhealthy,97.9,178.8,40.9,9.8,3.53,62.5,25.5,50.7,11.7,107,32,235,2,379,1,,
151,31/05/2023,1,121.2,Unhealthy for Sensitive Groups,71.9,120.3,19.1,10.8,2.05,56.2,32.1,72.2,10.8,140,42,321,3,506,0,,
3759,15/04/2024,4,110.8,Unhealthy for Sensitive Groups,67.2,110.7,16.7,13.8,2.58,33.9,27.6,57.5,12.6,43,13,97,1,159,0,,
2271,20/03/2023,3,100.5,Unhealthy for Sensitive Groups,68.4,105.3,27.4,6.5,1.91,57.1,21.6,42.8,10.6,53,16,114,1,190,0,,
4346,23/11/2025,4,120,Unhealthy for Sensitive Groups,77.7,138.9,25.2,12.5,2.48,40.5,20.5,34.5,6.1,55,17,120,1,198,0,,
2421,17/08/2023,3,42.6,Good,24.8,37.6,12.3,0.5,0.49,23,28.8,76.2,2,28,8,60,1,97,0,,
310,06/11/2023,1,267.7,Very Unhealthy,170.2,258.6,54.7,20.9,4.4,48.1,19.4,40.1,13.6,233,71,524,5,834,1,,
1413,13/11/2023,2,162.1,Unhealthy,102.3,178.8,41.7,17.4,3.54,59,23.9,48.7,16.2,117,35,262,2,415,1,,
3867,01/08/2024,4,57.9,Moderate,31.3,49.3,8.6,3.3,1.33,51.3,33.1,69.1,11.3,24,8,60,,94,0,,
485,29/04/2024,1,166.9,Unhealthy,108.1,162.3,34.5,15.1,2.3,49.8,30.4,58.6,8.4,221,67,495,4,787,1,,
4062,12/02/2025,4,155.5,Unhealthy,96.4,173.4,40.2,14.7,2.82,71.9,17.4,32.8,5.8,55,18,128,1,205,1,,
368,03/01/2024,1,278.2,Very Unhealthy,,305.2,69.3,23.2,3.47,77.6,13.4,34.7,1.1,305,94,685,6,1097,1,,
3427,19/05/2023,4,66.1,Moderate,49.6,87.5,18.7,6.7,1.17,66.7,33,67.7,15,34,12,79,1,129,0,,
2384,11/07/2023,3,26.1,GOOD,,36.1,6.1,1.5,0.5,24.2,30.5,88.3,13.8,25,7,62,0,95,0,,
650,11/10/2024,1,180.3,Unhealthy,118.3,215.1,35,16.8,4.14,32.9,23.1,63.7,11.2,217,67,491,4,780,1,,
2245,22/02/2023,3,139.1,Unhealthy for Sensitive Groups,88.8,162,39.1,10.5,2.51,37,22.8,35.4,13.7,60,19,137,1,221,0,,
2319,07/05/2023,3,51.9,Moderate,36.6,66.7,7.3,3,1.08,62.5,27.9,59,9.7,36,11,87,1,139,0,,
442,17/03/2024,1,259.3,Very Unhealthy,161.9,297.1,63.5,20.3,4.29,66.4,22.1,,9.4,251,77,564,5,903,1,,
1594,12/05/2024,2,104.1,Unhealthy for Sensitive Groups,63.2,105.5,26.6,8,2.52,67,33.5,77.1,15.2,80,23,179,2,282,0,,
2274,23/03/2023,3,106,Unhealthy for Sensitive Groups,64.5,101.7,24.3,4.1,1.75,46.7,23.2,51.9,8.3,53,16,120,1,194,0,,
897,15/06/2025,1,100.9,Unhealthy for Sensitive Groups,,112,17.7,8.5,2.56,54.2,34,68.4,9.3,138,41,311,3,494,0,,
3015,02/04/2025,3,81.8,Moderate,52,94.1,20,9,1.81,47.3,24.2,45.3,7,42,13,99,1,156,0,,
1542,21/03/2024,2,140.4,Unhealthy for Sensitive Groups,87.3,163.8,27.6,12.7,2.89,42.1,28.9,,15.1,113,35,255,2,412,0,,
1405,05/11/2023,2,160.5,Unhealthy,,168.3,24.5,16.1,3.22,42.7,21,49.6,9,102,32,241,2,372,1,,
1515,23/02/2024,2,150.8,Unhealthy,94.3,178,36.5,16.5,1.72,50.9,21.4,35.6,14.3,119,36,265,2,423,1,,
2266,15/03/2023,3,89.4,Moderate,62.3,115,21.1,13.3,1.71,42.4,23,35.2,13.3,59,19,139,1,213,0,,
3992,04/12/2024,4,155.8,Unhealthy,100.7,187.7,36.2,17.2,2.29,35.2,18.4,29,13.4,53,17,121,1,190,1,,
1217,01/05/2023,2,89.5,Moderate,64,112.3,25.4,9.3,2.36,50,31.2,60.3,3.7,85,26,193,2,309,0,,
2943,20/01/2025,3,88.4,Moderate,63.4,110.8,15.9,8.1,2.05,60,11,28.9,5.3,48,15,110,1,175,0,,
4370,17/12/2025,4,165.3,Unhealthy,103,160.8,36.6,9.2,2.47,59.8,20.3,38,13.8,56,17,122,1,199,1,,
2225,02/02/2023,3,138.2,Unhealthy for Sensitive Groups,85,131.3,25.5,13.1,2.48,49.3,15.2,40.4,12.4,67,20,148,1,238,0,,
946,03/08/2025,1,104,Unhealthy for Sensitive Groups,61.1,96.1,29,12.1,1.57,43.8,29.6,82.1,11.8,125,39,288,3,463,0,,
3423,15/05/2023,4,76.9,Moderate,51.4,83.8,19.9,7.1,1.26,51.6,32.7,55.2,14.1,32,10,76,1,122,0,,
2897,05/12/2024,3,105,Unhealthy for Sensitive Groups,59.8,101.1,21.5,9.2,1.54,61,18.4,38.7,16.4,56,16,122,1,196,0,,
343,09/12/2023,1,279.4,Very Unhealthy,177,302.4,43.2,28,3.32,67.5,16.8,34.3,4.7,301,93,679,,1090,1,,
73,14/03/2023,1,218.9,Very Unhealthy,137.8,208.1,62.9,16.5,4.09,62.2,23.6,45.3,8.5,253,78,571,5,916,1,,
3667,14/01/2024,4,155,Unhealthy,95.7,149.9,32.3,7.1,2.77,61.6,22.6,25.9,11.1,64,18,139,1,228,1,,
3346,27/02/2023,4,128.1,Unhealthy For Sensitive Groups ,83,148.9,38.9,13.9,2.48,58.5,24.5,33,8.3,62,20,142,1,226,0,,
459,03/04/2024,1,237.2,Very Unhealthy,143.2,225.9,41.9,22.7,4.1,57.2,24.4,53.4,15.2,245,76,549,,872,1,,
995,21/09/2025,1,166.8,unhealthy,102.5,167.6,38.7,17.8,3.11,86,25.6,60.1,12.8,201,62,450,4,720,1,,
763,01/02/2025,1,339.7,Hazardous,213.1,346.6,90.5,16.8,5.98,49.9,18.7,28.5,14.3,337,104,756,7,1209,1,,
3417,09/05/2023,4,79.1,Moderate,56,92.6,16,6.2,1.27,67.4,29.6,60.4,12.8,32,11,73,1,112,0,,
90,31/03/2023,1,230.8,Very Unhealthy,141.1,223.6,56.1,19.9,3.92,53.1,19.9,56.3,7.1,225,68,507,4,810,1,,
2229,06/02/2023,3,103,Unhealthy for Sensitive Groups,69.8,122.2,20.2,12.1,1.66,44.9,18.1,34.2,13.5,54,17,122,1,195,0,,
174,23/06/2023,1,91.9,Moderate,51.6,96.5,21.1,4.4,1.34,31.1,31.9,,11.2,113,33,257,2,416,0,,
18,18/01/2023,1,245,Very Unhealthy,162.2,301.3,45.5,17.3,6.19,81.5,16.1,27.9,19.1,307,96,691,6,1108,1,,
4271,09/09/2025,4,77.2,Moderate,44.6,67,21.1,5.5,1.55,35.4,25.3,65,7.8,29,9,68,1,109,0,,
1735,30/09/2024,2,108.3,Unhealthy for Sensitive Groups,63.4,103.8,20.6,10.6,1.63,71.9,24.3,59.7,0.5,74,23,168,1,268,0,,
4172,02/06/2025,4,58.3,Moderate,42.6,76.2,12.7,6.1,1.9,47.9,33.6,77.1,3,30,9,66,1,116,0,,
1689,15/08/2024,2,75.1,Moderate,42.7,72.4,19.2,7.3,1.59,29,32,72.5,8.2,58,17,132,1,213,0,,
3097,23/06/2025,3,42.9,Good,23.9,40.3,6.6,2.3,0.34,35.9,35.1,81.3,13.3,27,8,59,0,95,0,,
805,15/03/2025,1,305.6,Hazardous,190.4,321.8,57,16,7.58,63.7,22.9,43,3.5,255,78,575,5,,1,,
2273,22/03/2023,3,104.8,Unhealthy for Sensitive Groups,63,96.1,24.3,7.3,1.36,34.8,26.3,39.8,15.9,46,13,102,1,165,0,,
911,29/06/2025,1,98.9,Moderate,58.3,102.3,27.7,6.7,1.74,51.1,29.7,87.2,8.5,115,34,258,2,412,0,,
3803,29/05/2024,4,73.3,Moderate,46.3,74.7,22.2,4.2,0.76,51.9,33,70.2,5.6,33,9,67,1,109,0,,
1128,01/02/2023,2,200.6,Very Unhealthy,120.6,200,37,13.4,3.6,41.5,22.7,33.9,11.4,122,38,280,2,446,1,,
3856,21/07/2024,4,33.9,Good,24,41.7,5.7,2.4,0.34,28.8,37.3,79.6,8.9,23,8,57,1,93,0,,
3682,29/01/2024,4,177.3,Unhealthy,114.6,201.8,31.9,11.9,2.87,60.5,21,32.1,8,62,19,142,1,224,1,,
3923,26/09/2024,4,82.2,Moderate,51.1,85.7,24.3,6.6,1.82,38.7,25.2,60.7,14.3,29,10,77,,120,0,,
3166,31/08/2025,3,33.7,Good,27.7,51.4,13.3,2.8,0.72,44.3,28.1,61.5,4.3,31,10,72,1,111,0,,
839,18/04/2025,1,242.3,Very Unhealthy,153.1,248.7,50.8,14.3,5.12,56.9,26.9,50.6,15,207,64,472,4,753,1,,
1058,23/11/2025,1,294.1,Very Unhealthy,188.4,352.7,71.2,35.4,5.2,96.9,17.6,37.1,4.7,256,78,578,5,927,1,,
4269,07/09/2025,4,68.9, Moderate,37.2,60.8,15.4,3.5,1.49,24.5,29.3,64.4,12.5,33,9,72,1,113,0,,
1287,10/07/2023,2,54.7,Moderate,31.3,50.1,10,2.6,0.77,21.1,37.5,78.4,10.5,52,15,119,1,184,0,,
3724,11/03/2024,4,121,Unhealthy for Sensitive Groups,82,131.6,32.5,12.5,3.07,48.5,25.1,33.9,10.9,58,17,129,1,203,0,,
865,14/05/2025,1,158.1,Unhealthy,91.8,148.2,40.2,9.5,2.47,43.1,35.6,72.8,7.5,159,48,358,,579,1,,
3127,23/07/2025,3,23.8,Good,22.3,41.8,10.7,0.7,0.96,28.4,34.1,89.4,17.3,28,8,61,0,92,0,,
1707,02/09/2024,2,83.6,Moderate,47,78.4,17.7,5.1,1.55,46.3,32,55.2,5.6,71,22,163,1,262,0,,
2633,16/03/2024,3,96.8,Moderate,62.6,118,24,7.8,1.62,61.1,19.3,47.2,13.2,55,17,127,1,207,0,,
3634,12/12/2023,4,142.5,Unhealthy for Sensitive Groups,94.7,145.5,28.5,8.2,2.65,39,19.4,30.6,3.7,51,15,119,,182,0,,
1904,18/03/2025,2,155.5,Unhealthy,98.6,180.2,35.3,11.1,3.38,46.3,27.7,55.2,9,113,35,259,2,410,1,,
299,26/10/2023,1,160.9,Unhealthy,109.3,204.7,45.4,7.9,4.44,60.5,20.7,50.1,3.2,223,69,502,4,810,1,,
3898,01/09/2024,4,74.1,Moderate,44,69,15.3,8.6,1.31,62.5,26.5,73.3,10.4,29,8,70,,106,0,,
3987,29/11/2024,4,142.9,Unhealthy for Sensitive Groups,85.5,143.7,42.1,15,2.04,59.1,20.3,37.5,13.6,52,16,116,1,189,0,,
1294,17/07/2023,2,34.9,Good,29.2,44.2,12.4,4,0.78,59.9,35.7,75,11.3,51,15,122,1,193,0,,
267,24/09/2023,1,168.5,Unhealthy,97.6,168.6,44.9,17.2,3.03,72.8,25,56.1,5.8,157,49,360,3,580,1,,
2513,17/11/2023,3,121,Unhealthy for Sensitive Groups,80.7,132.8,26.7,9.5,2.25,57.8,19.3,44.6,8.9,45,14,105,1,171,0,,
1785,19/11/2024,2,167.1,Unhealthy,104.5,179.2,42.6,15.9,1.95,55,19.3,31.9,17.3,120,37,271,2,445,1,,
1030,26/10/2025,1,257.5,Very Unhealthy,163.3,262.2,53.2,17.4,4.56,49.6,23.5,44.4,8.3,198,59,439,,708,1,,
3535,04/09/2023,4,64.5,Moderate,43,72.7,21.8,6.3,1.53,35,30.8,69.6,10.2,27,7,59,0,94,0,,
2119,19/10/2025,2,123,Unhealthy for Sensitive Groups,78.2,145.6,35.3,8,1.92,52.1,23.7,46.1,11.8,98,29,224,2,354,0,,
1915,29/03/2025,2,176.6,Unhealthy,104.6,169.3,37.4,15.1,3.02,59.6,30.8,48.8,11.1,109,33,244,2,395,1,,
2243,20/02/2023,3,122.7,Unhealthy for Sensitive Groups,72.4,128.2,36.2,7.2,2.24,30.6,17.8,30.5,7.4,53,15,122,1,195,0,,
2910,18/12/2024,3,109.7,Unhealthy for Sensitive Groups,74.5,140.9,21.1,9.7,2.32,63.6,18,29.3,17.1,54,16,124,1,194,0,,
1610,28/05/2024,2,83.5,Moderate,40.6,75.6,10.9,6.1,0.96,23.2,36.6,81,10.9,75,22,175,2,278,0,,
3243,16/11/2025,3,106,Unhealthy for Sensitive Groups,63.8,99.5,25.8,9.9,2.35,56.3,21.2,45.7,7,40,12,91,1,145,0,,
396,31/01/2024,1,304.6,Hazardous,190.7,322.5,82.9,19.1,6.5,60.2,14.9,17.2,10.4,299,91,665,6,1064,1,,
95,05/04/2023,1,163,Unhealthy,107.9,182.1,38,7.5,2.88,40.3,27.6,46,,223,70,504,4,809,1,,
4306,14/10/2025,4,98.8,Moderate,64.1,97.9,26.6,3.9,1.44,34.1,24.4,50.9,0.5,39,11,88,1,141,0,,
1786,20/11/2024,2,162.5,Unhealthy,97.7,176.3,35.4,13.9,3.52,56.1,22.8,26.7,9.9,108,32,240,2,387,1,,
4119,10/04/2025,4,123.7,Unhealthy for Sensitive Groups,75.7,124.6,28.1,10.6,1.84,30.2,31.1,58.4,12.2,41,12,96,1,149,0,,
1937,20/04/2025,2,130.7,Unhealthy for Sensitive Groups,80.9,131.3,34.5,12.2,2.26,58.9,31.9,69.5,11.1,109,32,237,2,386,0,,
3188,22/09/2025,3,43.1,Good,38.4,70.6,14.3,7.1,1.45,20.3,24.3,62,3.5,33,11,79,1,121,0,,
2227,04/02/2023,3,127.8,Unhealthy for Sensitive Groups,,114.1,14.4,8.7,1.99,48.9,18.6,36,9.6,62,19,144,1,233,0,,
2523,27/11/2023,3,110.2,Unhealthy for Sensitive Groups,69.1,124.1,23.8,9.4,1.58,63.3,18.4,21.8,9.3,54,15,122,1,193,0,,
4162,23/05/2025,4,82.7,Moderate,54,100.9,16.5,9.7,1.86,39.9,32.6,66.7,14.6,34,10,72,1,126,0,,
4277,15/09/2025,4,57.2,Moderate,43.6,76.1,19,4.2,0.64,34.2,25.6,69.9,,31,10,69,1,108,0,,
3272,15/12/2025,3,113.5,Unhealthy for Sensitive Groups,72.4,126.5,14.7,10.5,1.94,39,15.9,34.2,7.3,59,18,128,1,208,0,,
2516,20/11/2023,3,88.7,Moderate,59.3,89.7,25.4,7.9,1.96,65.3,17.2,34.4,2.2,61,19,133,1,217,0,,
882,31/05/2025,1,147.3,Unhealthy for Sensitive Groups,89.4,149.9,38.5,11.2,2.47,49.4,32.4,76.2,4.8,154,47,342,3,558,0,,
1432,02/12/2023,2,187.9,Unhealthy,113.3,198.4,31.7,17.8,3.74,67.2,19.9,40,,107,32,237,2,384,1,,
2355,12/06/2023,3,37.8,Good,30.7,51.6,12,2.2,0.9,50.6,31,80.1,14.2,29,8,70,0,104,0,,
4377,24/12/2025,4,171.5,Unhealthy,102,163,41.5,15.8,2.74,52.2,23.5,,11.9,62,20,138,,222,1,,
1322,14/08/2023,2,62.8,Moderate,38,70.2,12.5,2.6,0.95,35.4,35.1,74,5.5,58,17,137,,222,0,,
2596,08/02/2024,3,111.4,Unhealthy for Sensitive Groups,70.5,107.8,21.4,10.3,2.51,41.9,17.8,33.7,11.1,51,16,112,,180,0,,
948,05/08/2025,1,75.8,Moderate,45.3,68.5,15.5,7.3,1.13,12.4,29.1,81.2,13.6,125,38,287,2,455,0,,
3522,22/08/2023,4,73,Moderate,35.8,67.4,10.2,3.6,0.7,44.6,31.7,68,6.6,27,8,61,1,90,0,,
1588,06/05/2024,2,86.2,Moderate,55.6,102.8,20,7.3,1.31,19.1,29.9,,2.3,91,29,206,2,339,0,,
1178,23/03/2023,2,161.2,Unhealthy,106.4,177.7,36.3,14.9,4.06,50.8,26.9,47.6,16.3,116,36,260,2,415,1,,
631,22/09/2024,1,183.7, Unhealthy,116.7,184.9,47.6,11,3.19,35.9,26.7,57.2,9.6,195,59,439,4,,1,,
3052,09/05/2025,3,52.7,Moderate,32.3,49.5,16.6,5.2,0.82,53.4,31.9,63.2,9.7,37,11,89,1,138,0,,
2776,06/08/2024,3,31.2,Good,22.2,42.1,8.3,3.5,0.84,38.1,25.5,81.5,11.7,27,8,60,0,103,0,,
4052,02/02/2025,4,162.8,Unhealthy,93.6,172.4,27.8,11,2.94,45.5,18.5,30.5,0.5,50,14,107,1,,1,,
1615,02/06/2024,2,69.5,Moderate,50.7,95.1,25,7.5,1.38,57,36.1,73.7,5.4,65,20,148,,230,0,,
2617,29/02/2024,3,109.9,Unhealthy for Sensitive Groups,64.5,112.3,19,8,2.81,38.2,18,43.9,13.8,58,17,129,1,203,0,,
4109,31/03/2025,4,124,Unhealthy for Sensitive Groups,73.7,132.5,33.6,8.8,2.39,38.5,23,40.9,6,52,16,122,1,191,0,,
1743,08/10/2024,2,119.6,Unhealthy for Sensitive Groups,75.4,139.6,32.9,11.6,2.87,49,24.5,61.6,,79,24,179,2,285,0,,
4063,13/02/2025,4,165.3,Unhealthy,99.9,174.8,32.5,12.5,2.88,50.8,18.5,35.1,8.6,56,17,121,1,204,1,,
3146,11/08/2025,3,39.1,good,20.5,32.5,4.6,1.4,0.75,15.2,32.3,69.9,7.7,25,8,64,1,100,0,,
1878,20/02/2025,2,181,unhealthy,113.2,198.8,47.5,11.4,3.81,54.5,23.6,44.5,5.5,132,40,296,3,472,1,,
3310,22/01/2023,4,175.5,Unhealthy,103.7,179.4,37.4,17.4,4.36,55.1,22.1,31.8,6.5,53,17,121,1,195,1,,
3257,30/11/2025,3,94.6,Moderate,61.1,102.6,26.2,9.6,1.83,52.3,18.5,39.3,0.5,47,15,108,1,177,0,,
3787,13/05/2024,4,85.1,Moderate,50.5,79.8,14,5.9,1.89,41.7,31.6,72.9,14,33,11,73,1,125,0,,
1924,07/04/2025,2,124.9,Unhealthy for Sensitive Groups,78.9,131.3,28.7,3,1.95,53.2,29.4,60,4.5,115,36,263,,416,0,,
288,15/10/2023,1,175.1,Unhealthy,120.5,227.6,51.7,19.7,4.01,51.8,27.2,47.5,13.8,182,56,409,4,659,1,,
3596,04/11/2023,4,120,Unhealthy for Sensitive Groups,73.1,128.8,24.9,12.3,2.19,48.6,23.6,41.2,5.7,47,14,105,1,172,0,,
3743,30/03/2024,4,127.3,Unhealthy for Sensitive Groups,73,131.3,18.8,14.5,2.62,53.8,28.8,47,8.3,48,14,109,1,169,0,,
2870,08/11/2024,3,96.4,Moderate,57.9,90.1,19.9,4.5,1.46,30.1,17.5,42.2,11.9,48,15,114,1,182,0,,
2512,16/11/2023,3,100.2,Unhealthy for Sensitive Groups,61.4,103.5,23.1,11.9,1.49,51.8,17.1,40.6,8.3,50,16,113,1,182,0,,
1110,14/01/2023,2,197.5,UNHEALTHY ,118.1,179.8,44.8,15.9,4.5,55.2,20.3,26.2,7,146,45,326,3,531,1,,
1225,09/05/2023,2,99.6,Moderate,65.2,112.1,16.7,7,1.56,55.7,34.6,63.5,10.5,82,25,177,2,284,0,,
2209,17/01/2023,3,130.8,Unhealthy for Sensitive Groups,,158.7,23.7,12.4,2.73,53.4,14.8,35.7,6,57,18,131,1,214,0,,
526,09/06/2024,1,111.9,Unhealthy for Sensitive Groups,66.6,122.5,19,5.8,1.35,41.1,33.5,79.6,6.9,150,46,341,3,540,0,,
3673,20/01/2024,4,138.7,Unhealthy for Sensitive Groups,85,133.4,30.5,12.2,1.9,63,21.7,33.8,9.2,59,18,134,1,206,0,,
2361,18/06/2023,3,48.4,Good,32.3,51.7,9.3,1.6,0.88,54.8,32.4,77.6,14,30,8,71,0,108,0,,
507,21/05/2024,1,162.9,Unhealthy,106.2,169.7,34.6,19.1,2.97,38.7,33.2,76.2,17.3,141,43,323,3,511,1,,
4334,11/11/2025,4,127.8,Unhealthy for Sensitive Groups,77.9,129.4,25.5,11.6,2.15,43.3,20.8,44,5.7,46,13,102,1,166,0,,
2063,24/08/2025,2,72.7,Moderate,,73.6,14.7,1.9,0.86,38.8,32.7,85.9,10.9,63,19,140,1,235,0,,
1224,08/05/2023,2,103.2,Unhealthy for Sensitive Groups,57.4,98.9,23,4.8,1.97,49.3,29.7,58.1,5.6,74,21,163,1,261,0,,
3607,15/11/2023,4,154.8,Unhealthy,93.7,144.3,39.5,11.5,3.31,46.9,20,47.8,7.5,47,13,107,1,167,1,,
1696,22/08/2024,2,60,Moderate,39.4,67.8,21.3,5.5,1.29,43,33.1,71.2,7.9,56,17,123,1,207,0,,
3737,24/03/2024,4,123,Unhealthy for Sensitive Groups,75.4,132.5,31.5,10.5,3.47,53.2,28.6,41.1,10.1,41,13,100,1,158,0,,
1627,14/06/2024,2,77,Moderate,44.4,70.4,21.5,5.9,1.17,35.4,34.4,81.1,7,61,18,145,1,219,0,,
1265,18/06/2023,2,71.1,Moderate,41.7,75.6,14.8,2.9,0.65,55.1,38.6,86.5,2.4,59,17,132,1,216,0,,
3709,25/02/2024,4,156.4,Unhealthy,97.3,175.6,31.6,12.4,3.54,55.1,25.3,35.4,10.9,54,17,120,1,196,1,,
878,27/05/2025,1,130.5,Unhealthy for Sensitive Groups,83.4,148.1,34.4,8,2.06,40.4,32.1,79,11.6,136,40,312,3,493,0,,
3731,18/03/2024,4,172.8,Unhealthy,103.9,162.4,34.9,16.6,2.45,36.4,26.1,44.7,6.6,53,17,122,1,194,1,,
2135,04/11/2025,2,126.6,unhealthy for sensitive groups,78.6,146.3,27.9,12.9,1.56,23.5,26.4,40.5,7.5,101,31,233,2,373,0,,
14,14/01/2023,1,327.4,Hazardous,199.6,325.1,52.6,25.4,6.22,65.6,16.8,35.6,5.8,317,99,719,6,1148,1,,
482,26/04/2024,1,203.7,Very Unhealthy,128.2,211.6,49.4,22.4,4.82,45.1,26.8,63.6,11.1,203,61,455,4,721,1,,
3875,09/08/2024,4,60.9,Moderate,35.5,64.9,15.2,3.7,1.33,46,35.1,71.7,4.5,23,7,54,0,88,0,,
3629,07/12/2023,4,149.2,Unhealthy for Sensitive Groups,94.7,176.1,38,17.2,2.28,54.9,20.4,26,8.5,55,17,128,1,199,0,,
2411,07/08/2023,3,30.3,Good,22,38.8,11.3,1.2,0.63,17.6,27.9,74.3,10.7,29,8,62,1,106,0,,
2527,01/12/2023,3,105.2,Unhealthy for Sensitive Groups,63.1,103.5,17.1,7.3,1.99,41.1,16.2,35.2,3.6,53,16,112,1,186,0,,
3285,28/12/2025,3,136.4,Unhealthy for Sensitive Groups,76.8,138.9,31.5,8.7,2.27,56.5,16.9,35.7,11.4,47,15,109,1,173,0,,
858,07/05/2025,1,175.8,Unhealthy,111,173.3,33.7,8.9,2.89,50.6,27.2,67.8,6.5,198,61,447,4,709,1,,
47,16/02/2023,1,286.7,Very Unhealthy,185.8,295,80.4,18.8,5.06,74.3,22.2,19.3,12.7,292,90,655,6,1044,1,,
3409,01/05/2023,4,115.6,Unhealthy for Sensitive Groups,61.8,105.2,15.7,10.5,1.98,43.8,36.3,59.7,18,40,11,87,1,141,0,,
900,18/06/2025,1,90.5,Moderate,57.8,98.7,16.2,9.7,1.21,41.4,32.4,89.6,17.3,125,39,287,2,461,0,,
1023,19/10/2025,1,223.8,Very Unhealthy,144.5,251.6,63.6,15.3,5.07,73.5,24.6,48.1,8.8,243,74,548,5,867,1,,
233,21/08/2023,1,96,Moderate,67.9,114.3,28.9,14,1.9,28,29.9,,9.3,121,36,279,2,448,0,,
4267,05/09/2025,4,60.8,Moderate,42.8,76,16.4,10.7,1.27,28.9,31,76.2,7.4,29,8,73,1,107,0,,
4122,13/04/2025,4,125.3,Unhealthy for Sensitive Groups,79.1,125.2,26.2,7.7,1.81,43.5,28.5,52.5,14.2,45,14,97,1,160,0,,
4185,15/06/2025,4,62.2,Moderate,34.9,66.1,16.7,6.1,1,31.9,32.7,73.4,14.8,26,8,57,1,102,0,,
4313,21/10/2025,4,94.1,moderate,57.4,102.3,20,7.1,1.4,58.8,23,54.4,2.3,46,14,106,,163,0,,
2804,03/09/2024,3,61.9,Moderate,35.2,54.7,10.6,5.9,0.75,32.3,25,63.3,8.8,30,9,71,0,106,0,,
2316,04/05/2023,3,70.1,Moderate,43.1,80.2,16,8.6,1.17,41.3,30,57.1,3.9,37,11,86,1,136,0,,
2461,26/09/2023,3,66.2,Moderate,39.6,74.3,15.5,3.9,0.96,77.6,22.8,64.7,9.9,37,10,84,1,131,0,,
1166,11/03/2023,2,174.6,Unhealthy,105.2,194.1,30.2,15,2.65,49.7,25.1,38,16.2,112,34,252,2,397,1,,
205,24/07/2023,1,60.7,moderate,43.1,67.9,17.9,6.3,1.08,63.4,26.1,69.3,12.2,120,36,276,,434,0,,
4227,27/07/2025,4,52.8,Moderate,30.5,49.6,8.6,4.3,0.62,39.3,34.4,71.1,11.8,21,6,46,0,80,0,,
2905,13/12/2024,3,76.5,Moderate,53.8,91,17.3,10.8,2.17,71.8,17.5,34.4,9.1,48,14,112,1,174,0,,
3760,16/04/2024,4,130.8,Unhealthy for Sensitive Groups,74.6,138.6,13.4,6.8,1.87,39.5,26.5,51.1,0.5,46,13,104,1,166,0,,
1163,08/03/2023,2,158.5,Unhealthy,99.4,162.1,39.7,7.9,2.86,85.7,24.5,39.6,13.7,122,39,281,2,441,1,,
1601,19/05/2024,2,72.2,Moderate,48.9,88.7,22.7,9.6,1.78,50.3,30.6,70.5,10.1,74,22,168,1,271,0,,
3468,29/06/2023,4,44.1,Good,29.1,54.2,6.4,4.4,1.27,20.4,36.5,87.5,12,26,7,57,0,91,0,,
1870,12/02/2025,2,187.5,Unhealthy,122,186.4,45.6,20.4,4.83,76.1,24.3,32.5,18.6,129,39,292,3,464,1,,
3748,04/04/2024,4,116.1,Unhealthy for Sensitive Groups,73.2,123.7,19.1,9.4,2.46,33.7,30,52.4,12.9,48,14,109,1,172,0,,
2532,06/12/2023,3,104.7,Unhealthy for Sensitive Groups,63.8,96.6,21.7,6.1,2.38,47.6,13.5,33.9,5.9,57,16,135,1,207,0,,
622,13/09/2024,1,149.3,Unhealthy for Sensitive Groups,91,166.1,30.6,12,3.33,48.6,27.3,70.3,9.3,149,46,348,3,546,0,,
2689,11/05/2024,3,50,Moderate,29,51.9,6.1,2.3,0.77,25.9,27.7,62.5,10.1,32,9,76,1,120,0,,
2517,21/11/2023,3,114.5,Unhealthy for Sensitive Groups,74.3,126,18.3,6.5,2.04,54,18.6,43.9,14.4,46,14,102,1,164,0,,
2718,09/06/2024,3,42.5,Good,24.6,40.6,9.2,4.8,0.85,39.1,33.5,82.8,12.7,28,8,61,,101,0,,
365,31/12/2023,1,298.1,Very Unhealthy,185.1,341,68.1,27.9,7.14,61,16.4,32.1,8.8,316,98,705,6,1133,1,,
2554,28/12/2023,3,130.3,Unhealthy For Sensitive Groups ,80.1,125.4,34.2,7.5,2.16,57.7,15.1,23.7,7.7,56,16,124,1,201,0,,
3686,02/02/2024,4,137,Unhealthy for Sensitive Groups,99.7,183.1,31.3,10.1,3.32,63.1,21.2,25.9,3.5,53,16,126,1,199,0,,
1293,16/07/2023,2,61.4,Moderate,34.1,57.5,11.8,2.9,1.34,33.5,34.2,87.3,16,59,18,130,1,211,0,,
2327,15/05/2023,3,63.7,Moderate,37.7,69.3,12,8.2,1.11,32.7,29.4,71.4,8.3,29,9,74,1,117,0,,
2879,17/11/2024,3,125.1,Unhealthy for Sensitive Groups,69,112.9,22.9,10.1,2.33,24.4,19.3,34.7,20.7,53,15,118,1,187,0,,
2480,15/10/2023,3,68.4,Moderate,44.7,77.2,20.7,6.6,1.59,48.6,25.1,53.4,9.4,44,13,97,1,153,0,,
1037,02/11/2025,1,271,Very Unhealthy,172.1,280.8,53.3,20.1,6.13,69.4,16.9,41.8,4.1,267,82,594,5,958,1,,
1654,11/07/2024,2,74.8,Moderate,34.8,59.9,12.7,2.7,1.12,41.4,36.6,75.2,18.4,47,14,108,1,171,0,,
2714,05/06/2024,3,61,Moderate,30.9,55.7,7.1,5.3,0.84,22.8,32.7,64.1,3.8,32,8,68,1,110,0,,
2265,14/03/2023,3,97.6,Moderate,57.8,105.9,26.6,3.6,1.59,49,23.9,49.5,8.3,55,17,119,1,193,0,,
2488,23/10/2023,3,85.4,Moderate,53.8,94.2,23,9,1.92,40,19,33.1,7.9,42,13,96,1,149,0,,
221,09/08/2023,1,105.4,Unhealthy for Sensitive Groups,57.8,93.2,15.5,8.9,1.02,35,30.3,70.7,11.8,124,38,287,3,457,0,,
3168,02/09/2025,3,57.8,Moderate,31.8,53.1,6,2.9,1.54,54.5,29.9,60.5,11.5,31,10,71,,112,0,,
3061,18/05/2025,3,57,Moderate,34.7,62.1,11.5,4.1,1.13,50.7,32.9,69.1,22.1,35,10,78,1,137,0,,
4208,08/07/2025,4,36.8,Good,34.8,54.9,10.9,3.6,0.72,31.2,35.7,85.3,2,25,7,48,0,86,0,,
2339,27/05/2023,3,47.4,Good,33.9,60.9,12.8,1.5,0.74,24.7,31.2,69.6,21.6,34,10,82,1,125,0,,
2008,30/06/2025,2,51.9,Moderate,34.4,56.1,11.7,3.7,1.36,28.8,37.3,89,13.9,59,18,134,1,215,0,,
2166,05/12/2025,2,150.8,Unhealthy,89.9,158,30.7,11,2.09,73.1,21.8,33.9,,124,37,279,2,445,1,,
40,09/02/2023,1,301.6,Hazardous,185.7,333.3,61.2,29,6.01,83.3,18.3,24.8,9.1,287,88,645,6,1028,1,,
1193,07/04/2023,2,156.7,Unhealthy,96.4,155.6,29.3,15.7,2.57,41,29.4,58.8,,105,32,238,2,381,1,,
4009,21/12/2024,4,151.5,Unhealthy,89.9,169.5,38.3,14.3,3.73,62.8,16.2,34.3,6,54,16,121,,199,1,,
2698,20/05/2024,3,59.5,Moderate,,49.9,11.8,6.5,1.16,56.8,27.5,80.1,11.3,30,11,76,1,117,0,,
564,17/07/2024,1,83.3,Moderate,52.5,89.7,14.7,7.4,1.55,21.9,32.5,88.2,3.2,114,34,256,2,404,0,,
2788,18/08/2024,3,23.9,Good,24,40.2,15.1,6.6,0.62,64.4,29.6,74.8,9.9,27,8,61,0,91,0,,
3835,30/06/2024,4,43.8,Good,27.8,50.8,10.3,3.1,0.95,45.6,35.5,76,6.2,26,9,64,1,99,0,,
3683,30/01/2024,4,131.7,Unhealthy for Sensitive Groups,95.8,176,41.7,8.4,3.34,72.5,21,46.7,11.3,75,22,164,1,264,0,,
523,06/06/2024,1,121.2,Unhealthy for Sensitive Groups,81.4,152.9,26.3,11.5,2.72,35.5,30.7,75.6,4.1,159,48,357,3,566,0,,
3475,06/07/2023,4,47.9,Good,30.9,54.1,6.8,4.9,0.92,67.2,35.6,,7.7,25,8,57,0,90,0,,
2655,07/04/2024,3,90.9,moderate,50.5,85.6,20.4,4.1,1.67,34.1,22.9,54.6,16.2,43,13,97,1,155,0,,
2264,13/03/2023,3,109.5,Unhealthy for Sensitive Groups,72.1,134.9,33.9,5.4,2.38,62.9,26.1,47.2,13.3,58,17,127,1,203,0,,
2281,30/03/2023,3,84.8,Moderate,57.7,104.7,17.7,5.9,2.05,49,26.5,50.2,8.9,49,15,116,1,177,0,,
3020,07/04/2025,3,80.3,Moderate,46.4,76.7,12.2,2.2,1.24,40.4,26.7,,9.2,47,13,97,1,167,0,,
2934,11/01/2025,3,120.4,Unhealthy for Sensitive Groups,72.3,110.3,26.1,9.3,2.44,48,17.6,23.4,13.1,60,17,128,1,210,0,,
2285,03/04/2023,3,93.5,Moderate,60.5,99,13.5,6.2,1.53,57.3,26.4,57.2,14.9,42,13,93,1,146,0,,
2666,18/04/2024,3,249.2,Very Unhealthy,159.9,288.1,70.2,25.8,4.5,40.8,29,64.2,13,100,31,227,2,357,1,,
577,30/07/2024,1,92.4,Moderate,66.9,123.8,17.7,8.8,1.99,29.7,30.4,60.8,7.2,107,33,247,2,397,0,,
1651,08/07/2024,2,61.5,Moderate,31,55.4,12.3,3.4,0.9,56.6,38.4,86.1,7.7,55,17,128,1,198,0,,
2677,29/04/2024,3,60.7,Moderate,,66.9,15,5.2,1.64,50.5,27.6,66.6,7.1,39,11,86,1,144,0,,
1961,14/05/2025,2,107.4,Unhealthy for Sensitive Groups,67,102,24.1,13.4,1.82,43.3,34.1,73.8,6.2,85,26,197,2,309,0,,
4171,01/06/2025,4,68.7,Moderate,41.2,64.7,20.1,6.8,1.29,77.2,37.4,65.2,9.2,28,9,66,0,110,0,,
3703,19/02/2024,4,163.2,Unhealthy,97.3,163.5,37.3,12.3,2.18,53,20.5,27.5,7,54,16,117,1,195,1,,
1636,23/06/2024,2,68,Moderate,37.4,64,18.1,5.1,1.13,56.1,36.2,76.5,8.5,49,15,116,1,187,0,,
1275,28/06/2023,2,39.4,Good,27.5,47.7,9.3,2.3,0.95,26.1,36.8,91.9,22.7,55,17,129,1,210,0,,
1817,21/12/2024,2,171.2,Unhealthy,106.1,159.9,47.5,16.7,2.27,44.9,23,25.9,5.4,122,37,275,2,435,1,,
756,25/01/2025,1,365.7,Hazardous,222.9,351.2,83.6,22.6,7.86,75.7,17.3,41.3,11.6,297,90,665,6,1063,1,,
1328,20/08/2023,2,69.9,Moderate,39.7,69.1,15.6,7.7,1.74,46.3,32.4,74.4,8.2,50,15,116,1,185,0,,
640,01/10/2024,1,185.8,Unhealthy,116.8,211.3,39.3,17.4,2.88,60.9,25.1,59.9,15.3,185,56,417,4,670,1,,
3509,09/08/2023,4,68.9,Moderate,37.5,65.1,16.7,6.2,1.2,28.1,27.4,74.7,11.6,25,7,54,0,86,0,,
44,13/02/2023,1,280.2,Very Unhealthy,176.5,317.7,65.1,22.3,5.8,70.8,21.7,34.6,10.7,306,93,684,6,1095,1,,
8,08/01/2023,1,279.2,Very Unhealthy,173.1,306.2,72.5,22.6,5.33,51.7,18,30.3,8.1,243,73,550,5,872,1,,
3736,23/03/2024,4,136.5,Unhealthy for Sensitive Groups,84,155.8,32.5,14.3,3.22,49.4,25.7,54.5,6.4,48,15,107,1,174,0,,
4068,18/02/2025,4,120.9,Unhealthy for Sensitive Groups,78.6,119.8,18.3,6.7,1.99,51,20.6,28.5,3.5,60,18,134,1,215,0,,
472,16/04/2024,1,190,Unhealthy,118.6,216.5,51.7,20.3,3.11,57,24.7,54.6,7.9,241,72,540,5,855,1,,
422,26/02/2024,1,262.7,Very Unhealthy,159.8,263.4,61.8,20.2,4.77,82.1,18.5,48.9,15.2,289,89,653,6,1037,1,,
3401,23/04/2023,4,110,Unhealthy for Sensitive Groups,65.9,116.7,29.1,6.1,2.2,46.3,27.2,56,2.5,40,11,90,1,152,0,,
655,16/10/2024,1,228.4,Very Unhealthy,136.8,223.3,51.2,15.5,3.95,50.6,24.6,,12.5,213,66,478,4,766,1,,
3958,31/10/2024,4,128,Unhealthy for Sensitive Groups,79.1,138.7,36.2,10.2,2.81,75.1,22.5,47.9,14.2,44,12,107,1,,0,,
3882,16/08/2024,4,49.5,Good ,33.6,62.8,6.1,2.8,0.86,24.3,31.5,77,14.1,28,9,65,1,108,0,,
3879,13/08/2024,4,61.1,Moderate,40.7,70.2,15.7,4.2,1.5,33.9,33,77.4,4.1,22,7,53,,80,0,,
465,09/04/2024,1,193.2,Unhealthy,117,184.5,51.7,16.5,2.51,61.7,23.3,53.9,,214,66,478,4,770,1,,
2406,02/08/2023,3,36.4,Good,21.9,38.4,8.8,4.8,0.73,39.2,32.4,79.2,13.3,28,8,64,1,101,0,,
1692,18/08/2024,2,61.7,Moderate,36.9,64,12.3,7.8,0.84,44.2,32,75.2,10.5,56,17,133,1,214,0,,
1034,30/10/2025,1,250.5,Very Unhealthy,160.3,257.8,66.6,13.3,4.38,43.9,20.7,51.2,,277,85,624,5,990,1,,
3573,12/10/2023,4,93.2,Moderate,62.9,107.1,23.6,8.5,1.7,42.6,24,59.4,13.5,42,13,97,1,153,0,,
4383,30/12/2025,4,161.6,Unhealthy,95.8,153.8,22.6,13.4,3.83,40.1,15,29.7,19,54,17,127,1,202,1,,
66,07/03/2023,1,270.6,Very Unhealthy,170.3,300.1,52.5,27.2,5.42,54,21.3,44.1,5.8,268,83,607,5,970,1,,
2619,02/03/2024,3,91.3,Moderate,59.4,109.7,22.9,4.3,2.43,44.5,23.9,38.6,9,59,17,132,1,215,0,,
1433,03/12/2023,2,217,Very Unhealthy,130.9,200.8,40.7,20.4,5.16,66.1,20.5,26.1,6.5,106,32,239,2,377,1,,
2726,17/06/2024,3,24.6,Good,20.7,32,6.9,1.7,0.66,54.4,34.6,90.1,13.1,24,6,60,0,91,0,,
2781,11/08/2024,3,46.5,Good,22.3,42,9.2,4.3,0.48,65.7,30.8,76.9,7.9,27,8,63,1,98,0,,
3244,17/11/2025,3,99.6,Moderate,65.1,118.3,23.6,6.6,2.33,62.9,18.8,41.7,9.7,43,12,95,1,155,0,,
2093,23/09/2025,2,97.3,Moderate,65.5,101.3,19.4,5.9,1.42,63.3,27.8,63.2,9.7,79,24,184,2,295,0,,
996,22/09/2025,1,178.7,Unhealthy,108.5,177,39.1,16.9,4.65,66.6,27.9,,9.6,206,64,463,4,735,1,,
4040,21/01/2025,4,169.1,Unhealthy,101.2,176.9,47.5,10.1,3.54,58.1,19.5,34.7,5.3,53,17,116,1,189,1,,
3236,09/11/2025,3,94.1,Moderate,51.7,85.1,17.1,6.8,1.68,44.2,20.7,44.3,11.6,44,14,98,1,159,0,,
1781,15/11/2024,2,117.6,Unhealthy for Sensitive Groups,78,124,28.9,10,2.74,43.8,24.3,47.7,7.9,121,37,267,2,433,0,,
2110,10/10/2025,2,121.6,Unhealthy for Sensitive Groups,69.6,121.8,15.3,8.5,1.34,38.7,30.3,58.8,14.7,92,28,207,2,330,0,,
2290,08/04/2023,3,93.4,Moderate,59.2,95.1,21.9,12.9,0.86,34,28.6,58.6,14.6,47,14,100,1,164,0,,
2659,11/04/2024,3,333.4,Hazardous,203.1,324.4,65.2,30.4,7.39,38.5,28.1,54.1,12.2,47,15,108,,172,1,,
130,10/05/2023,1,133.1,Unhealthy for Sensitive Groups,83.7,139,31.2,13.8,3.45,55.6,30.4,62.7,10,190,59,431,4,695,0,,
3124,20/07/2025,3,29.2,Good,23.7,39.9,8.6,4.8,0.43,28.7,34.3,84,8.4,28,7,58,0,88,0,,
850,29/04/2025,1,191.8,Unhealthy,127.2,210,49,21.9,2.88,55.9,26.6,64.6,10.2,261,81,590,5,944,1,,
2566,09/01/2024,3,126.8,Unhealthy for Sensitive Groups,74.9,129.6,30.7,11.7,2.63,74.8,20.4,23.3,9.6,57,18,132,1,213,0,,
2379,06/07/2023,3,51.6,MODERATE,24.7,39.7,12.2,5.8,0.41,55.3,28.5,84.5,7.6,25,7,55,0,97,0,,
3791,17/05/2024,4,60.4,Moderate,48.6,74.3,15.1,4.4,1.08,51.1,34.3,68.8,0.7,36,11,84,1,133,0,,
4241,10/08/2025,4,69,Moderate,35.8,58.3,13.6,5,0.66,43.5,34.7,74.1,17.1,27,8,64,1,100,0,,
1923,06/04/2025,2,133.2,Unhealthy for Sensitive Groups,76,120.7,23.4,6.9,2.2,67.9,30.3,52.8,6.3,90,27,207,2,328,0,,
3408,30/04/2023,4,89.5,Moderate,54.4,86.6,26.3,8.8,1.71,26.3,31.2,67.3,11.6,32,9,73,1,123,0,,
3000,18/03/2025,3,94.3,Moderate,61.8,105.8,27.8,2.8,1.59,55.2,23.2,47.7,8.6,49,15,112,1,182,0,,
4263,01/09/2025,4,66.6,Moderate,37.2,68,10.5,5.5,1.1,52,27.6,66.2,9,29,10,68,1,113,0,,
2103,03/10/2025,2,71.7,Moderate,55,97.8,24.2,3.8,2.1,24.5,27.5,54.1,5.6,82,25,183,2,302,0,,
3651,29/12/2023,4,113.6,Unhealthy for Sensitive Groups,71.6,111.6,20.8,12.9,2.18,44.9,17.5,35.6,9.5,61,19,130,1,216,0,,
4121,12/04/2025,4,115.5,Unhealthy for Sensitive Groups,63.6,107.3,17.1,10.1,2.25,58.9,29.2,53.8,,42,15,103,1,164,0,,
3335,16/02/2023,4,156.6,Unhealthy,99.5,174.8,34,15.3,2.64,73.4,16.6,38.8,16.1,50,15,112,1,181,1,,
3234,07/11/2025,3,74.8,Moderate,49.7,77.2,19.1,4.7,1.31,38.9,19.2,48.3,6.1,42,13,99,1,150,0,,
1482,21/01/2024,2,200.4,Very Unhealthy,125.1,214.1,60.8,9.4,2.63,47.9,21.6,26.3,12.2,132,41,297,3,482,1,,
3355,08/03/2023,4,139.4,Unhealthy for Sensitive Groups,80.1,149.3,20.5,2.5,2.36,55.2,24.7,32.8,10.8,51,15,113,1,181,0,,
383,18/01/2024,1,257.8,Very Unhealthy,159.7,296.7,70.1,29,3.46,82.9,19.8,22,,297,92,670,6,1071,1,,
2662,14/04/2024,3,320.9,Hazardous,210,368.3,69.2,20.2,4.14,61.9,21.8,53.1,11.5,132,41,300,3,477,1,,
3720,07/03/2024,4,144.4,Unhealthy for Sensitive Groups,92.2,167.8,35.7,9.5,2.35,49.9,22.8,39.9,10.2,51,15,115,1,184,0,,
3387,09/04/2023,4,122.2,Unhealthy for Sensitive Groups,80,146.6,37.7,8.8,2.21,47.7,28.5,56.7,8.8,45,13,99,1,160,0,,
4276,14/09/2025,4,75.4,Moderate,51.3,82.5,19.2,8.1,1.39,67.1,30.8,72.1,10.6,31,10,74,1,114,0,,
4367,14/12/2025,4,163,Unhealthy,99.1,178.7,44,11.4,2.18,37.8,18.8,37.2,8.5,49,14,113,1,185,1,,
559,12/07/2024,1,86.4,Moderate,49.8,90.4,11.4,8.5,1.58,53.1,34.2,79.3,11.8,109,33,256,2,413,0,,
836,15/04/2025,1,191.7,Unhealthy,121.1,222.8,51.9,20.3,4.09,50.8,25.6,53.1,6.7,208,65,470,,756,1,,
30,30/01/2023,1,299.5,Very Unhealthy,185.4,326.5,78.7,24.8,5.64,61.4,17.8,30.9,14.2,307,95,693,6,1102,1,,
464,08/04/2024,1,172.8,Unhealthy,105.3,186.7,35.8,7.8,3.03,35.9,26,49.4,9.7,237,73,537,5,858,1,,
2778,08/08/2024,3,46.4,Good,24.8,41.3,6,3.5,0.43,35.5,30,83.5,6.5,26,7,62,1,101,0,,
917,05/07/2025,1,107.2,Unhealthy for Sensitive Groups,70.1,109.2,25.1,11.3,2.83,43.7,35.9,80.2,2.9,116,35,263,2,425,0,,
1826,30/12/2024,2,195.7,Unhealthy,118.1,193.1,29.2,20.6,4.38,55.5,21.1,25.3,14.1,116,37,263,2,425,1,,
1300,23/07/2023,2,48.6,Good,37.4,58.4,17,2.5,1.25,40.7,37.4,80.4,15.4,56,17,122,1,194,0,,
2858,27/10/2024,3,89.3,Moderate,51.9,88.6,16.4,10.8,1.2,39.3,16.6,42.3,8.6,38,12,89,1,140,0,,
2588,31/01/2024,3,140,Unhealthy for Sensitive Groups,82.9,134,20.8,10.7,2.34,31,17.9,33.8,,50,15,112,1,183,0,,
3508,08/08/2023,4,62.3,Moderate,35.3,55.9,16.8,2,0.99,35.8,33.8,78.7,7.4,23,6,53,0,83,0,,
519,02/06/2024,1,128.5,Unhealthy For Sensitive Groups ,81.6,131.2,27.3,6.9,2.41,67.2,31.4,73.7,15.5,148,45,338,3,530,0,,
2320,08/05/2023,3,70.1,Moderate,44.2,75.5,15.6,3.5,1.42,23.2,31.6,63.1,15.5,33,10,73,1,125,0,,
1873,15/02/2025,2,170.7,Unhealthy,104.7,176.5,44.5,9,3.69,65.9,23.4,34.8,18.5,132,41,298,3,478,1,,
2451,16/09/2023,3,49.4,Good,36.1,67.4,15.3,8.1,1.38,41.1,26.1,64.3,5,34,10,78,1,,0,,
596,18/08/2024,1,107.8,Unhealthy for Sensitive Groups,65.3,120.6,29.7,5.8,2.39,42.5,27.6,80.9,9.4,145,44,330,3,527,0,,
470,14/04/2024,1,191.5,Unhealthy,,177.1,31.5,19.3,4.26,57.2,25.5,58.6,9.7,213,66,489,4,780,1,,
3343,24/02/2023,4,187.2,Unhealthy,112.3,198.1,34.7,11.1,3.03,45,24,46.3,9.7,50,16,115,1,176,1,,
3250,23/11/2025,3,96.7,MODERATE,55.9,87.3,15.3,7.5,0.62,28.6,20.5,37.1,11,51,15,119,1,183,0,,
3665,12/01/2024,4,176.2,Unhealthy,100.5,159,38.8,10.5,3.67,53.1,22.7,19.6,6.9,52,16,116,1,,1,,
1555,03/04/2024,2,107.6,Unhealthy for Sensitive Groups,79.8,143.9,32,10.5,2.87,31.7,27.7,58.6,19.1,107,32,238,2,386,0,,
98,08/04/2023,1,187.7,Unhealthy,113.9,173.6,46.5,13.4,3.28,65.1,25,48.5,7.2,191,58,429,4,677,1,,
2213,21/01/2023,3,134.4,Unhealthy for Sensitive Groups,85.8,138.5,25.9,8.5,2.23,57.1,17.4,35.5,11.5,55,18,125,1,207,0,,
2246,23/02/2023,3,122.9,Unhealthy for Sensitive Groups,71.6,117,22.4,11.3,2.33,42.7,19.1,39.5,14.8,56,16,125,1,203,0,,
2999,17/03/2025,3,82.9,Moderate,57.1,88.3,21.3,4.2,1.58,56.1,20.5,38.5,9.3,47,15,110,1,182,0,,
2077,07/09/2025,2,70.5,moderate,51.4,78,17,9.1,1.95,54.7,32.6,70,8.2,62,19,146,1,233,0,,
448,23/03/2024,1,225.4,Very Unhealthy,145.6,269.3,54.8,23.4,5.8,53.8,23.6,41,7.7,250,76,559,5,896,1,,
3312,24/01/2023,4,140.9,Unhealthy for Sensitive Groups,86.4,133.1,24.7,6.7,3.19,72.9,17.9,38.2,3.9,55,17,125,1,205,0,,
1734,29/09/2024,2,117.2,Unhealthy for Sensitive Groups,73.1,131.3,18.2,12.7,2.72,39.6,27.1,60.6,9.9,82,25,189,2,299,0,,
3595,03/11/2023,4,137.3,Unhealthy for Sensitive Groups,83.4,137.8,23.6,16.2,1.8,71.7,22.7,42.4,7.9,43,13,102,1,164,0,,
4050,31/01/2025,4,141.7,Unhealthy for Sensitive Groups,93.5,177,29.7,18.3,2.6,49.8,22,21.5,15,60,19,135,1,220,0,,
4080,02/03/2025,4,124.3,Unhealthy for Sensitive Groups,,135.9,40.3,14,1.88,46.8,21.6,42.1,9.9,58,17,130,1,208,0,,
2640,23/03/2024,3,71.5,Moderate,47.3,85.1,23.3,2.1,1.16,35.2,21.7,53.9,,47,14,105,1,,0,,
3372,25/03/2023,4,136.6,Unhealthy for Sensitive Groups,,137.5,28.9,15.6,3.16,60.8,26.8,46.6,8.8,45,15,108,1,172,0,,
3742,29/03/2024,4,123.3,Unhealthy for Sensitive Groups,80.9,144.1,25.2,14.7,2.46,37.1,28.4,60.6,13.7,43,13,96,1,157,0,,
2814,13/09/2024,3,45.8,Good,31.7,59.4,6.3,4,1.01,30.2,27.7,62.6,7,31,10,77,1,121,0,,
2131,31/10/2025,2,144.3,Unhealthy for Sensitive Groups,92.2,168.9,35.9,8.6,3.56,32.6,22.4,41.6,8.1,98,30,222,2,357,0,,
4024,05/01/2025,4,165,Unhealthy,102.8,188.5,27,11.1,2.26,50.7,17.8,,,52,16,124,1,198,1,,
3467,28/06/2023,4,69.3,Moderate,37.8,68,11.3,9.9,0.82,32.8,32,,10.2,25,8,49,0,88,0,,
2542,16/12/2023,3,126.8,Unhealthy for Sensitive Groups,80.5,132.1,27.5,8.3,2.02,49.5,17.1,31.3,14.5,48,15,110,1,179,0,,
287,14/10/2023,1,188.5,Unhealthy,121.8,226.6,37.2,12,2.85,67.7,22,55.2,1.4,207,63,467,4,749,1,,
3114,10/07/2025,3,25.1,Good,,29.9,4.4,0.8,0.74,42.4,29.7,79.3,6.3,25,8,56,1,97,0,,
780,18/02/2025,1,261.8,Very Unhealthy,165.3,259.7,43.1,15.2,6.64,61.4,17.5,35.1,1.6,282,87,635,6,1019,1,,
4104,26/03/2025,4,125.6,Unhealthy for Sensitive Groups,77.9,146.7,31.7,7.4,1.56,38.5,23.6,42.3,17.7,50,15,112,1,184,0,,
4147,08/05/2025,4,89.9,Moderate,57.6,107.1,20.1,10.4,1.41,32.8,33.4,,3.4,36,11,80,1,123,0,,
2053,14/08/2025,2,69.4,Moderate,38.5,70.4,18.6,5.4,1.61,43.4,32.9,68.5,10.7,53,15,114,1,188,0,,
429,04/03/2024,1,213.5,Very Unhealthy,145.5,276.4,53.8,17.6,2.75,47.3,24,35.1,9.9,274,85,616,5,989,1,,
2562,05/01/2024,3,145.9,Unhealthy for Sensitive Groups,90.8,157.1,24.9,16.7,2.44,49.9,14.8,37.5,7.8,53,16,120,1,193,0,,
1468,07/01/2024,2,207.9,Very Unhealthy,129.2,217.3,47.8,15,3,51.7,21.1,34.1,6.3,128,39,290,2,462,1,,
3293,05/01/2023,4,174.4,Unhealthy,111.9,189.2,42.9,19.4,2.59,56.4,16,33.9,6.4,64,19,139,1,227,1,,
3896,30/08/2024,4,88.7,Moderate,40,68.1,19.1,7,0.99,56.9,31.8,72,12.6,29,8,68,1,107,0,,
4220,20/07/2025,4,47.2,Good,31.7,59.5,13.3,5.1,0.95,44.1,35.2,68.2,9.2,25,8,58,0,89,0,,
351,17/12/2023,1,289.5,Very Unhealthy,187.7,326,49.8,24.9,5.57,74.4,19.6,30.8,7,310,95,700,6,1112,1,,
4076,26/02/2025,4,169.4,Unhealthy,98.6,148.1,27.4,7.2,2.2,60.4,24.2,44.6,1.3,64,20,142,1,230,1,,
661,22/10/2024,1,176.2,Unhealthy,113.5,180,27.7,10.3,4.61,61.1,20.6,57.3,9,229,69,519,5,826,1,,
2296,14/04/2023,3,88.8,Moderate,51.8,90.8,13.7,3.4,2.13,40.3,27.4,56.5,8,42,12,98,1,152,0,,
3614,22/11/2023,4,154.2,UNHEALTHY ,90.9,148.3,34.9,7.1,2.77,51.7,20.1,34.2,15.1,58,17,131,1,206,1,,
2537,11/12/2023,3,137.7,Unhealthy for Sensitive Groups,77,116,23.4,15.3,1.96,39.9,15.3,26.6,8.2,58,18,131,1,210,0,,
2207,15/01/2023,3,123.4,Unhealthy for Sensitive Groups,83.1,131.1,33.6,10.6,3.34,34.4,19.7,30.3,3.9,63,19,145,1,231,0,,
384,19/01/2024,1,265.2,Very Unhealthy,166.3,267.6,71,21.7,5.23,72.7,18.2,23.3,,315,98,703,,1127,1,,
4065,15/02/2025,4,163.5,Unhealthy,106.3,196.4,40.2,16.9,3.27,60.3,22.6,32.6,12.5,55,16,118,1,198,1,,
2217,25/01/2023,3,110,Unhealthy for Sensitive Groups,73.7,130.9,27.6,6.7,2.85,47.2,21,38.4,14.1,59,18,132,1,211,0,,
2189,28/12/2025,2,206.7,Very Unhealthy,128.1,213.2,29,17.7,5.03,47.3,20.7,28.6,11,137,42,309,3,496,1,,
466,10/04/2024,1,195.6,Unhealthy,124.6,195.6,55.3,14,3.76,70.1,24.7,60.6,12.1,197,60,443,4,714,1,,
1133,06/02/2023,2,216.5,Very Unhealthy,131.7,241.2,48.4,18.8,3.9,55.4,19.2,33.2,8.3,149,46,339,3,535,1,,
300,27/10/2023,1,212.1,Very Unhealthy,138.2,241.1,64.3,18.5,4.33,34,23.4,45.9,10.6,227,71,515,4,824,1,,
1616,03/06/2024,2,38.2,Good,32.5,52.1,9.4,5.4,0.37,34.9,36.3,77,7.5,59,18,138,1,225,0,,
4034,15/01/2025,4,152.6,Unhealthy,100.1,181.2,37.8,11.3,3.72,52.9,17.8,31.1,11.8,56,18,124,1,196,1,,
2318,06/05/2023,3,84.2,Moderate,43,78.1,9.2,6.6,1.35,38.8,29.6,66.8,6.8,41,12,93,1,147,0,,
3763,19/04/2024,4,101.3,Unhealthy for Sensitive Groups,62.5,111.6,22.1,10.2,1.89,51.1,25.6,55.7,15,46,13,100,1,163,0,,
2544,18/12/2023,3,108.1,Unhealthy for Sensitive Groups,71,112.9,29,6.6,1.9,43.3,16.4,22.7,11.2,52,15,111,1,178,0,,
1938,21/04/2025,2,119,Unhealthy for Sensitive Groups,66.3,110.6,25.4,4.7,2.56,66.2,31.6,57.4,11.1,99,29,225,2,350,0,,
4235,04/08/2025,4,35.2,GOOD,29.7,50,8.5,2.5,1.55,26,34.9,74.8,6.1,22,7,58,0,88,0,,
3823,18/06/2024,4,46.9,GOOD,36.9,57.6,8.6,3.3,1.73,47.2,36,68.9,9.6,24,7,53,0,83,0,,
3460,21/06/2023,4,64,Moderate,37.4,64.6,16.7,5.5,0.93,37.1,36.8,89.2,7.8,26,8,64,0,96,0,,
1049,14/11/2025,1,253.2,very unhealthy,154.7,280.7,55,17.6,4.63,76.3,19.3,38.1,12.4,256,79,574,5,924,1,,
3713,29/02/2024,4,174,Unhealthy,94.6,171.2,32.6,14.6,2.49,56.7,22.5,36.5,10.2,49,15,108,1,172,1,,
3251,24/11/2025,3,87.6,Moderate,58.9,90,29.1,9.6,1.84,53.8,18.5,32.9,16.3,49,15,110,1,179,0,,
1529,08/03/2024,2,189,Unhealthy,123.5,228.1,36,21.6,3.18,47.9,22.6,,7.8,103,31,227,,371,1,,
3984,26/11/2024,4,129.2,Unhealthy for Sensitive Groups,88.3,149.2,23.3,14.3,2.96,58.3,22.5,49.5,8.1,48,15,112,1,175,0,,
847,26/04/2025,1,251.1,Very Unhealthy,157.6,282.6,63.2,23.2,4.5,65.5,32.4,62.3,10.4,211,65,475,4,765,1,,
252,09/09/2023,1,131.7,Unhealthy for Sensitive Groups,83.8,159,36.1,10.7,2.35,59.8,27,64.4,10.7,182,55,404,4,650,0,,
3941,14/10/2024,4,98.9,Moderate,62.2,94.7,22.4,7.3,2.44,42.8,24.5,54.5,12.5,44,13,102,1,160,0,,
3861,26/07/2024,4,56.3,Moderate,34.2,63.6,11.1,6,0.87,49.1,33.2,79.9,5.8,25,8,59,0,87,0,,
807,17/03/2025,1,269.3,Very Unhealthy,164.4,262.8,71.9,25.4,6.57,68.1,23.6,53.8,8.5,289,90,655,6,1045,1,,
1553,01/04/2024,2,132.2,Unhealthy for Sensitive Groups,78.7,131.3,18.3,11.7,2.39,46,30.7,50.2,6,114,34,251,2,404,0,,
3781,07/05/2024,4,73.9, Moderate,47.7,77.3,21.4,5,1.47,53.4,32.9,55.8,5.3,36,11,86,1,128,0,,
716,16/12/2024,1,272.2,Very Unhealthy,168,295.1,49.2,16.7,4.13,55.8,13.7,34.4,7.2,281,86,631,5,1010,1,,
2756,17/07/2024,3,20.7,Good,20.4,36.7,2.9,3.4,0.39,38.9,32.5,71.3,6.6,27,8,60,1,100,0,,
4238,07/08/2025,4,61.9,Moderate,37.1,56.3,20,5.3,1.24,48.2,35.3,73.1,13.8,23,7,56,0,81,0,,
3817,12/06/2024,4,65,Moderate,40.6,71.1,12.8,5.5,1.65,42,30.5,,7.5,28,9,64,,99,0,,
3280,23/12/2025,3,110.5,Unhealthy For Sensitive Groups ,66,100.3,31.2,9,1.58,48.1,15.5,37.6,14.8,52,16,119,1,187,0,,
3488,19/07/2023,4,53.5,Moderate,29.6,51,7.3,6.3,0.73,31.5,32.9,76.2,6.6,23,8,55,0,98,0,,
3353,06/03/2023,4,145,Unhealthy for Sensitive Groups,95.7,176.6,38.1,12.9,3.05,36,24.5,42.1,7.8,49,15,118,1,180,0,,
1045,10/11/2025,1,242.8,Very Unhealthy,153.7,256,53.4,21.5,4.18,70.6,19.8,44,,296,91,660,6,1060,1,,
2328,16/05/2023,3,58.8,Moderate,42.7,74.8,16.4,3.9,1.23,30.8,30.2,50.6,7.9,35,10,83,1,127,0,,
2021,13/07/2025,2,52.2,Moderate,34.8,65.3,12.5,7,0.71,29.1,37.8,84.3,6,47,14,107,1,175,0,,
1760,25/10/2024,2,141.8,Unhealthy for Sensitive Groups,86.7,135.5,29.3,9.4,1.6,68.1,19.8,56.8,9.8,109,33,251,,397,0,,
2145,14/11/2025,2,174.4,UNHEALTHY ,113.2,202.5,44,10,3.42,67.2,20.6,41.8,7.6,99,30,221,2,370,1,,
2357,14/06/2023,3,45.3,Good,27.1,50.9,10.6,4.3,0.72,24.1,29.8,71.2,9.9,28,8,63,0,99,0,,
2467,02/10/2023,3,70.4,Moderate,42,70.8,15.1,6.9,0.91,25,24.2,63.3,8.9,37,11,87,1,137,0,,
3723,10/03/2024,4,154.6,Unhealthy,97.3,160.9,37.3,8.2,2.81,53.5,22.7,47.2,10.6,54,15,117,1,193,1,,
2731,22/06/2024,3,15.4,Good,,31.5,9.6,0.9,0.41,2.2,31.9,81.4,3.6,25,8,61,0,98,0,,
331,27/11/2023,1,290.7,Very Unhealthy,,300.8,66.1,18.6,5.22,43.4,17.3,42,8.7,272,83,608,5,965,1,,
3852,17/07/2024,4,31.7,Good,28.2,50.3,5.6,4.7,1.29,22.7,37.1,80.9,13.5,27,9,62,1,100,0,,
1639,26/06/2024,2,72.5,Moderate,38.8,71.3,16,4.6,1.16,21.8,33.5,,12.5,53,16,122,1,197,0,,
1516,24/02/2024,2,144.1,Unhealthy for Sensitive Groups,93.3,162.2,33.1,10.3,2.32,41.7,20.3,37.1,16.5,114,35,254,2,403,0,,
862,11/05/2025,1,131.6,Unhealthy for Sensitive Groups,87.3,133.4,42.3,9.4,2.77,42.1,29.1,77.6,9.8,154,47,351,3,560,0,,
1199,13/04/2023,2,140.8,Unhealthy for Sensitive Groups,79,134,39.7,14,2.77,47.9,27.8,63.6,14.5,92,29,217,2,343,0,,
1112,16/01/2023,2,227.3,Very Unhealthy,150.9,237.1,59.1,20.9,3.88,50.3,20.6,25.3,7.7,144,45,325,3,523,1,,
328,24/11/2023,1,258,Very unhealthy ,162.3,268,61.2,10.4,5.31,69,17.6,38.1,9.4,312,95,701,6,1114,1,,
1089,24/12/2025,1,360,Hazardous,219.1,359.7,84.5,37.3,5.63,36.3,17.3,27.1,0.5,320,99,715,6,1140,1,,
3069,26/05/2025,3,46.3,Good,30.7,48,5,3.5,0.99,55.1,32.9,73.7,10.8,33,10,77,,119,0,,
4,04/01/2023,1,298.4,Very Unhealthy,194.7,316.9,77.7,34,4.18,84.1,13.3,,17.5,301,92,671,6,1075,1,,
3619,27/11/2023,4,124.3,Unhealthy for Sensitive Groups,71.5,124.8,33.9,10.3,3.06,50.9,21.3,38.1,8.2,46,15,103,1,164,0,,
1491,30/01/2024,2,194.6,Unhealthy,114.9,206.3,37,14.3,2.91,56.5,23.2,45.6,16.9,146,45,333,3,530,1,,
4079,01/03/2025,4,127.2,Unhealthy for Sensitive Groups,80.6,129.5,31.4,10.9,2.25,58.7,23.8,37.5,6.3,57,16,128,1,200,0,,
550,03/07/2024,1,108.1,Unhealthy for Sensitive Groups,62.2,113.6,17,5.4,1.8,30.9,34.1,78.5,3.6,118,35,274,2,434,0,,
557,10/07/2024,1,88.7,MODERATE,52.8,91.4,16.4,5,1.59,44.6,34.2,84.8,14.8,132,40,299,,477,0,,
2203,11/01/2023,3,109.7,Unhealthy for Sensitive Groups,68.3,104.1,23.4,8.9,2.45,44.3,13.8,33.6,8.9,59,18,134,1,208,0,,
1486,25/01/2024,2,166.9,Unhealthy,109.7,198.7,38.6,15.9,2.99,70.5,23.1,37.4,12.4,120,38,277,2,437,1,,
2971,17/02/2025,3,104.5,Unhealthy for Sensitive Groups,63.4,102.5,19.6,7.4,1.89,35.9,24.6,29.8,10.9,50,14,116,1,182,0,,
265,22/09/2023,1,158.2,Unhealthy,98.4,168.7,21.4,9.5,2.58,70.5,29.2,68.4,7.4,160,49,363,3,587,1,,
1472,11/01/2024,2,206.6,Very Unhealthy,126,221.6,49.9,17.1,2.81,61.9,20.1,29.8,6.4,117,35,259,,417,1,,
1235,19/05/2023,2,64.6,Moderate,49.2,85.8,19.3,7.1,2.08,45,32,71.1,9.7,76,24,172,1,276,0,,
1155,28/02/2023,2,166,Unhealthy,99,164.7,41.6,10.6,4.01,54.9,26.4,42.7,10,127,38,280,2,443,1,,
1402,02/11/2023,2,162.2,Unhealthy,91.1,151,33.2,8.7,3.25,68.3,23,43,,105,31,234,2,386,1,,
2987,05/03/2025,3,83,Moderate,63.2,95.8,26.8,9.1,1.6,61.1,21.8,35.3,4.1,42,13,90,1,150,0,,
919,07/07/2025,1,122.7,Unhealthy for Sensitive Groups,69.1,131,28.4,12.5,2.55,39.3,31.2,74.8,15.1,133,39,298,3,479,0,,
4161,22/05/2025,4,71.7,Moderate,48.1,89.1,21.1,7.1,1.16,52.5,29.4,74,13,27,8,64,1,104,0,,
1065,30/11/2025,1,275.7,Very Unhealthy,175.8,268.5,64.4,22.2,5.18,66.7,14.4,33.2,12.2,342,107,773,7,1232,1,,
2349,06/06/2023,3,33.1,good,31.9,55.9,14.9,3.8,1.41,57.6,33.6,,14.5,32,10,74,1,117,0,,
3502,02/08/2023,4,53,Moderate,33.2,62.4,10.6,3.5,0.91,34.1,33.3,80.7,11.2,28,7,69,1,101,0,,
1513,21/02/2024,2,167.5,Unhealthy,101,185,37.6,12.3,3.47,47.3,25.8,31.7,10.8,140,43,314,3,505,1,,
1822,26/12/2024,2,230.1,Very Unhealthy,138.8,232,41.4,20.7,4.83,59,19.9,31.4,6.9,112,34,248,2,402,1,,
468,12/04/2024,1,244,Very Unhealthy,153.1,245.9,41,19.1,5.48,51.7,26.5,59.8,11.3,202,62,457,4,731,1,,
345,11/12/2023,1,332.6,Hazardous,205.8,344.7,86.4,17.2,6.24,70.8,14.3,35.3,11.5,295,91,671,6,1068,1,,
4347,24/11/2025,4,178.6,Unhealthy,106.4,171.8,35,14.3,3.39,47.4,21.7,40.2,13.7,54,16,126,1,200,1,,
3287,30/12/2025,3,114.1,Unhealthy for Sensitive Groups,69.1,108.9,15.3,11.3,1.51,45.4,18.7,22.7,8.3,57,18,130,1,204,0,,
3393,15/04/2023,4,99,Moderate,68.4,118,26.4,10.4,2.43,40.9,30.5,65.6,11.8,45,14,95,1,148,0,,
3113,09/07/2025,3,37.5,Good,22.9,43.4,3,1.3,0.49,45.3,30.8,77.9,10.4,21,7,60,,100,0,,
1418,18/11/2023,2,171.4,Unhealthy,103.4,185.7,47,9.2,2.82,46.2,26.4,41.3,5.8,117,35,261,2,415,1,,
3420,12/05/2023,4,83.1,Moderate,48.8,78.3,15.8,2.6,1.34,45.5,31.7,60.9,16.1,35,10,81,1,132,0,,
2973,19/02/2025,3,107.5,Unhealthy for Sensitive Groups,,110.5,16.2,7.5,1.41,50.8,17.8,36.2,11.9,57,16,130,1,202,0,,
1449,19/12/2023,2,173.9,Unhealthy,115.3,188.9,43.7,17.8,4.39,39,18.8,31.3,9.7,133,41,303,3,485,1,,
3048,05/05/2025,3,63.1,Moderate,41.5,76.2,15.8,8.1,1.63,47.7,29,64.8,7.8,37,10,79,1,138,0,,
3134,30/07/2025,3,35.4,Good,22.4,38.3,3.9,7.1,0.63,31.8,30.3,76.2,13.4,28,7,58,0,96,0,,
1889,03/03/2025,2,176.1,Unhealthy,111.8,189.5,46.1,11,3.22,69.6,22.2,40.8,7.4,132,41,300,2,479,1,,
3908,11/09/2024,4,76,Moderate,48.1,81.3,17.5,6.8,1.1,42.4,32.1,69.7,13.3,31,9,71,,113,0,,
3831,26/06/2024,4,44.5,Good,30,45.6,3.1,0,1.01,46.5,35.7,74.5,3,23,7,58,0,84,0,,
2948,25/01/2025,3,115.9,Unhealthy for Sensitive Groups,69.4,130.5,30.3,12.6,2.66,53.3,18.1,35.6,15.2,53,16,124,1,197,0,,
2025,17/07/2025,2,52, Moderate,30.5,53.3,12.1,4.3,1,53.4,33.5,81.1,7.9,52,16,126,1,193,0,,
2751,12/07/2024,3,20.3,Good,18.8,31.7,2,2.3,0.14,18.4,33.5,79.7,8.3,24,6,56,0,86,0,,
22,22/01/2023,1,271.8,Very Unhealthy,167,260.7,52.3,28.3,4.38,50.8,18,24,3.9,317,97,715,6,1139,1,,
3899,02/09/2024,4,56.8,Moderate,36.4,60.2,12.3,7.4,1.25,59.4,30.2,72.5,12.8,28,8,68,1,97,0,,
1080,15/12/2025,1,355.9,Hazardous,229,385.2,61.5,26.8,6.56,90.2,15.6,41.2,0.5,360,112,809,7,1298,1,,
2840,09/10/2024,3,53.3,Moderate,48,72.4,17,6.1,1.18,38.8,21.8,55.3,3.9,41,12,82,1,140,0,,
2404,31/07/2023,3,37.3,Good,25.5,43.7,2.6,0,0.44,38.8,31.5,62.2,7.8,24,7,59,0,97,0,,
2763,24/07/2024,3,29.5,Good,23.3,36,8.8,1,0.76,41.5,33.9,87.1,9.5,26,7,59,1,93,0,,
2701,23/05/2024,3,49.5,Good,38.1,67.6,7.5,4.3,1.28,41.6,30.9,69.3,18.3,29,9,74,1,108,0,,
2278,27/03/2023,3,102.9,Unhealthy for Sensitive Groups,64.8,120.9,25.4,7.1,1.79,51.7,22.5,59.6,7.8,47,13,102,1,165,0,,
1048,13/11/2025,1,286.6,Very Unhealthy,179.2,338.2,74.4,29.2,3.82,59.5,17.8,33.6,15.9,258,78,582,5,926,1,,
4307,15/10/2025,4,115.9,Unhealthy for Sensitive Groups,73.8,123.1,31.6,7.7,1.38,54.3,23.2,54.5,8.7,45,14,103,1,164,0,,
2335,23/05/2023,3,52.3,MODERATE,32,59.1,6.2,4,1.21,50.4,31.8,75.3,6.6,35,10,83,1,126,0,,
2860,29/10/2024,3,91.5,Moderate,53.4,95.6,19.1,6.6,0.94,50.5,21.1,44.1,14.9,39,12,91,1,151,0,,
1978,31/05/2025,2,49,Good ,38.1,64.2,8.7,1.2,0.81,43.8,35.3,70.8,11.9,68,22,159,1,248,0,,
2528,02/12/2023,3,94.1,Moderate,63.7,110.9,23.6,6,2.28,32.9,16.9,40.1,7.9,49,15,114,1,187,0,,
811,21/03/2025,1,259.9,Very Unhealthy,159.1,265,47.8,19,5.46,47,23.7,46.6,12,244,75,552,,881,1,,
4342,19/11/2025,4,134.6,Unhealthy for Sensitive Groups,93.9,147.3,29.9,13.1,1.67,40.9,19.6,34.9,9.6,49,15,118,1,185,0,,
3440,01/06/2023,4,55.3,Moderate,41.6,67.4,17.1,1.3,1.55,25.9,35.5,77.4,10,30,8,71,1,110,0,,
4382,29/12/2025,4,164.1,Unhealthy,101.5,182,26,11.3,3.24,47.8,20.4,30.9,10.1,64,20,148,1,238,1,,
1369,30/09/2023,2,97,Moderate,,119.8,20.8,11.4,1.76,38.6,27,50.8,11,94,29,212,2,340,0,,
2747,08/07/2024,3,26.8,Good,21.7,33.7,7.3,2.6,1.05,19,33.5,76,12,24,7,59,0,89,0,,
1521,29/02/2024,2,199.3,Unhealthy,111.4,199.3,38.2,11.1,2.35,44.1,21.4,43.7,8,124,38,279,2,442,1,,
4144,05/05/2025,4,95.5,Moderate,55,96.4,19.2,9.9,1.9,31.8,31.1,73.1,15.1,38,11,87,1,141,0,,
937,25/07/2025,1,81.8,Moderate,53.7,86.2,27,5,1.95,67.9,29.2,68.6,10.4,133,41,304,3,487,0,,
1206,20/04/2023,2,120.4,Unhealthy for Sensitive Groups,79.8,139.3,23.8,11.8,2.45,58.5,29.7,57.9,15.3,84,25,195,2,,0,,
1203,17/04/2023,2,103.9,Unhealthy for Sensitive Groups,71.6,113.7,18.1,8,2.36,52.9,32.3,63.1,10.2,89,27,206,2,322,0,,
2462,27/09/2023,3,74.9,moderate,44,70.2,19.8,8.2,0.92,53.7,24.5,60.1,3.7,39,10,83,1,138,0,,
3832,27/06/2024,4,53.5,Moderate,35.7,67.7,13,3.8,1.24,20.3,34.1,,9.8,27,8,58,0,86,0,,
131,11/05/2023,1,128.7,Unhealthy for Sensitive Groups,87.7,142.9,38.4,8.3,2.97,57.1,29.1,68.2,9.8,153,47,346,3,554,0,,
522,05/06/2024,1,102.8,Unhealthy for Sensitive Groups,66.1,102.8,19.8,5.1,1.49,50.2,31.2,69.3,2.4,149,45,336,3,542,0,,
956,13/08/2025,1,107.2,Unhealthy for Sensitive Groups,77.5,127,23.7,11.7,2.58,52.1,33.2,69.8,8.1,134,40,302,3,480,0,,
914,02/07/2025,1,83.5,Moderate,58.2,88.3,12.6,8.8,2.08,50.5,32.1,77.9,11.1,117,35,264,2,424,0,,
860,09/05/2025,1,178,UNHEALTHY ,111.2,196.7,30.6,20.6,3.26,79.8,28.9,55.9,11.4,196,58,438,4,701,1,,
2034,26/07/2025,2,56.8,moderate,37.5,70.7,14.5,1.4,1.26,40.9,31.3,,9.1,51,15,113,1,186,0,,
1652,09/07/2024,2,61.6,Moderate,35.1,54.7,9.8,4,0.77,32,35.5,82.3,,55,17,124,1,205,0,,
1316,08/08/2023,2,80.3,Moderate,45.3,74.6,20.6,8.6,1.47,13.3,32.3,73.5,7.6,52,17,125,1,194,0,,
2400,27/07/2023,3,35.6,Good,24.6,42.2,10.5,5.6,0.76,42.2,32.8,100,3.1,26,8,55,1,96,0,,
2176,15/12/2025,2,180.3,Unhealthy,116.1,209.9,36.9,14.8,2.77,45.4,20.3,38.8,4.5,134,40,302,3,489,1,,
1810,14/12/2024,2,190.5,Unhealthy,114.9,199.4,45.5,11.8,4,59.2,23.6,32.2,10.6,140,43,318,3,507,1,,
2333,21/05/2023,3,54.1,Moderate,30.8,56.2,9.1,6,0.89,9.6,30.9,85.4,7.3,36,11,82,1,129,0,,
3385,07/04/2023,4,101.5,Unhealthy for Sensitive Groups,63.2,110.7,18.9,7.5,1.55,51.6,29.2,55.4,7.7,42,13,97,1,146,0,,
624,15/09/2024,1,139.9,Unhealthy for Sensitive Groups,87.1,150.8,29.3,9.1,3.1,54.9,28.3,63,11,156,49,354,3,,0,,
689,19/11/2024,1,261.2,Very Unhealthy,160.9,301.1,48.7,20.9,5.96,78.6,17.5,37.3,9.6,263,81,586,5,,1,,
3519,19/08/2023,4,66.1,Moderate,34.6,62.6,11.2,4.6,0.98,40.2,27.9,75,9.3,25,7,54,,91,0,,
1367,28/09/2023,2,115.1,Unhealthy for Sensitive Groups,71.5,114.8,19.5,7.3,2.52,38.3,26.9,60.5,16.8,81,24,182,2,288,0,,
3062,19/05/2025,3,60.3,Moderate,34.6,55.5,16.3,7.1,1.27,51.5,29.6,62.6,18,34,10,80,1,127,0,,
611,02/09/2024,1,109.4,Unhealthy for Sensitive Groups,71.7,108.4,23.3,7.1,2.63,48.2,26.2,68.1,11.2,150,46,340,,543,0,,
4332,09/11/2025,4,139.1,Unhealthy for Sensitive Groups,85,131.9,33.9,12.5,2.07,43,19,39.8,10,46,14,100,1,165,0,,
463,07/04/2024,1,190,Unhealthy,112.7,206.7,48.7,11.5,2.85,69.2,26.4,52.8,0.5,232,72,525,5,835,1,,
1574,22/04/2024,2,110.2,Unhealthy for Sensitive Groups,69.4,129.1,19.9,9.4,2.11,29,31,62.8,7.3,78,24,182,2,293,0,,
793,03/03/2025,1,316.9,Hazardous,189.3,301,61.7,25.5,4.65,51.5,25.6,40.1,10.4,295,91,667,6,1065,1,,
309,05/11/2023,1,244.8,Very Unhealthy,152.3,242.9,61.1,21.2,5.29,33,19.7,45.3,15.9,218,66,490,4,777,1,,
2122,22/10/2025,2,133.9,Unhealthy for Sensitive Groups,86.6,147.2,31.4,9.9,3.2,55.1,26.4,34,3.1,92,28,208,2,329,0,,
2412,08/08/2023,3,44.1,Good,24.8,40.2,7,3.5,0.33,18.3,29.6,76.3,8.8,26,8,63,0,101,0,,
580,02/08/2024,1,94.4,Moderate,62.2,102.8,27.2,4.5,1.68,25.6,35.7,73,9.3,128,39,291,2,474,0,,
106,16/04/2023,1,201.1,Very Unhealthy,115.4,192.6,34.5,9.4,3.24,52.2,29.8,54.1,9.6,204,62,455,,723,1,,
1706,01/09/2024,2,64.3,Moderate,,77.1,23.7,3.2,1.6,28.7,31.8,63.2,16.6,70,21,155,,255,0,,
3643,21/12/2023,4,192.9,Unhealthy,120,217.3,48.1,10.6,3.02,54.3,20.7,25.6,12,57,17,127,1,204,1,,
1012,08/10/2025,1,224.9,Very Unhealthy,142.6,259.9,49.4,10.1,4.24,61.4,26,50.2,6.2,220,68,499,4,799,1,,
1035,31/10/2025,1,234.9,Very Unhealthy,146,271.3,31,14.3,4.16,56.3,21.9,46.8,15.2,259,78,575,5,927,1,,
4242,11/08/2025,4,68.4,Moderate,35.6,54.9,13,4.2,0.96,29.5,32.8,,5.4,24,7,55,0,90,0,,
1337,29/08/2023,2,74.4,Moderate,48.7,78,20.2,3.9,1.57,51.9,34.5,,5.5,66,20,151,1,237,0,,
2038,30/07/2025,2,52.2,Moderate,35.5,66.3,11.9,4.5,0.92,41.2,36.9,75.9,10,52,15,121,1,190,0,,
3021,08/04/2025,3,78.8,Moderate,44.2,78.8,20.1,6.5,1.44,38.7,25.1,59.3,10.5,44,13,99,1,163,0,,
3857,22/07/2024,4,44.4,Good,26.9,41.9,11.6,4.8,0.53,32.5,29.8,76.1,11.7,25,8,58,0,93,0,,
2237,14/02/2023,3,119.3,Unhealthy for Sensitive Groups,73.2,127.2,27.7,8.9,1.5,25.1,17.4,44.9,10.1,51,16,119,1,197,0,,
4021,02/01/2025,4,143.9,Unhealthy for Sensitive Groups,95.8,177,47.1,12.1,3.22,42.2,17.4,28.9,11.6,54,15,114,1,192,0,,
2096,26/09/2025,2,81.5,Moderate,54.1,84.4,23.5,5.5,1.3,45.9,26.3,55.1,8.8,81,24,184,2,289,0,,
3339,20/02/2023,4,138.8,Unhealthy for Sensitive Groups,89.5,155,36.7,9,2.05,45.6,22.1,,8.4,47,15,109,1,170,0,,
3701,17/02/2024,4,165.3,Unhealthy,93.3,168.6,41.3,12,3.83,32.8,23.4,35.9,8.1,56,17,129,1,204,1,,
4321,29/10/2025,4,126.4,Unhealthy for Sensitive Groups,81.2,147.7,25.6,11.2,2.89,50.8,21.9,47.4,11,39,12,87,1,141,0,,
2560,03/01/2024,3,140.3,Unhealthy for Sensitive Groups,91.5,153.8,41,13.6,3.94,56.8,15.9,20.7,8.6,55,18,130,1,207,0,,
3659,06/01/2024,4,161.1,Unhealthy,109.5,171.1,34.3,18.4,3.52,60.8,16.6,16.3,13.6,60,18,125,1,204,1,,
977,03/09/2025,1,135,Unhealthy for Sensitive Groups,93.7,153.4,37.3,5.3,2.19,20.2,25.5,68.5,7.2,160,48,357,3,570,0,,
1708,03/09/2024,2,81.1,Moderate,42.6,68,20.6,6.1,1.68,65.4,30.7,80.3,13.2,65,19,149,1,240,0,,
2893,01/12/2024,3,113.9,Unhealthy for Sensitive Groups,75.8,134,25.4,9.1,2.66,43.6,16,31.4,14.5,52,16,116,1,177,0,,
1819,23/12/2024,2,147.1,Unhealthy for Sensitive Groups,99.9,157.9,37.6,15.5,2.27,76.6,19.6,29.4,8.5,134,41,296,,479,0,,
1174,19/03/2023,2,124.2,Unhealthy for Sensitive Groups,88.3,159.9,34.8,7.4,1.95,69.7,23.7,53.9,8.4,108,33,250,2,393,0,,
1341,02/09/2023,2,92.6,Moderate,52.1,90.2,23.8,5.2,1.72,52.3,33,76,10.6,55,17,129,1,204,0,,
2911,19/12/2024,3,89.2,Moderate,60.3,106.6,21.6,7.8,2.38,52.6,20.4,41,11.1,53,16,117,1,190,0,,
3403,25/04/2023,4,84,Moderate,53.9,100.1,20.2,6.6,1.97,40.4,30,57.2,16.6,32,9,72,1,109,0,,
3091,17/06/2025,3,30.5,Good,20.9,32.2,9.7,0,0.56,54.5,31,83.1,16.9,27,9,60,0,99,0,,
1510,18/02/2024,2,200.5,Very Unhealthy,129.4,200.6,46.3,15,3.81,28.4,25.6,49.7,8.9,143,45,331,3,521,1,,
1930,13/04/2025,2,124.5,Unhealthy for Sensitive Groups,81.3,149.4,33.5,15.4,1.92,55.7,25.3,53.5,0.5,101,31,230,2,365,0,,
3563,02/10/2023,4,95.6,Moderate,58.6,106.9,17.9,8.9,1.99,60.5,26.7,61.6,5.9,32,10,74,1,121,0,,
354,20/12/2023,1,325.9,Hazardous,197.5,300.3,85.3,23.9,6.26,83.5,21.4,29.3,,307,94,687,6,1107,1,,
732,01/01/2025,1,320.9,Hazardous,199.6,341.5,88.6,29,7.7,54.8,14.8,18.9,12.2,292,88,651,6,1039,1,,
1446,16/12/2023,2,185.3,Unhealthy,124.2,187.7,37.1,9.6,3.83,46.7,22.2,30.5,9.5,115,35,259,2,411,1,,
703,03/12/2024,1,274.2,Very Unhealthy,163,258.7,60,16.5,6.55,71.1,22.8,33.1,12.2,289,89,656,6,1041,1,,
4066,16/02/2025,4,141.6,Unhealthy for Sensitive Groups,88.2,134.3,25.1,7.2,2.37,28.2,21.3,25.6,10.9,57,17,122,1,202,0,,
161,10/06/2023,1,96.7,Moderate,59.5,102.5,28.8,5.5,1.47,53,33.7,77.5,8.6,143,43,316,3,505,0,,
2713,04/06/2024,3,52.2,Moderate,,47.7,14.9,5,1.24,58.6,31.8,70.9,9.9,31,9,67,1,108,0,,
1386,17/10/2023,2,149.2,Unhealthy for Sensitive Groups,83.1,146,30,6.8,2.27,46.2,24.2,53.1,6.6,93,27,205,,332,0,,
502,16/05/2024,1,171.8,Unhealthy,98.5,174.9,40,15.2,2.16,30.2,28.3,74.3,9.5,141,42,320,3,506,1,,
3603,11/11/2023,4,140.8,Unhealthy for Sensitive Groups,81.1,145.4,29.5,6.2,2.71,55,16,45.2,12.4,51,16,118,1,183,0,,
3378,31/03/2023,4,157.4,Unhealthy,83.3,153,36.7,13.4,2.9,52.6,26.1,52.5,9.7,47,14,109,1,169,1,,
2533,07/12/2023,3,94.7,Moderate,56,85,20.8,9.1,2.11,57,15,32.5,9.2,56,17,128,1,202,0,,
3330,11/02/2023,4,167.2,Unhealthy,109.3,167.8,42.2,17.2,2.99,48.1,18.9,41.5,8.3,49,16,116,1,185,1,,
2632,15/03/2024,3,126.2,Unhealthy for Sensitive Groups,76.5,144.9,32.6,10.4,2.11,38.2,20.8,47,9.9,50,15,114,1,178,0,,
1008,04/10/2025,1,195.5,Unhealthy,115,211.4,29.4,22.8,3.19,57.5,23.6,48.2,18.3,200,61,453,4,723,1,,
2172,11/12/2025,2,189.5,Unhealthy,111.3,179.9,45.1,10,3.42,58.4,20.3,28.5,2.9,122,38,279,2,445,1,,
1891,05/03/2025,2,155.9,Unhealthy,99.6,185,38.9,9.1,1.94,38.4,27.2,45,7.8,122,37,271,2,436,1,,
1288,11/07/2023,2,61.3,Moderate,37.3,61.8,15.4,6.5,1.28,38.5,36.9,85.5,2.5,41,13,107,1,171,0,,
369,04/01/2024,1,304.4,Hazardous,192.5,340.4,54.1,14.8,5.07,108.6,17.3,22,11.8,349,107,784,7,1250,1,,
4084,06/03/2025,4,153.2,Unhealthy,97.2,146.7,32.4,10,2.45,51,22.6,30,9.7,54,16,120,1,192,1,,
1319,11/08/2023,2,86.3,Moderate,,70.9,16.7,3.6,1.1,55.3,35,86.9,12.1,60,19,135,1,224,0,,
494,08/05/2024,1,160.3,Unhealthy,103.2,185.7,37.7,19.7,3.16,54,27.2,64.8,10.1,197,61,448,4,717,1,,
1964,17/05/2025,2,108.2,Unhealthy for Sensitive Groups,61.4,103.9,22.7,9.2,1.33,37.9,34.4,57.9,7.9,81,24,183,2,293,0,,
3356,09/03/2023,4,133.9,Unhealthy for Sensitive Groups,84.8,160.2,24.7,7.3,3.15,32.1,19.6,34.3,7.8,56,17,128,1,198,0,,
334,30/11/2023,1,239.5,Very Unhealthy,151.6,268.2,60.4,17.6,2.9,59.6,18.1,36.5,1.1,313,96,702,6,1123,1,,
1476,15/01/2024,2,207.2,Very Unhealthy,130.2,200,36.6,12.4,5.52,54.4,17.2,34.7,7.3,138,43,317,3,501,1,,
3675,22/01/2024,4,186,Unhealthy,114.6,202.4,30.4,15.7,2.42,52.5,19.5,15.4,14.2,60,18,132,1,207,1,,
1139,12/02/2023,2,207.5,Very Unhealthy,118.8,184.2,32.3,13.1,2.77,62.8,22.7,26,12.2,145,44,329,3,526,1,,
1222,06/05/2023,2,96.9,moderate,64.6,108,15,12.6,1.77,57.5,31.7,70.8,16.9,87,27,193,2,319,0,,
2990,08/03/2025,3,90.4,Moderate,61.9,94,22.6,8.1,1.48,65.1,23,54.6,2,50,15,110,1,180,0,,
381,16/01/2024,1,315.9,Hazardous,192.2,336.6,70.9,23.4,5.1,75.2,19.7,33,14.6,253,77,570,5,917,1,,
4017,29/12/2024,4,178.2,Unhealthy,109.9,184.4,42.7,14.3,4.38,63.8,15.8,35.4,2.1,55,16,120,1,196,1,,
3466,27/06/2023,4,46.3,Good,25.9,44.9,12,3.6,0.82,55.5,37.2,84,,25,7,60,0,92,0,,
68,09/03/2023,1,224.4,Very Unhealthy,148.9,267.1,41.7,14.9,2.56,80,23.2,29.4,10.2,281,86,630,6,1007,1,,
2583,26/01/2024,3,136.2,Unhealthy for Sensitive Groups,83.1,132.6,28.1,10.9,2.18,65.9,17,32.6,10.8,54,16,121,1,191,0,,
2915,23/12/2024,3,139.3,Unhealthy for Sensitive Groups,73.3,122.9,28.5,10.3,1.96,65.8,13.9,31.2,,52,16,113,1,181,0,,
1883,25/02/2025,2,177.7,Unhealthy,101.7,174.3,26.6,13.8,3.17,61.4,22.9,43.8,10.1,124,38,282,2,456,1,,
478,22/04/2024,1,180.2,Unhealthy,103.4,172.9,35.2,14.5,4.05,56,29.3,52.6,10.6,217,67,486,4,785,1,,
3910,13/09/2024,4,80.4,Moderate,50.6,90.2,16.2,5.1,1.4,37.2,29.2,63,11.9,32,10,78,1,122,0,,
4303,11/10/2025,4,111.4,Unhealthy for Sensitive Groups,61.3,108.2,20.2,8.8,1.38,36.7,28.1,48.5,,45,12,98,1,156,0,,
2383,10/07/2023,3,32.5,Good ,17.9,28.3,2.5,2.6,0.52,78.5,32.4,81.6,2.4,27,8,61,,87,0,,
1173,18/03/2023,2,141.4,Unhealthy for Sensitive Groups,92.5,173.6,39,14.5,1.86,60.9,25,43.7,13.6,95,28,211,2,341,0,,
2360,17/06/2023,3,40,Good,25.4,47.3,11.7,2.3,0.85,36.2,32.5,79.8,13.1,29,8,62,0,105,0,,
426,01/03/2024,1,255.2,Very Unhealthy,165.2,280.7,67.6,26.1,4.39,54.2,20.8,34.8,11.3,272,84,611,5,976,1,,
2256,05/03/2023,3,103.9,Unhealthy for Sensitive Groups,65.9,119.6,29.3,4.3,1.73,36.6,20.7,39.9,14.6,48,14,113,1,176,0,,
1334,26/08/2023,2,77.8,Moderate,50.7,90,21,7.6,1.77,54.7,32,71.5,6.2,62,19,136,1,228,0,,
200,19/07/2023,1,83.4,Moderate,52.9,89.8,19.3,10.5,1.26,38.9,33.2,79.8,7.8,115,35,260,2,416,0,,
2358,15/06/2023,3,42.6,Good,30,49.9,13.8,9.4,1.44,43.3,32.6,77,11.3,30,8,67,1,114,0,,
2572,15/01/2024,3,141.6,Unhealthy for Sensitive Groups,88.5,166.1,28.6,12.1,3.55,38.7,17.4,25.4,1.8,65,20,150,1,238,0,,
1939,22/04/2025,2,98.5,Moderate,61.1,102.9,15.5,11.3,1.61,40.2,31.1,60.4,0.7,92,28,211,2,333,0,,
144,24/05/2023,1,125.7,Unhealthy for Sensitive Groups,81.1,132,22.3,8.1,1.78,45.7,34.6,79.8,15,156,47,351,3,566,0,,
4324,01/11/2025,4,113,Unhealthy for Sensitive Groups,70.5,110.3,25.9,9.8,2.19,55.1,20.1,39.9,5.6,47,16,108,1,177,0,,
250,07/09/2023,1,121.8,Unhealthy for Sensitive Groups,69.9,105.9,23.2,9,1.92,45.3,26.1,65.6,5.3,131,40,298,3,473,0,,
3892,26/08/2024,4,66.9,Moderate,35.8,60.3,10.8,7.7,0.53,43.3,30.6,72,10.2,27,9,62,0,105,0,,
1455,25/12/2023,2,189,Unhealthy,,207.8,33.4,21.4,4.41,53.4,18.5,30.6,8.8,117,35,262,2,425,1,,
3115,11/07/2025,3,32.9,Good,21.5,40.5,12.6,3.8,0.82,52.2,31.6,84.8,16.6,26,8,61,0,94,0,,
418,22/02/2024,1,318,Hazardous,200.8,323.2,85.1,28.8,7.45,62,23.3,34.3,9.2,288,88,646,6,1032,1,,
912,30/06/2025,1,92.7,Moderate,65.2,122.1,24.4,7.7,1.41,37,34.3,89.4,11.6,125,37,287,,446,0,,
3477,08/07/2023,4,41.9,Good,26.8,49.2,12.7,2.9,0.74,63.9,36.5,74.7,12.3,27,8,57,0,100,0,,
2882,20/11/2024,3,98,Moderate,60.3,107.6,21.4,6.4,2.29,49.7,17.7,33.3,4.7,52,16,122,1,193,0,,
2729,20/06/2024,3,27.2,good,21.8,37.9,11.4,3.3,0.7,51.8,29.8,78.5,8.7,26,7,53,0,95,0,,
2310,28/04/2023,3,69.3,Moderate,44.2,72.7,17.3,5.6,1.39,33.8,28.7,61.2,12.7,39,13,92,1,155,0,,
2113,13/10/2025,2,156.3,Unhealthy,89.5,138,24.2,8.4,2.14,63.7,23,48.6,12.2,85,25,196,2,,1,,
4111,02/04/2025,4,151.8,Unhealthy,,147.2,41,11.5,3.48,62.1,27.1,41.2,8.7,47,14,110,1,175,1,,
2920,28/12/2024,3,102.9,Unhealthy for Sensitive Groups,68.4,107.4,29.9,8.2,2.45,28.3,15.2,34.6,9.9,52,15,120,1,189,0,,
1289,12/07/2023,2,51,Moderate,34.1,62.6,10.4,4.8,0.88,56.5,32.9,65.8,10.5,51,16,122,1,182,0,,
4123,14/04/2025,4,137.2,Unhealthy for Sensitive Groups,73.7,133.9,29.4,11.2,2.11,46.5,30.5,62,10.6,43,12,95,1,156,0,,
913,01/07/2025,1,101.7,Unhealthy For Sensitive Groups ,65.9,124.6,21.8,9.9,2.58,36.4,33.4,80.9,2.2,112,35,258,2,412,0,,
2715,06/06/2024,3,32.1,Good,26.2,48.8,12.4,3.7,1.14,38.1,36.8,70.4,16.1,31,9,71,1,113,0,,
3224,28/10/2025,3,64.4,moderate,38.3,67.9,14.5,4.8,1.39,26.6,17.9,59.5,7,41,12,89,1,148,0,,
766,04/02/2025,1,261.4,Very Unhealthy,162.1,261.1,60.4,27.4,5.93,82.6,18.4,23.6,6.2,347,107,774,7,1240,1,,
3266,09/12/2025,3,93.1,Moderate,66.4,121.3,27.5,6,1.86,31.8,14.5,27.7,9,58,18,135,1,211,0,,
147,27/05/2023,1,130.6,Unhealthy for Sensitive Groups,71.7,132.4,20,7.9,2.56,34.9,31.4,70.2,6.6,148,45,339,3,545,0,,
1134,07/02/2023,2,174.1,Unhealthy,114.7,198,37.8,15.9,3.17,33.9,22.4,34.9,8.2,134,40,302,3,483,1,,
395,30/01/2024,1,319.8,hazardous,201.6,331.3,64.6,24.1,6.76,79.9,19.9,33.1,12.3,311,95,704,6,1115,1,,
2845,14/10/2024,3,59.2,Moderate,36.8,55.7,4.1,2.1,1.69,10.2,18.7,49.5,7.2,37,11,78,1,134,0,,
46,15/02/2023,1,276.8,Very Unhealthy,175.2,288.6,71.8,28.7,4.85,77.4,19.4,33.7,2.7,267,83,606,5,968,1,,
2594,06/02/2024,3,114.5,Unhealthy for Sensitive Groups,76.3,139.6,23.2,5.7,2.7,51.5,20.6,34.3,14,64,20,140,1,226,0,,
322,18/11/2023,1,255.9,Very Unhealthy,154.6,290.6,49.2,17.7,5.22,63.5,16.6,37.2,14.7,283,86,630,6,1016,1,,
2160,29/11/2025,2,181.9,Unhealthy,102.9,157.3,28.2,16.9,2.96,49.6,20.6,39.9,9.7,113,35,257,2,410,1,,
1958,11/05/2025,2,124,Unhealthy for Sensitive Groups,71.1,111.4,21.8,8.9,1.32,44.4,32.9,61.4,8.1,80,25,180,1,281,0,,
2734,25/06/2024,3,34.5,Good,20.5,32.2,11.3,3.9,0.49,41.9,28.4,74.5,8.6,23,6,52,,86,0,,
2428,24/08/2023,3,28.4,Good,28.4,43.2,8.9,4.8,0.82,33.1,28.1,60,,25,7,65,0,97,0,,
3507,07/08/2023,4,39.5,Good,33.5,53.9,14.7,5.8,1.04,60.3,36.7,84.4,2,25,7,57,1,88,0,,
2185,24/12/2025,2,195.4,Unhealthy,121.6,198,29.3,22,3.36,63.2,21.2,27.3,8.9,116,36,261,2,419,1,,
3123,19/07/2025,3,33.9,Good ,22.4,37.1,7.1,3.4,0.65,32.8,31.7,75,8,22,6,49,0,84,0,,
2072,02/09/2025,2,77.9,Moderate,47.8,76.4,24.2,8.4,1.4,72.4,30.2,70.2,5.9,63,18,138,1,231,0,,
4016,28/12/2024,4,166.4,Unhealthy,101.9,175.1,24,16.9,2.13,23.6,19.6,27.4,10.9,56,16,122,1,200,1,,
2365,22/06/2023,3,26.6,Good,20.3,36.9,7.4,5.3,0.58,21,33.3,77.7,15.6,28,9,65,0,109,0,,
931,19/07/2025,1,91.7,Moderate,60,102.1,27,7.9,2.26,42.4,30.4,77.3,6,122,37,275,2,444,0,,
2269,18/03/2023,3,105.3,Unhealthy for Sensitive Groups,63.5,117.8,26.2,10.3,1.49,47.1,23,43.3,12.5,49,14,112,1,182,0,,
3126,22/07/2025,3,29.9,Good,23.7,37.3,11.5,3,0.69,37.4,29.8,77.8,11.3,25,8,59,1,96,0,,
1946,29/04/2025,2,140.6,Unhealthy for Sensitive Groups,77.6,141.9,30.4,8.6,1.62,50.3,31.9,66.8,12,97,30,216,2,350,0,,
3431,23/05/2023,4,62.5,Moderate,37.1,67.6,23.1,7.1,1.66,55.9,32.4,73.5,11.8,28,9,57,1,96,0,,
4292,30/09/2025,4,92.6,Moderate,54,93.6,13.9,5.3,1.75,33.3,27.3,,8.8,33,11,75,1,123,0,,
3695,11/02/2024,4,155.8,Unhealthy,100.5,171.2,30,9.6,2.42,67.7,21.3,39,6.1,54,16,114,1,190,1,,
607,29/08/2024,1,127.3,Unhealthy for Sensitive Groups,82.4,141.1,30.8,5.3,1.83,49.6,29.4,63.9,5.8,131,41,302,3,485,0,,
75,16/03/2023,1,243.1,Very Unhealthy,152,264.6,51.4,19.6,5.06,53.5,25.1,48,11.9,229,71,516,4,832,1,,
1765,30/10/2024,2,125.5,Unhealthy for Sensitive Groups,80.9,142,27.1,5.5,2.18,38.4,25.7,44.1,6.8,93,28,213,2,343,0,,
1323,15/08/2023,2,76.2,Moderate,48.2,74.3,9.4,2.9,1.22,25.8,32.1,78,15.8,52,15,120,1,190,0,,
1577,25/04/2024,2,72.6,Moderate,54.1,102,13.8,9.4,1.52,44.6,30.7,61.3,11.1,83,25,192,2,308,0,,
2957,03/02/2025,3,117.5,Unhealthy for Sensitive Groups,72.6,118.4,27.1,6.7,2.53,49.4,19.3,33.1,15.1,47,13,103,1,172,0,,
114,24/04/2023,1,141,Unhealthy for Sensitive Groups,93.3,149.9,24.5,16.5,3.16,66.6,26.4,,10.5,201,62,456,4,730,0,,
987,13/09/2025,1,131,Unhealthy for Sensitive Groups,81.3,125.5,26.9,8.1,3.1,53.1,27.3,69.3,11.5,175,54,397,3,632,0,,
4170,31/05/2025,4,59.3,Moderate,44.1,72,23.7,5.8,1.58,60.4,33.8,72.8,8.3,29,8,70,1,112,0,,
748,17/01/2025,1,341.1,Hazardous,211.3,364.4,89.3,34,5.18,58.4,16.6,28.6,8.1,332,102,742,6,1185,1,,
1864,06/02/2025,2,171.5,Unhealthy,106,177.8,28,12.4,2.86,70.4,21.6,30.2,0.5,139,42,308,3,500,1,,
223,11/08/2023,1,98.5,Moderate,61.1,113,26.1,8,1.41,27.2,27.8,68.7,12.8,109,33,250,2,407,0,,
2567,10/01/2024,3,123.3,Unhealthy for Sensitive Groups,80.9,133.7,32.7,9.1,3.32,53.2,17.2,30.9,5.9,58,18,134,1,208,0,,
1349,10/09/2023,2,72.1,Moderate,52.2,83.3,23.2,7.5,1.95,31,31.5,67.8,3.2,72,21,175,1,273,0,,
1503,11/02/2024,2,202.5,Very Unhealthy,130.4,241.2,45.9,21.2,2.89,41.2,23.8,39.2,11.3,141,43,317,3,503,1,,
3303,15/01/2023,4,151.9,Unhealthy,96.1,145.9,33.8,16.3,2.36,38.8,20.9,,13.2,53,16,115,1,183,1,,
1666,23/07/2024,2,60.4,Moderate,28.4,51.4,6.8,4.6,0.6,29.4,36,95.7,,51,15,113,1,186,0,,
3516,16/08/2023,4,33.9,Good,35,55.1,10.8,7.8,1.4,40.1,35,78.6,8.4,27,8,62,0,101,0,,
3481,12/07/2023,4,37.9,Good,25.9,40.9,8.8,1.4,0.7,36.8,32.7,90.8,8,24,7,62,1,98,0,,
36,05/02/2023,1,307.9,Hazardous,195.8,335.9,50.9,28.7,4.47,57.9,20.9,25.3,7.7,279,85,626,5,997,1,,
831,10/04/2025,1,238.3,Very Unhealthy,144.6,250,40.9,21.9,4.84,70.5,29.8,46.2,7.3,238,73,536,5,854,1,,
2784,14/08/2024,3,59.2,Moderate,25.2,38,12.1,2,0.61,53,31.1,78,8.7,23,7,60,1,94,0,,
3365,18/03/2023,4,106.8,Unhealthy for Sensitive Groups,73.8,111.7,30.9,4.8,1.53,49.2,24.2,,10.3,49,14,106,1,174,0,,
1762,27/10/2024,2,128.9,Unhealthy for Sensitive Groups,80.6,141.6,18.8,11.6,2.55,51.8,22.8,33.8,18.8,95,28,220,2,343,0,,
348,14/12/2023,1,297.2,Very Unhealthy,,320.9,69.8,21.7,4.97,72.1,15.4,27.5,13.9,335,103,744,6,1198,1,,
168,17/06/2023,1,91.9,Moderate,64.1,106.1,25.4,5.9,2.07,44.1,32.6,77.1,10.8,130,39,296,3,476,0,,
4127,18/04/2025,4,94.3,Moderate,62.9,100.8,24.3,6.5,1.24,40.5,27.7,53.8,16.1,48,13,101,1,156,0,,
117,27/04/2023,1,175.6,Unhealthy,108.3,201,40,17.8,3.01,70.5,28.7,54.7,6,168,52,381,3,609,1,,
531,14/06/2024,1,108.9,Unhealthy for Sensitive Groups,64.1,116.2,26,4.2,1.63,40.8,34.9,75.5,17.9,134,40,301,3,479,0,,
1395,26/10/2023,2,118.8,Unhealthy for Sensitive Groups,78.8,128.1,32.4,12,2.07,62.1,23.1,48.3,10.2,105,33,242,2,,0,,
2591,03/02/2024,3,139.9,Unhealthy for Sensitive Groups,86,163.2,32.3,7.5,2.71,73.5,16.1,27,13.4,60,18,140,1,223,0,,
4095,17/03/2025,4,152.8,Unhealthy,98.1,158.3,40.2,9.3,2.94,75.1,29.2,45.7,12.4,56,17,129,1,206,1,,
1029,25/10/2025,1,229.9,Very Unhealthy,146.5,246,38.4,15.7,4.71,55.3,19.8,55,1.4,235,71,526,5,840,1,,
1642,29/06/2024,2,76,Moderate,37.7,69.1,7.5,6.3,1.21,53.3,36.3,66.6,13.3,57,16,130,1,206,0,,
2522,26/11/2023,3,120.2,Unhealthy for Sensitive Groups,69.6,119.2,25.7,6.3,2.47,55.9,15.2,36.9,6.6,47,15,109,1,177,0,,
3139,04/08/2025,3,26.1,Good,,34.3,6.6,2.9,0.42,36.5,26.9,79.6,8.4,25,7,68,0,98,0,,
2985,03/03/2025,3,125.3,Unhealthy for Sensitive Groups,73.2,138,25.3,10.7,1.47,63.8,19.6,41.9,8.2,48,15,111,1,173,0,,
3661,08/01/2024,4,174.3,Unhealthy,101.8,155.3,42.3,14.6,4.23,52.9,22.4,34.4,4.5,61,17,132,1,218,1,,
3976,18/11/2024,4,122.9,Unhealthy for Sensitive Groups,75.7,120,18.9,8.3,2.37,80.6,20.2,34.5,8.3,46,15,113,1,182,0,,
3399,21/04/2023,4,107.9,Unhealthy for Sensitive Groups,60.9,112.2,26.9,3.6,1.46,73,26.1,59.5,11.8,35,10,82,1,,0,,
4196,26/06/2025,4,63.9,Moderate,37.1,63.2,18.7,2.3,1.32,46.7,37.1,78.6,10.7,25,7,58,0,91,0,,
4081,03/03/2025,4,148.2,Unhealthy for Sensitive Groups,,153.8,38.5,20,3.09,51.8,24,49.1,14.3,54,16,120,1,186,0,,
1780,14/11/2024,2,165.1,Unhealthy,101,165.9,39.7,17.7,2.2,44.4,21.4,45,19.8,103,31,234,2,376,1,,
1026,22/10/2025,1,220.2,Very Unhealthy,137.5,221.4,49,25.3,3.12,63.7,20.8,50.6,14.8,241,75,550,5,878,1,,
3476,07/07/2023,4,38.1,Good,29.1,48.6,13.8,6.6,1.34,35.2,34,82.1,3.8,26,7,57,0,90,0,,
2976,22/02/2025,3,135.7,Unhealthy for Sensitive Groups,80.6,147.1,23.6,9,2.76,40.3,17.9,31.6,10.1,50,16,114,1,186,0,,
82,23/03/2023,1,200.7,Very Unhealthy,133.7,221.2,55.4,13.5,4.7,77.7,26.4,53.3,6.3,259,79,583,5,926,1,,
2767,28/07/2024,3,23.3,Good,21.1,38.6,0,3.5,0.63,57.9,28.8,67.9,7,23,8,59,0,91,0,,
2031,23/07/2025,2,79.1,Moderate,34.2,53.2,18.3,2.4,0.53,49.8,35.1,77.4,12.3,49,15,112,1,176,0,,
4094,16/03/2025,4,120.6,Unhealthy for Sensitive Groups,70.7,126.1,24.1,11,2.28,38.1,24.4,41,5.5,50,15,108,1,181,0,,
4175,05/06/2025,4,60.7,Moderate,39.5,71.9,18.6,5.8,1.1,62.6,36.8,74,6.9,30,9,66,1,104,0,,
1477,16/01/2024,2,186.4,Unhealthy,117.2,219.6,40.2,17.1,2.61,48.7,23.5,21.6,16.7,120,36,272,2,428,1,,
3332,13/02/2023,4,135.8,Unhealthy for Sensitive Groups,86.3,151.7,23.7,9.8,2.38,50.1,23.5,,11.5,51,15,120,1,182,0,,
2737,28/06/2024,3,38,Good,23.4,41.5,5.2,1.9,0.73,39.6,33.3,81.6,13.9,23,8,57,0,88,0,,
1478,17/01/2024,2,214.1,Very Unhealthy,,251.7,42.3,12.2,3,69.7,23.5,30.1,9.4,116,36,263,,423,1,,
3216,20/10/2025,3,93.1,Moderate,57.7,90.4,15.9,3.3,1.53,24.2,21.1,57.4,13.6,39,12,89,1,141,0,,
2484,19/10/2023,3,90.1,Moderate,55,97,11.7,10.1,1.84,51.5,21,56.4,13.6,43,12,98,1,147,0,,
3974,16/11/2024,4,123.1,Unhealthy for Sensitive Groups,76.5,143.9,21.6,15.2,1.44,48.2,19.7,38.1,10,46,14,107,1,168,0,,
4327,04/11/2025,4,122.3,Unhealthy for Sensitive Groups,76.4,127.5,24.6,11.1,2.38,68,23.6,45.9,13,44,13,93,1,159,0,,
2158,27/11/2025,2,154,Unhealthy,89.3,162.2,27.7,14.7,1.82,78.7,20.5,42.6,,119,35,274,2,431,1,,
1887,01/03/2025,2,190,Unhealthy,,191.7,37.7,19.1,3.17,49.1,26,37.4,16.1,112,35,254,2,405,1,,
1957,10/05/2025,2,76,Moderate,49.3,86.3,14,10.9,1.52,58.2,32.9,71.9,11.5,80,24,182,1,286,0,,
1630,17/06/2024,2,73.5,Moderate,45.2,67.9,20.4,2.5,1.04,44.2,36,77.9,9.6,58,18,138,1,218,0,,
3161,26/08/2025,3,41,Good,25.2,45.2,14,5.5,0.5,31.2,25.9,79.8,5.3,28,8,66,0,103,0,,
41,10/02/2023,1,302.5,hazardous,186.8,299.5,77,15.7,6.94,67.1,19.9,39.6,,268,82,602,5,957,1,,
1705,31/08/2024,2,61.8,Moderate,50.6,90.6,22,5.1,1.34,57.6,33.2,71.3,11.5,66,20,148,1,248,0,,
4159,20/05/2025,4,79.4,Moderate,48.7,81,8.7,5,1.71,38.5,34.4,68.7,9.4,30,9,69,1,114,0,,
3640,18/12/2023,4,161.1,Unhealthy,100.2,157.4,39.5,10.1,2.98,49.4,19.1,27.1,4.1,54,16,113,1,187,1,,
312,08/11/2023,1,256.9,Very Unhealthy,,234.4,55.8,13.3,5.24,69.3,20.5,50.8,14.9,256,78,570,5,914,1,,
1632,19/06/2024,2,85,Moderate,42.9,77.2,14,5.5,0.93,33.3,33.6,,6.9,59,17,136,,215,0,,
2846,15/10/2024,3,73,Moderate,50.3,93.8,10.3,7.1,1.25,49.2,20.8,55.8,8,37,12,88,1,,0,,
2068,29/08/2025,2,69.6,Moderate,43.8,68,11.1,5.6,1.49,25.7,34,58,10.6,65,20,149,1,238,0,,
1427,27/11/2023,2,150.5,Unhealthy,90.2,144.7,32,9.1,3.27,40.9,17.4,37,4.7,117,37,269,2,428,1,,
2003,25/06/2025,2,45.1,Good,,62,14,4.2,1.87,50.4,34.9,87.8,9.4,51,16,112,1,191,0,,
358,24/12/2023,1,309.8,Hazardous,189.7,320.6,64.5,30.5,4.57,49.5,18,34.3,10,331,101,740,6,1191,1,,
2409,05/08/2023,3,31.1,Good,25.9,47.1,6.9,4.5,0.9,47.5,35,76.6,9,24,8,60,0,93,0,,
1130,03/02/2023,2,226.5,Very Unhealthy,141,216.4,48.5,19.9,4.38,58.3,22.9,33.6,5.2,108,33,243,2,384,1,,
2783,13/08/2024,3,40.5,Good,25.2,44.7,6.5,4.1,0.33,24.8,29.8,68.3,,25,8,62,0,99,0,,
3211,15/10/2025,3,68,Moderate,44.3,67.9,14.7,8,1.86,57,22.3,51.7,7.6,36,12,82,1,129,0,,
1828,01/01/2025,2,172.8,Unhealthy,107.4,196.2,37.2,19.7,3.36,55.9,20.7,26,12.8,141,43,322,3,507,1,,
2441,06/09/2023,3,39.5,Good,31.1,58.7,7.1,4.1,0.71,34.4,28.9,69.4,15.8,31,9,71,1,105,0,,
129,09/05/2023,1,142.5,Unhealthy for Sensitive Groups,,132.5,28.5,6.8,2.61,48.4,31.5,75.3,14.7,177,54,401,3,640,0,,
1010,06/10/2025,1,210.9,Very Unhealthy,126.7,212,33.7,12.3,2.61,50.4,23.5,58.8,7.7,217,67,484,4,778,1,,
1814,18/12/2024,2,175.7,Unhealthy,,175.1,36.2,12.9,2.41,44.6,16.9,28.2,7.6,124,38,280,2,447,1,,
2881,19/11/2024,3,89.1,Moderate,56,91.1,15.2,8.6,1.69,70.5,17.4,40.3,9.3,49,15,109,1,184,0,,
658,19/10/2024,1,224.6,Very Unhealthy,135.2,207.1,35,20.3,3.45,57.7,21.1,60.9,7.9,233,71,526,5,836,1,,
1247,31/05/2023,2,76.2,Moderate,47.9,74.6,14.7,4.7,1.66,41.8,32,78.9,11.7,71,22,160,1,263,0,,
4260,29/08/2025,4,64.7,Moderate,,77.5,22.2,3.4,1.01,40.1,29.2,74.7,1.1,27,8,60,0,96,0,,
202,21/07/2023,1,97.3,Moderate,61.5,115.9,23.1,5.8,1.04,38.5,31.8,74.9,9.2,110,33,250,2,399,0,,
4301,09/10/2025,4,91.3,Moderate,61,110.5,29.2,7.7,2.01,21.2,24.8,62.9,11.4,42,13,95,1,150,0,,
1422,22/11/2023,2,163.7,Unhealthy,106.9,188,26.9,14.7,2.77,52.8,19.6,39.9,5.4,135,41,300,3,481,1,,
4075,25/02/2025,4,175.2,Unhealthy,108.4,187.8,38.2,6.7,3.09,41.8,18.9,45.3,8.7,51,16,115,1,,1,,
3344,25/02/2023,4,176.5,Unhealthy,103.8,155.7,38.9,16.1,2.99,49.9,25.4,36.7,0.5,48,14,112,1,171,1,,
2419,15/08/2023,3,30.2,Good,22.7,35.2,8.1,3.2,0.7,31.3,28.5,68.9,14.1,29,8,72,1,110,0,,
2924,01/01/2025,3,122.6,Unhealthy for Sensitive Groups,69.3,112.8,23.1,7.4,1.42,49.4,15.7,,6.3,55,17,130,1,203,0,,
2362,19/06/2023,3,33.6,Good,29.8,50.8,9.3,4.5,0.95,53.7,32.2,71,11.1,27,8,62,1,102,0,,
3778,04/05/2024,4,89.5,Moderate,57.4,89.1,18.2,9.3,1.73,41.1,27.6,67.7,15.2,37,12,87,1,139,0,,
594,16/08/2024,1,102.2,Unhealthy for Sensitive Groups,55.9,85.1,17.4,1.3,2,36,26.8,72.4,5.8,114,35,259,,413,0,,
971,28/08/2025,1,123.1,Unhealthy for Sensitive Groups,76.7,139.9,23,12.2,2.11,54,31.3,75.3,5.8,134,41,301,3,489,0,,
203,22/07/2023,1,81.8,Moderate,54.5,102.7,22.5,9.1,1.88,43.6,35.5,79,5.4,107,32,251,2,399,0,,
4005,17/12/2024,4,148.1,Unhealthy for Sensitive Groups,100.4,177.1,26.2,12.5,3.62,69.6,22.1,33.2,7.9,58,18,125,,199,0,,
1975,28/05/2025,2,88.8,Moderate,55,102,30.2,5.9,1.23,30.1,32.8,84.6,11,71,21,155,1,251,0,,
3180,14/09/2025,3,41.1,Good,32.1,54.9,14.3,4.5,0.86,62.3,23.6,63.9,8.5,29,9,69,1,114,0,,
4290,28/09/2025,4,77.6,Moderate,,94.2,23,8,0.87,49.5,24.5,58.1,17.1,33,10,74,1,119,0,,
3060,17/05/2025,3,36.4,Good,35.9,56.5,16,5.8,0.9,48.9,29.5,69.6,18.1,31,9,70,1,114,0,,
2890,28/11/2024,3,106.2,Unhealthy for Sensitive Groups,64.5,113.6,14.7,8.3,1.43,61.3,18.5,37.5,14.2,43,13,96,1,156,0,,
1981,03/06/2025,2,69.1,Moderate,48.6,78.6,22.6,8.6,1.38,42,32.8,70.7,16.3,53,16,123,1,195,0,,
2381,08/07/2023,3,32.9,Good,21.3,38.1,7.1,2.4,0.89,31,33,84.2,13.8,25,7,54,0,88,0,,
2487,22/10/2023,3,87.8,Moderate,57,92.3,17.1,4.8,1.56,53.9,21.8,40,13.5,46,14,104,1,158,0,,
2375,02/07/2023,3,42.5,Good,25.2,40,4.1,4.9,0.73,50.2,31.4,80.7,9.2,27,8,57,0,96,0,,
4229,29/07/2025,4,42.1,Good,31,56.5,7.6,2.6,1.02,26.8,32.9,76.3,11.3,26,8,61,0,96,0,,
3945,18/10/2024,4,133.5,Unhealthy for Sensitive Groups,76.5,143.7,21.2,8.9,2.02,61.9,23.8,46.6,13.2,36,10,82,1,129,0,,
3747,03/04/2024,4,140.1,Unhealthy for Sensitive Groups,76.1,135.3,29.9,14.3,2.08,46,29,55.3,13.6,47,14,105,1,168,0,,
1188,02/04/2023,2,144.4,Unhealthy for Sensitive Groups,83.3,154.4,23.6,13,3.24,45,28.4,38.6,,111,33,245,2,394,0,,
2343,31/05/2023,3,38,Good,28.6,49.6,4.6,3.2,0.92,47.8,31.5,79.2,8.9,34,11,78,1,127,0,,
352,18/12/2023,1,310.4,Hazardous,196.9,313.4,80.4,31.5,6.52,66.8,14.6,26,9.6,254,78,569,5,914,1,,
1756,21/10/2024,2,117.5,Unhealthy for Sensitive Groups,76.7,138.2,30.5,7.5,2.63,49.1,23.9,52.9,13.5,99,30,220,2,348,0,,
1596,14/05/2024,2,97.8,Moderate,63.1,94.7,13.9,5.1,2.82,50.7,36.4,66.2,15.3,65,20,150,1,232,0,,
43,12/02/2023,1,258.3,Very Unhealthy,161.5,274.8,57.6,20,5.94,93.7,20.5,41.1,16.5,304,94,682,6,1094,1,,
2150,19/11/2025,2,160.5,Unhealthy,98,179.4,39.4,16.4,2.85,60.4,19.4,39.3,11.4,96,29,218,2,,1,,
2495,30/10/2023,3,97.8,Moderate,62.4,93.8,23.8,7,1.99,47.5,24.2,48.5,10.9,50,14,107,1,175,0,,
2874,12/11/2024,3,93.9,Moderate,53.6,83.5,19.8,5.2,1.51,54.7,18.4,27.8,10.1,45,15,103,1,166,0,,
1274,27/06/2023,2,64.6,Moderate,41.9,79.3,16.5,3.4,0.85,42.5,35.1,72.1,10,58,18,134,1,219,0,,
2183,22/12/2025,2,191.5,Unhealthy,111.6,187.9,36.2,18.5,3.02,45,18.3,33.5,11,128,40,289,3,459,1,,
575,28/07/2024,1,96.4,Moderate,59.6,91.6,19.3,10.6,1.56,52.8,33.7,83.9,14.2,117,35,266,2,417,0,,
1921,04/04/2025,2,178.4,Unhealthy,103.6,191.8,38.5,7.9,3.91,53.4,27.4,52.9,8.8,100,30,228,2,355,1,,
4106,28/03/2025,4,145,Unhealthy for Sensitive Groups,92.1,174.2,34.6,14.9,1.83,42.6,25.3,47.5,8.2,49,14,107,1,172,0,,
857,06/05/2025,1,166.4,Unhealthy,111.3,210.9,50.3,14.3,2.4,71.5,29.6,57.5,7.8,195,60,439,4,,1,,
2177,16/12/2025,2,195.9,Unhealthy,120.3,184,46.8,17.7,4.61,36,16.5,27.3,12.8,136,41,301,3,482,1,,
2742,03/07/2024,3,19.8,Good,16.9,29.7,6.4,4.1,0.65,25.7,30.6,75.3,10.7,25,8,53,1,90,0,,
2048,09/08/2025,2,54.3,Moderate,43.1,64.7,13,3.7,1.23,38.6,35,86.4,9.6,55,16,128,1,205,0,,
1809,13/12/2024,2,162.6, Unhealthy,108.8,187,48.3,10.8,3.17,65.5,21.8,37.2,12.3,127,39,291,2,463,1,,
2621,04/03/2024,3,111.8,Unhealthy for Sensitive Groups,64.6,103.6,20.3,6.9,1.84,28.2,19.8,41.5,7.5,42,13,96,1,148,0,,
3989,01/12/2024,4,147.1,Unhealthy for Sensitive Groups,93.2,166.2,31.6,7.7,2.84,45.9,14.8,34.4,12.6,56,16,125,1,199,0,,
1899,13/03/2025,2,148.4,Unhealthy for Sensitive Groups,88.6,135.7,34.3,15.4,2.88,39.7,23.8,37.5,11.2,119,36,265,2,429,0,,
1847,20/01/2025,2,216.9,Very Unhealthy,134.7,203,32.7,14.2,5,53.9,22.1,28.2,7.7,118,36,267,2,423,1,,
876,25/05/2025,1,93.7,Moderate,70.2,109.2,25.2,13.5,2.42,43.9,28.5,,15.8,174,53,391,,630,0,,
104,14/04/2023,1,199,Unhealthy,128.9,198.4,42.1,10.6,3.54,58.4,30.4,52.6,9,205,62,462,4,736,1,,
2459,24/09/2023,3,64.9,Moderate,41.9,68.2,22.3,5,1.28,34.3,22.6,64.1,10.5,38,11,91,1,141,0,,
3788,14/05/2024,4,92.8,Moderate,56.9,87.1,18.3,7.9,2.01,27.3,32.1,79.4,2.6,28,8,64,1,107,0,,
605,27/08/2024,1,101.3,Unhealthy for Sensitive Groups,70.1,130,21.8,7.1,2.23,26.1,28.6,74.2,2.3,132,40,295,3,475,0,,
989,15/09/2025,1,139.5,Unhealthy for Sensitive Groups,93.9,151.1,31.9,9.5,3.72,61.6,27.2,58.7,7.9,176,53,401,3,640,0,,
1234,18/05/2023,2,76.4,Moderate,59.9,107.2,16.5,7.5,1.97,49.7,35.4,80.3,7.8,70,21,165,1,258,0,,
3773,29/04/2024,4,85.7,Moderate,55.4,94.3,17.3,7.6,0.99,43.8,28.7,57.3,5.1,39,12,85,1,141,0,,
1434,04/12/2023,2,185.1,Unhealthy,120.4,202.1,41.3,20.1,3.02,42.2,22.7,39.8,12.4,115,35,267,2,416,1,,
385,20/01/2024,1,262.6,Very Unhealthy,159.6,246.5,59.2,18.1,4.62,80.1,18.4,28.8,11.7,348,107,782,7,1241,1,,
894,12/06/2025,1,130.6,unhealthy for sensitive groups,72.4,120.1,22.5,9.7,2.8,43.5,31.3,72.5,9,131,39,298,2,466,0,,
57,26/02/2023,1,263,Very Unhealthy,160.1,249,49.5,22.4,4.99,54.2,20,44.5,4.9,268,83,601,5,967,1,,
712,12/12/2024,1,323.9,Hazardous,201.9,378.8,49,26.8,6.38,62,14,25.8,7.5,297,92,672,6,1074,1,,
2373,30/06/2023,3,45.2,Good,28.7,43.8,12.8,5.6,0.66,46,34,77.5,18.4,25,8,61,,101,0,,
2127,27/10/2025,2,130,Unhealthy for Sensitive Groups,79.4,124.7,25.4,12.7,2.29,51.6,25.2,48.1,4.3,96,28,216,2,339,0,,
2589,01/02/2024,3,112.9,Unhealthy for Sensitive Groups,71.2,123.6,26.9,12.1,1.76,44.2,17.9,37.8,11.5,52,16,121,1,198,0,,
356,22/12/2023,1,305,Hazardous,188,317.2,50.1,15.2,3.88,75.7,18,31.3,19.7,283,87,637,6,1014,1,,
1843,16/01/2025,2,239.9,Very Unhealthy,147.4,225.6,47.4,20.1,4.21,54.9,22.8,26.7,4.3,133,41,296,3,477,1,,
2408,04/08/2023,3,36.9,Good,26.3,48.3,7.5,1.8,1.13,33.4,31.6,79.5,7.5,24,8,61,0,93,0,,
1019,15/10/2025,1,207.1,Very Unhealthy,129.1,227.6,39.8,20.4,3.33,67.3,26.9,44.4,6.1,202,62,452,4,728,1,,
1315,07/08/2023,2,50.6,Moderate,36.8,67.3,18.9,2.5,0.85,31.8,37.6,62.9,15.6,51,16,119,1,187,0,,
308,04/11/2023,1,272.6,Very Unhealthy,,305.2,62,29.4,4.11,51.9,23.1,39.1,6.6,234,72,529,5,847,1,,
814,24/03/2025,1,239,Very Unhealthy,151,282.5,66.4,21.9,3.37,38.6,20.4,53.2,15.4,264,82,597,5,953,1,,
42,11/02/2023,1,297.4,Very Unhealthy,182.9,329.4,76.3,22.5,6.2,48.3,22.7,30.2,12.2,266,82,602,5,957,1,,
2817,16/09/2024,3,40.3,Good,29.9,53.9,12,3.1,0.49,41.7,28,63.4,12.4,29,9,69,1,112,0,,
1406,06/11/2023,2,157.9,Unhealthy,92.4,174.4,28.6,15.3,2.72,61.6,21.3,44.5,18,103,30,234,2,370,1,,
3390,12/04/2023,4,109.7,Unhealthy for Sensitive Groups,70.7,115.4,28.1,13.5,2.02,24,29.8,46.4,14.3,46,15,105,1,170,0,,
1682,08/08/2024,2,76,Moderate,,67.4,13.2,3.3,1.21,60.1,32.7,71.3,11.3,48,15,119,1,185,0,,
883,01/06/2025,1,130.3,Unhealthy for Sensitive Groups,71.8,119.6,19.4,7.4,2.02,45.6,30.3,81.5,9.6,151,47,348,3,553,0,,
3777,03/05/2024,4,96.3, Moderate,56.1,104.6,17.7,8.8,2.21,20.9,30.2,76,13.7,36,11,84,,128,0,,
699,29/11/2024,1,261.7,Very Unhealthy,162,273.3,62.5,25.4,5.86,62,19.5,49.1,12.7,270,82,606,5,967,1,,
3037,24/04/2025,3,70.5,Moderate,36.3,67.6,15.9,5.9,1.07,35.9,24.9,67.6,11.5,40,12,92,1,149,0,,
4045,26/01/2025,4,156.5,Unhealthy,103.7,157,38.8,11,3.71,56,21.8,47.3,12.4,57,17,129,1,207,1,,
2052,13/08/2025,2,65.4,Moderate,43.4,66.7,9.7,4.4,1.28,51.6,34.3,89,6.1,50,15,119,1,187,0,,
3055,12/05/2025,3,40.3,Good,35.5,62.6,13.8,4.8,1.29,32.6,29,70.2,9.4,29,10,68,1,111,0,,
216,04/08/2023,1,103.9,Unhealthy for Sensitive Groups,62.8,103.5,18.5,8.5,2.33,52,30.2,81.3,14.3,113,35,258,2,408,0,,
2147,16/11/2025,2,136.5,Unhealthy For Sensitive Groups ,84.4,139,36.4,12.1,2.62,35.1,20.5,39,10.7,94,28,213,2,345,0,,
3327,08/02/2023,4,145.6,Unhealthy for Sensitive Groups,87.8,147.8,40.7,9.2,3.41,53.4,19.1,35.6,3.1,64,19,141,1,230,0,,
2828,27/09/2024,3,59.7,Moderate,37.6,59.1,6.3,0.5,1.67,57.6,22.8,65.1,13,34,11,82,1,127,0,,
3815,10/06/2024,4,71.3,Moderate,39.1,72.3,4.3,1.8,1.38,56.3,34.8,74.2,13,27,8,64,0,104,0,,
1371,02/10/2023,2,100.1,Unhealthy for Sensitive Groups,60.9,110.2,26.2,7.2,2.18,48.3,30.6,66.4,4.3,83,24,186,2,300,0,,
1567,15/04/2024,2,124,Unhealthy for Sensitive Groups,81.6,133.9,30.9,5.5,1.92,65.2,32.2,47.9,9.6,99,29,222,2,353,0,,
2193,01/01/2023,3,147.9,Unhealthy for Sensitive Groups,92.9,173.6,30,10.6,3,42.3,16.8,36.2,,66,20,151,1,241,0,,
3032,19/04/2025,3,74.4,Moderate,51.3,80.1,12.5,8.4,1.6,39.2,26.2,61.3,7.4,36,12,85,1,136,0,,
1517,25/02/2024,2,176.3,Unhealthy,108.6,189.2,37.9,19.7,2.55,60.7,23.6,49.3,4.2,136,43,303,3,493,1,,
2749,10/07/2024,3,44.3,Good,23.3,43.3,9.6,4.8,0.53,24,32.9,73.4,,26,7,58,0,95,0,,
2504,08/11/2023,3,86.8,Moderate,62.4,94.9,26.3,9.1,1.29,33.7,17.2,39.3,14.2,51,16,112,1,177,0,,
1767,01/11/2024,2,173.5,Unhealthy,111.5,207.1,50.7,14.8,2.53,49.5,25.5,41.6,7.9,93,28,215,2,345,1,,
2187,26/12/2025,2,144.1,Unhealthy for Sensitive Groups,89.6,153.7,19.7,10.4,2.95,56.9,21.3,26.4,26.4,105,32,240,2,385,0,,
4279,17/09/2025,4,80.4,Moderate,50.4,94.3,25.4,5,1.8,50.8,26.9,65.6,5.6,33,11,80,1,127,0,,
3456,17/06/2023,4,65.8,Moderate,33.9,53.6,15.7,4.7,0.79,54.6,37.4,84.3,10.5,28,7,62,1,101,0,,
1038,03/11/2025,1,237.4,Very Unhealthy,149.1,253.6,42.8,24.4,4.46,38.2,19.9,50.1,5.6,246,76,550,5,885,1,,
2438,03/09/2023,3,50,Moderate,28.9,52.5,12.1,3.8,0.8,33.6,28.7,77.6,7.5,30,9,71,1,110,0,,
1511,19/02/2024,2,209.1,Very Unhealthy,129.8,218.6,41.3,13,4.7,53.6,21.1,39.7,15.4,127,38,282,2,452,1,,
412,16/02/2024,1,229.2,Very Unhealthy,138.8,218.1,37.5,11.6,4.73,51.4,19.5,40.3,15.1,248,76,558,5,888,1,,
3009,27/03/2025,3,94,Moderate,63.1,98.2,22.8,4.5,2.54,59.7,23.3,32.7,7.9,46,15,113,1,175,0,,
2886,24/11/2024,3,114.4,Unhealthy for Sensitive Groups,69.8,105.4,29,12.6,1.67,63.1,16.8,44.3,7.6,49,14,112,1,178,0,,
1302,25/07/2023,2,63.3,Moderate,38.3,69.3,6.8,6.3,1.17,40.4,34.5,74.3,11.6,46,14,113,1,175,0,,
1297,20/07/2023,2,67.2,Moderate,37,67.1,21.4,7.6,1.12,39.2,35.4,77,16.1,48,14,108,1,164,0,,
2811,10/09/2024,3,52.9,Moderate,34.7,58.1,16.1,2.9,1.16,23.6,26.1,68.7,15.5,30,9,71,1,115,0,,
3213,17/10/2025,3,71.4,Moderate,46.5,76.4,16.9,4.9,1.62,54.4,24.1,57.2,11.2,35,11,82,,127,0,,
2550,24/12/2023,3,106,Unhealthy for Sensitive Groups,71.5,132.6,32.2,11.1,2.7,40.4,15.2,30.5,11,55,16,122,1,200,0,,
4316,24/10/2025,4,122.8,Unhealthy for Sensitive Groups,77.4,127,25.9,12.5,1.48,55.1,26.9,52.3,6.7,37,12,82,1,132,0,,
759,28/01/2025,1,322.7,Hazardous,212.3,337.8,54.7,20.5,4.81,62.5,14.4,,17.7,360,111,806,7,1290,1,,
2368,25/06/2023,3,50.9,Moderate,25.9,42.7,1.2,5.4,0.68,39,31.1,75.5,7.3,23,7,57,0,90,0,,
2477,12/10/2023,3,87,Moderate,52,95.2,5.9,7.9,1.75,76.4,20.9,50,11.8,39,11,85,1,131,0,,
2837,06/10/2024,3,82.2,Moderate,43.3,78.2,13.4,4.7,1.36,25.2,23.4,48.5,8.9,37,10,84,1,133,0,,
1318,10/08/2023,2,64.8,Moderate,39.7,61.5,18,7.1,1.66,42,35.5,58.5,7.5,54,15,123,,193,0,,
74,15/03/2023,1,245.1,Very Unhealthy,,240.6,58.7,15.2,4.39,85.7,20.2,,4.2,229,69,513,4,824,1,,
26,26/01/2023,1,275.6,Very unhealthy ,172.3,258.5,62.8,24.1,4.62,60.1,16.8,35.8,3.6,326,100,735,6,1174,1,,
2832,01/10/2024,3,83.3,Moderate,42.6,74,20.6,7.7,1.21,23.9,24.4,57.9,5.8,36,10,80,1,131,0,,
1127,31/01/2023,2,143.1,Unhealthy for Sensitive Groups,94.6,153.8,35.7,11.7,1.68,74.4,19.5,30.1,6.3,120,37,266,2,432,0,,
1140,13/02/2023,2,200.8,Very Unhealthy,115.5,207.1,37.5,16.4,4.42,66.2,23.8,42.4,11.4,113,35,253,2,401,1,,
506,20/05/2024,1,128,Unhealthy for Sensitive Groups,81.7,152.8,25.4,8.6,2.15,40.2,30,71.3,10.6,155,47,345,3,552,0,,
1561,09/04/2024,2,123.7,Unhealthy for Sensitive Groups,76.4,140.7,30,8.2,1.6,53.3,30.7,44.1,9.7,95,28,210,2,341,0,,
3307,19/01/2023,4,149.9,Unhealthy for Sensitive Groups,94.3,142.9,35.5,12.5,3.1,66,15,20.8,13.1,52,15,118,1,185,0,,
4369,16/12/2025,4,128.2,Unhealthy for Sensitive Groups,89.2,134.3,33.4,16.9,3.08,53.6,16.5,28.4,13.3,56,18,128,1,194,0,,
2864,02/11/2024,3,87.1,Moderate,60.1,112.1,16.1,9.2,1.93,54,19.3,36.3,6.3,47,15,107,1,168,0,,
1121,25/01/2023,2,184.1,Unhealthy,110.6,179.7,44.3,8,2.95,63.3,23.2,19.6,17.9,129,39,288,3,458,1,,
1113,17/01/2023,2,184.5,Unhealthy,120.9,197.6,36.8,19.8,3.19,78.8,21.5,31,7.1,128,39,290,3,466,1,,
587,09/08/2024,1,82.5,Moderate,55.6,98,11.9,9.8,1.95,27,33.8,88.8,11.4,112,34,257,2,406,0,,
3707,23/02/2024,4,140.9,Unhealthy for Sensitive Groups,89.6,157.6,34.6,8.7,2.51,64.3,24.1,33.1,4.3,59,18,135,1,209,0,,
612,03/09/2024,1,119.4,Unhealthy for Sensitive Groups,82.8,156,20.2,11.4,3.2,40.1,29,72.7,18.5,126,37,290,2,453,0,,
2474,09/10/2023,3,72.3,Moderate,42.6,66.3,11.9,8.4,1.65,34.2,26.6,51.9,3.7,37,11,85,1,136,0,,
2697,19/05/2024,3,44.7,Good,29.3,53.6,11.6,4.1,0.55,20,26.9,78.2,6.5,35,10,74,1,123,0,,
1090,25/12/2025,1,337.1,Hazardous,200.4,336.9,54.6,23.9,6.85,71.7,15.8,32.2,6.6,292,89,651,6,1038,1,,
2738,29/06/2024,3,53.1,Moderate,23.7,39.9,7.4,2,0.54,36,30.6,71.6,5.3,24,7,58,0,93,0,,
1536,15/03/2024,2,151.7,unhealthy,86.9,147.2,28.8,15.1,3.34,39.6,24.7,42.9,15.5,106,32,242,2,385,1,,
1409,09/11/2023,2,150.7,Unhealthy,91.4,160.1,22.1,9.2,2.73,33.5,26.5,45.6,8.8,103,32,240,2,373,1,,
2614,26/02/2024,3,125.6,Unhealthy for Sensitive Groups,73.8,116.4,28.8,6.9,1.83,22.3,20.1,38.2,7.5,53,16,117,1,191,0,,
349,15/12/2023,1,248.6,Very Unhealthy,151.4,252.6,66.4,9.7,4.16,57.2,15.8,32.4,9,238,74,537,5,856,1,,
886,04/06/2025,1,130.7,Unhealthy for Sensitive Groups,80.5,121.8,31.7,6.5,3.08,32.4,33.2,76,10.6,136,41,308,3,494,0,,
4364,11/12/2025,4,127,Unhealthy for Sensitive Groups,86.9,161,24.3,13.2,2.5,64.4,19.9,46.9,11.7,54,17,126,1,197,0,,
4249,18/08/2025,4,59.2,Moderate,34.5,52.8,12.1,6.6,0.76,39.6,30,75.3,,24,7,52,0,92,0,,
783,21/02/2025,1,350.4,Hazardous,221.8,346,69,22.6,8.01,68.4,19,25.7,13.7,273,85,615,5,988,1,,
4124,15/04/2025,4,115.7,Unhealthy for Sensitive Groups,75.1,118.3,28,8.7,1.89,39,25.4,,8.2,41,12,95,1,144,0,,
3154,19/08/2025,3,48.8,Good,28.8,44.3,8.9,3.6,0.73,64.1,29.2,68.9,7.2,23,7,57,1,92,0,,
630,21/09/2024,1,117.4,Unhealthy for Sensitive Groups,75.4,118.2,22,12.9,2.43,46.4,26,61.4,3.3,168,51,380,3,597,0,,
3279,22/12/2025,3,85.7,Moderate,53,88,17.9,10.3,2.21,56.9,18.1,30,6.5,49,16,113,,181,0,,
2549,23/12/2023,3,108.6,Unhealthy for Sensitive Groups,70.3,109.9,28.9,11.3,2.27,58,14.1,41.4,13.6,55,16,122,1,188,0,,
2458,23/09/2023,3,48.1,Good,39.8,72.1,12.1,6,0.93,44,24.7,56.8,11,36,11,82,1,131,0,,
409,13/02/2024,1,236.8,Very Unhealthy,146.3,267.5,51.2,26.1,3.41,59.1,22.1,39.9,8.2,296,92,664,6,1054,1,,
165,14/06/2023,1,98.3,Moderate,68.7,105.6,16,7.5,2.73,55.8,35.6,74.9,14,119,37,268,2,435,0,,
4115,06/04/2025,4,125.1,Unhealthy for Sensitive Groups,81.4,122.5,23.2,12.9,1.53,57.6,27.6,54,11.3,44,14,103,1,169,0,,
2337,25/05/2023,3,62.3,Moderate,34.1,62.2,15.5,3.4,1.71,26.1,26.3,85.7,14.8,33,10,81,1,120,0,,
3771,27/04/2024,4,87.6,Moderate,60.9,96.7,19.9,7.8,1.56,39.4,32.7,54.6,1.4,38,12,82,1,,0,,
1970,23/05/2025,2,78.3,Moderate,53.7,90.2,16.4,6.8,1.38,45.3,34.2,72.8,6.8,76,23,170,1,280,0,,
1650,07/07/2024,2,59.9,MODERATE,37.6,69,12.6,5.9,0.49,26.2,35.7,74.5,7.7,52,15,112,1,,0,,
3136,01/08/2025,3,39.7,Good,23.9,43.5,8.9,3.5,0.41,19.6,32.8,73,6.1,25,6,54,0,94,0,,
2427,23/08/2023,3,57.9,Moderate,29.9,52.9,12.6,3.6,0.53,45.9,30.8,69.3,11.9,30,8,67,1,,0,,
1088,23/12/2025,1,272,Very Unhealthy,173.4,282,47.3,29.1,4.5,63.1,22.8,27.5,11.1,335,103,754,7,1197,1,,
4319,27/10/2025,4,133.9,Unhealthy for Sensitive Groups,81.8,137.3,24.6,15.1,1.85,44.9,20.5,46.6,2.8,46,14,97,1,169,0,,
3347,28/02/2023,4,159,Unhealthy,102.7,157.1,29.4,16.6,2.2,52.6,24.8,31,9.3,58,18,132,1,206,1,,
3625,03/12/2023,4,151.1,Unhealthy,92.4,139.8,23.7,11.4,2.2,50.9,19.7,37.6,2,47,13,105,1,172,1,,
3167,01/09/2025,3,63.8,Moderate,31.9,55,9.4,3.1,0.59,32.4,28.5,71.7,13.8,28,9,69,1,102,0,,
1755,20/10/2024,2,125.7,Unhealthy for Sensitive Groups,81.5,128.3,33.1,9.3,3.4,65.8,27.4,47.6,8.7,88,26,199,2,317,0,,
295,22/10/2023,1,218.8,Very Unhealthy,125,192,41.5,13.2,4.02,43.2,21.3,49.9,5.2,216,66,487,4,783,1,,
966,23/08/2025,1,101.7,Unhealthy for Sensitive Groups,64.7,109.8,26.9,4.7,1.35,56.1,26.5,73.1,5.5,125,38,288,2,460,0,,
1823,27/12/2024,2,166.7,UNHEALTHY ,106.3,167,45.8,11.2,2.5,63.3,16.9,27.9,6.3,143,43,318,3,510,1,,
1910,24/03/2025,2,137.8,Unhealthy for Sensitive Groups,85.8,161.3,24.5,13.7,2.05,65.6,25.9,53.6,9.8,97,30,215,2,347,0,,
3921,24/09/2024,4,81.2,Moderate,50.7,91.6,16.8,6.3,1.13,65.4,28.4,58,8,33,10,74,1,118,0,,
3664,11/01/2024,4,193.8,Unhealthy,114,215.9,34.5,10.6,3.7,47.1,20.3,25.9,8.2,58,18,128,1,207,1,,
2364,21/06/2023,3,26.6,Good,23.2,35.4,12.4,5.1,0.32,45.1,33,70.3,9.9,31,9,72,1,118,0,,
529,12/06/2024,1,106.4,Unhealthy for Sensitive Groups,69.5,108.7,26.6,9.3,2.9,60.1,33.1,,10.1,128,39,293,2,464,0,,
1969,22/05/2025,2,85.3,Moderate,48.5,77.2,16.8,7.9,1.66,55.7,32.9,76.5,10.4,71,22,159,1,253,0,,
2238,15/02/2023,3,118.8,Unhealthy for Sensitive Groups,77.3,125.8,32.5,11.6,3.17,52.9,16.7,43.7,6.2,58,18,132,1,215,0,,
28,28/01/2023,1,298.7,very unhealthy,184.7,334.4,59.7,24.4,7.3,64.7,18.1,28.8,12.1,284,87,633,6,1017,1,,
3177,11/09/2025,3,62.4,Moderate,,54.5,10.5,1.6,0.54,49.4,27.6,67.2,12.4,31,9,70,1,111,0,,
1674,31/07/2024,2,52.2,Moderate,34.7,52.6,22.3,6.5,1.7,55.5,33.6,71.8,5.7,51,15,109,1,184,0,,
275,02/10/2023,1,198.5,Unhealthy,121.4,229,53.6,13.7,4.59,63.6,23,66.5,2.8,184,56,416,4,667,1,,
1073,08/12/2025,1,307.3,Hazardous,190.5,310.4,92.6,28.7,6.29,83.4,17.3,47.2,10.1,311,97,699,6,1123,1,,
1075,10/12/2025,1,296.1,Very unhealthy ,,319.2,54.1,17.9,6.16,73.1,17.4,41,13,285,88,641,6,1022,1,,
3825,20/06/2024,4,55.8,Moderate,35.4,60,18.8,6.7,0.68,28.6,31.5,67.6,12.9,26,8,64,0,91,0,,
3197,01/10/2025,3,45.3,Good,34.7,65.4,13.4,4,0.72,40.1,22.2,66.6,11.2,37,10,84,1,133,0,,
3093,19/06/2025,3,38.5,Good,26,39.2,8.9,2.7,0.56,51.4,29.5,76.4,9.4,27,9,62,,100,0,,
2303,21/04/2023,3,98.7,Moderate,59.1,95.3,13.6,6.7,1.2,47.8,26.3,49.7,11.9,47,13,108,1,157,0,,
4206,06/07/2025,4,56.8,Moderate,39.3,61.4,9.7,3.6,0.56,20.2,35.5,69.1,9.8,24,7,60,0,85,0,,
4202,02/07/2025,4,44,Good,36.7,60.2,15.8,4.9,0.94,48.2,33.8,,14,23,7,59,0,83,0,,
586,08/08/2024,1,104.9,Unhealthy for Sensitive Groups,75,130.7,18.8,6.7,2.55,73.6,29.8,80,3.9,120,35,268,2,431,0,,
838,17/04/2025,1,249.4,Very Unhealthy,149.2,254.2,53.7,17.6,3.22,63.5,28.6,53.1,15.2,213,66,483,4,772,1,,
711,11/12/2024,1,314.2,Hazardous,187.7,293.1,59.1,27.6,6.75,64.8,18.2,22.8,14.4,321,99,722,6,1150,1,,
3593,01/11/2023,4,132.9,Unhealthy for Sensitive Groups,80.7,125.1,33,8.8,2,28,20.8,46.8,13,45,14,106,1,167,0,,
3956,29/10/2024,4,120.9,Unhealthy for Sensitive Groups,73.7,123.5,32.5,6.7,2.06,48.2,24.3,43.1,8.1,43,12,96,1,150,0,,
1251,04/06/2023,2,65.8,Moderate,41.6,67.6,16.6,5.6,1.41,64.6,35.8,82.4,8.8,57,18,136,1,213,0,,
1438,08/12/2023,2,218.2,Very Unhealthy,139.5,214,55.7,15.2,4.38,44.7,17.3,39.9,15.7,135,42,304,3,487,1,,
1554,02/04/2024,2,144.2,Unhealthy for Sensitive Groups,94.1,147.2,37.4,15.4,3.28,53.9,29.1,47.7,10,103,30,226,2,362,0,,
817,27/03/2025,1,243,Very Unhealthy,149.4,225.2,57.9,26.5,6.13,68.3,25.2,46.8,15.7,253,78,571,5,910,1,,
1244,28/05/2023,2,90.5,Moderate,55.2,89.6,12.4,7.7,1.41,10.7,35.2,66.2,8,68,21,156,1,243,0,,
3119,15/07/2025,3,48.8,Good,23.7,37.1,5.3,5.8,0.38,41.3,30.5,,10.2,24,8,54,0,94,0,,
958,15/08/2025,1,134.8,Unhealthy for Sensitive Groups,84.9,143.2,26.8,10.1,3.37,36.5,31.2,71.9,,123,38,279,2,442,0,,
303,30/10/2023,1,250.7,Very Unhealthy,149.1,235.9,57.5,17.4,3.27,61.1,22.5,47,10.4,234,72,528,5,847,1,,
2620,03/03/2024,3,69.5,Moderate,51.5,84.2,17.4,9,1.38,55,21.8,36.9,13,51,15,116,1,180,0,,
4148,09/05/2025,4,87.1,Moderate,61.3,100.5,16,7.1,1.79,39.2,34.5,67.4,14,35,11,88,1,128,0,,
2679,01/05/2024,3,63.6,Moderate,40.4,75,13.2,4.8,1.38,36.9,32.7,69.2,6.9,34,10,81,1,125,0,,
2486,21/10/2023,3,79.9,Moderate,50.8,94.5,22.3,4.6,2.47,47.3,24,54,5,41,12,96,1,157,0,,
1064,29/11/2025,1,336.4,Hazardous,208.2,380.2,83,16.1,4.52,49.5,16,41.1,7.3,298,92,669,6,1071,1,,
873,22/05/2025,1,149.8,Unhealthy for Sensitive Groups,96.7,149.6,40.4,9.2,2.11,63.1,32.1,70.2,16.2,166,52,373,3,604,0,,
2820,19/09/2024,3,49.6,good,35.1,64.1,10.5,1.7,0.75,41.5,23.9,53.2,12.6,28,9,66,1,109,0,,
953,10/08/2025,1,110.5,Unhealthy for Sensitive Groups,69.6,123.3,31.4,5.9,2.53,65.7,33.7,71.6,13.8,92,26,206,2,328,0,,
3642,20/12/2023,4,170.3,Unhealthy,107.4,183.9,36.7,14.1,2.82,61.8,19,24.3,9.4,60,18,142,1,223,1,,
3739,26/03/2024,4,103.7,Unhealthy For Sensitive Groups ,68.9,110,18.4,11.2,1.78,50.3,27.2,52.7,6.5,49,15,108,1,181,0,,
924,12/07/2025,1,96.7,Moderate,56.7,95.9,24.1,2.9,1.53,54.5,30.2,80.7,9,117,35,262,2,426,0,,
3728,15/03/2024,4,149.4,Unhealthy for Sensitive Groups,94.9,165.4,40.3,8.2,2.91,35.7,24.1,37.2,7.2,58,18,127,1,199,0,,
60,01/03/2023,1,281.7,Very Unhealthy,178.2,295.3,73.2,21.1,3.65,57.6,22,37,0.5,267,82,605,5,958,1,,
3841,06/07/2024,4,36.7,Good,28.3,51.6,12,6.3,1.16,49.3,33.7,77.6,12.5,23,7,48,0,81,0,,
4222,22/07/2025,4,32.7,Good,29.9,51.6,11.4,1.9,0.97,42.7,33.4,73.2,10.4,22,6,50,0,80,0,,
1976,29/05/2025,2,83.4,Moderate,44.4,81.9,23.9,6,2.17,52.1,35.9,77.3,5.2,58,18,139,1,219,0,,
24,24/01/2023,1,286.5,Very Unhealthy,176.2,269,74.5,28.6,6.03,67.5,17.8,30,6.8,290,90,651,,1044,1,,
3172,06/09/2025,3,45,Good,34.8,59.9,8.5,3.2,1.06,62.3,27.6,74.4,2.8,31,9,69,1,111,0,,
3903,06/09/2024,4,68.3,MODERATE,,72.4,20.6,3.3,1.31,29.5,34,63.9,13.1,33,10,74,1,123,0,,
684,14/11/2024,1,256.1,Very Unhealthy,154.9,266.1,40.2,17.7,4.22,97.2,17.8,40.1,15,284,89,642,6,1030,1,,
2395,22/07/2023,3,44.6,Good,20.5,36.8,8.9,2.5,0.38,51.2,30.4,66.8,11.7,25,7,65,0,98,0,,
3574,13/10/2023,4,95.6,Moderate,65.1,111.1,24,11,1.63,34.4,23.5,52.1,7.4,41,12,96,1,152,0,,
2141,10/11/2025,2,178.2,Unhealthy,108.7,165.2,31.9,16.4,2.78,51.6,21.9,50.4,7.9,119,37,266,2,421,1,,
2057,18/08/2025,2,75.1,Moderate,46.6,79.6,20.9,6.3,1.63,52.8,34.7,63.4,5.1,56,17,120,1,200,0,,
2703,25/05/2024,3,42.9,Good,28.2,51.5,8.9,3.6,0.58,39.5,29.1,76.4,12,34,10,78,1,130,0,,
229,17/08/2023,1,90.3,Moderate,57.9,102.3,23.3,6.3,1.34,22.1,33.3,73.6,5.1,122,38,284,2,444,0,,
490,04/05/2024,1,179.4,Unhealthy,110,187.8,47.8,12.9,3.97,65.9,28.4,58.6,13.6,176,54,391,3,632,1,,
4087,09/03/2025,4,139.7,Unhealthy for Sensitive Groups,97.1,146.9,36.2,8.9,2.4,42.6,25.5,43.3,4,58,16,125,1,194,0,,
830,09/04/2025,1,163.7,Unhealthy,102.8,171.4,21,15.9,3,57.1,25.2,52,12.5,243,75,545,5,880,1,,
3554,23/09/2023,4,105.9,Unhealthy for Sensitive Groups,57.4,105.9,18.5,8.2,2.08,34.8,27.2,68.2,,28,8,70,0,100,0,,
386,21/01/2024,1,272.6,Very Unhealthy,174.9,329.2,68.8,29.3,3.93,59.5,14.1,22.9,11,267,81,600,5,958,1,,
2498,02/11/2023,3,90.6,Moderate,53.8,92.4,25.8,7.4,1.56,41.1,19.2,50.2,6.1,47,15,114,1,178,0,,
2284,02/04/2023,3,74.4,Moderate,,78.3,22,5.6,0.87,39.1,24.7,50.9,4.2,47,15,107,1,174,0,,
16,16/01/2023,1,266,Very Unhealthy,164,298.6,50.4,17.5,4.68,77.3,16.3,22.6,15.6,296,91,667,6,1063,1,,
3085,11/06/2025,3,53.6,Moderate,24.7,38.1,3,3.6,0.88,36.7,33.4,82.5,9.8,28,8,64,0,104,0,,
4299,07/10/2025,4,93.3,Moderate,53.9,100.2,18.5,7.4,2.05,54.2,21.5,54.8,12.1,35,11,80,1,124,0,,
1389,20/10/2023,2,149.2,Unhealthy for Sensitive Groups,94.2,154.1,38,13.2,3.49,33,24.5,50.7,11,98,29,218,2,350,0,,
3874,08/08/2024,4,57.3,Moderate,30.5,46.8,9.2,4.8,0.74,53.4,31.6,79.2,11.6,23,7,58,0,88,0,,
1589,07/05/2024,2,94,Moderate,54.8,95.7,20.6,3.7,1.11,51.8,33.8,68.2,9.7,85,26,192,2,310,0,,
4243,12/08/2025,4,45.8,GOOD,35.7,66.1,9,4.8,1.36,29.6,28.7,74.3,8.2,24,6,58,0,85,0,,
1752,17/10/2024,2,119.8,Unhealthy for Sensitive Groups,73.9,138.5,28.7,11.3,1.5,40.9,27.6,63.6,,93,29,207,2,341,0,,
1151,24/02/2023,2,200.3,Very Unhealthy,120.3,192.1,35.6,10.9,4.12,73.5,23.6,12,11.3,118,36,267,2,423,1,,
1305,28/07/2023,2,65,Moderate,37.6,57.8,7.4,2.7,1.31,33.5,33,77.4,12.4,52,16,124,1,194,0,,
1232,16/05/2023,2,100.6,Unhealthy for Sensitive Groups,61.8,103.9,22.1,8.4,1.28,59.3,34.8,70,7.2,71,22,165,1,261,0,,
2745,06/07/2024,3,8.7,Good,17.6,32,2.4,3.5,0.87,29.8,34.6,79.2,9.2,20,5,53,0,86,0,,
1793,27/11/2024,2,184.5,Unhealthy,122.1,210.4,39.4,13.4,3.8,35,25.4,32.3,15.7,127,39,285,3,456,1,,
1270,23/06/2023,2,66.2,moderate,38.2,67.3,12.3,5.8,2.02,45,33.8,80.3,7.2,54,16,128,1,199,0,,
3834,29/06/2024,4,59.3,Moderate,,48.7,5.7,3.7,0.77,12.5,34.4,74.8,10.3,24,7,55,0,90,0,,
498,12/05/2024,1,141.8,Unhealthy for Sensitive Groups,91.3,152,44.8,13.2,3.02,50.1,29.5,71.7,7.7,172,51,380,3,621,0,,
353,19/12/2023,1,280.2,Very Unhealthy,171.7,301.4,48,29.6,4.15,95.2,13.2,38.8,6.9,335,103,756,7,1208,1,,
1839,12/01/2025,2,186.7,Unhealthy,116.3,181.8,38,18.8,3.87,32.8,19.5,,11.3,135,40,309,3,495,1,,
3111,07/07/2025,3,43,Good,23.6,38.1,12.1,3.2,0.73,43.6,35.3,86,7.9,25,8,60,0,91,0,,
2491,26/10/2023,3,75,Moderate,60.3,98.9,19.7,11.2,1.86,69.8,20.3,56.3,15.6,43,13,103,1,162,0,,
2,02/01/2023,1,245.2,Very Unhealthy,159,284.8,63.2,20.7,4.79,69.1,16.6,30.3,6.8,265,82,598,5,951,1,,
286,13/10/2023,1,182,Unhealthy,112,192.4,34.1,13.2,3.21,78,20.6,58.5,6.8,215,65,482,4,772,1,,
1647,04/07/2024,2,56.5,Moderate,33.2,62.9,11.5,6.2,1.08,50.6,34.6,76.6,3.9,51,16,116,1,185,0,,
784,22/02/2025,1,327.9,Hazardous,204,322.6,83.6,32,4.43,66.7,18.9,33.4,13.2,308,95,691,6,1106,1,,
2909,17/12/2024,3,96,Moderate,,119.7,20.9,7.9,2.34,47.6,16.6,,3.6,46,14,109,1,172,0,,
3159,24/08/2025,3,40.5,Good,28.2,50.8,14.9,2.5,0.86,37.2,31.6,78.5,11.5,25,8,58,1,96,0,,
4167,28/05/2025,4,61,Moderate,42.4,72.3,13.2,5.7,1.02,54.5,33.2,66.9,15,27,8,60,0,98,0,,
2397,24/07/2023,3,51,Moderate,22.4,39.6,6,1.4,0.23,22.9,33.6,78.6,13.3,25,7,61,0,98,0,,
69,10/03/2023,1,274,Very Unhealthy,168.6,291,69.3,17.1,3.09,67.3,26.3,51.8,12.5,283,87,632,,1007,1,,
404,08/02/2024,1,288,Very Unhealthy,177.9,301.1,66.4,19,3.95,63.2,18.7,24.9,7.7,298,93,677,,1079,1,,
2803,02/09/2024,3,73.1,Moderate,35.6,65.8,12.9,8.4,1.09,57.4,27.8,67.1,2.6,28,8,61,1,96,0,,
798,08/03/2025,1,307.7,Hazardous,194.2,325.4,51.1,26,4.86,47.6,24.2,38.4,11.3,248,77,554,5,883,1,,
3849,14/07/2024,4,59.6,Moderate,38.9,61,17.7,5.7,1.42,38.5,34.3,80.7,14.5,22,5,52,0,79,0,,
2024,16/07/2025,2,43.4,Good,,66.4,12.6,6.6,1.19,27.1,33.6,81.6,2.8,50,16,117,1,187,0,,
178,27/06/2023,1,99.3,Moderate,58.1,109.1,25.8,5,2.01,31.3,35.2,71,8.6,105,32,235,,383,0,,
954,11/08/2025,1,85.8, Moderate,59.2,95.1,15.4,8,1.31,47.6,30.4,72.4,13.3,110,34,253,2,401,0,,
2140,09/11/2025,2,153.2,Unhealthy,91.2,164.2,30.6,15.4,2.96,70.9,22.4,46.6,8.5,97,30,218,2,342,1,,
1201,15/04/2023,2,125.4,Unhealthy for Sensitive Groups,76.1,142.3,32.5,16.1,2.74,39.4,31.4,57.9,11.2,105,31,236,2,376,0,,
3571,10/10/2023,4,108.5,Unhealthy for Sensitive Groups,68.8,105.9,24.2,6.4,1.45,55,26.4,49.7,14.8,36,11,85,1,134,0,,
2916,24/12/2024,3,97,Moderate,63.1,116.9,25.4,7.8,1.41,56.9,20.5,33.9,8.8,58,17,127,1,206,0,,
2301,19/04/2023,3,79.5,Moderate,51.7,77.9,14.5,5.5,1.19,36.5,25.5,53.6,12.1,41,12,94,,156,0,,
1757,22/10/2024,2,146.8,Unhealthy For Sensitive Groups ,98,182.9,46.8,15.7,2.74,36.3,22,59.6,6.7,94,28,206,2,,0,,
2607,19/02/2024,3,125.2,unhealthy for sensitive groups,72.3,124.4,34.4,6.2,2.77,60.4,21,29.1,3.6,52,16,117,1,185,0,,
1578,26/04/2024,2,123.8,Unhealthy for Sensitive Groups,71.7,114.6,22.9,6.5,1.33,40.6,33.7,50.2,13.9,90,28,212,2,338,0,,
2720,11/06/2024,3,41.3,Good,24.4,42.3,6.7,2.8,0.35,29.7,33,74.1,13.9,29,9,66,1,,0,,
2242,19/02/2023,3,134.1,Unhealthy for Sensitive Groups,83.3,138.4,28.2,14.4,2.36,59.2,16.8,33.8,8.3,59,19,140,1,220,0,,
3633,11/12/2023,4,174.1,Unhealthy,107.1,180.4,27.8,8.9,2.21,56.9,22.5,35.1,7.3,62,19,141,1,225,1,,
2775,05/08/2024,3,38.9,Good,24.5,44.8,6.5,3.8,0.61,24.4,28.6,81.9,12.2,26,8,63,0,93,0,,
1508,16/02/2024,2,181.9, Unhealthy,114.9,179.3,49.1,16.7,4.28,39.7,20.6,23.4,10,136,41,300,3,475,1,,
1498,06/02/2024,2,189.3,Unhealthy,115,176.5,43,17.1,2.99,50.5,20.9,32.5,15.2,142,44,321,,514,1,,
3435,27/05/2023,4,70.7,Moderate,43.8,73.3,10.8,3.8,1.15,32.6,31.5,74,9.9,32,10,73,1,115,0,,
2494,29/10/2023,3,97.1,Moderate,49.1,80,13.3,7.5,1.3,58.5,20.3,50.2,11.7,47,14,111,1,171,0,,
3444,05/06/2023,4,62.4,Moderate,40.4,72.5,8.6,4.6,1.34,56.3,33.8,91.8,10.8,27,8,61,0,97,0,,
539,22/06/2024,1,84.7,Moderate,47.3,76.8,12.4,10.2,1.7,60.9,33.1,75.1,14.4,130,40,292,2,468,0,,
1331,23/08/2023,2,74.4,Moderate,45.6,70.7,17.6,5.9,1.34,54.6,30.4,67.1,14.7,54,17,126,1,206,0,,
4096,18/03/2025,4,124.6,Unhealthy for Sensitive Groups,77.5,146,26.9,11.5,1.96,56,27.3,44.5,10.5,51,16,122,1,186,0,,
2500,04/11/2023,3,81.9,Moderate,57.1,108,17.6,6.7,1.45,45.2,19.1,44,19,37,10,89,1,141,0,,
1613,31/05/2024,2,74.5,Moderate,45.6,83.2,9.4,7.5,1.15,49.9,35,82,7.2,56,16,128,1,203,0,,
1489,28/01/2024,2,206.5,Very Unhealthy,135.7,212.4,52.3,18.3,5.71,45.7,23.4,20.2,,121,37,272,2,438,1,,
2019,11/07/2025,2,63.7,Moderate,37.7,61.2,14.5,5.1,1.15,71.9,38.5,80.7,9,58,17,134,1,205,0,,
1745,10/10/2024,2,106.8,Unhealthy for Sensitive Groups,66.2,120.8,17.2,8.5,1.31,58.6,25.8,54.9,3.8,81,24,179,1,294,0,,
4359,06/12/2025,4,167.8,Unhealthy,104.4,195.9,30.3,11.8,2.98,42,18.3,38.7,14.6,51,15,110,1,181,1,,
3096,22/06/2025,3,41.2,Good ,18.8,28.4,3,0.9,0.51,37.6,29.6,80.6,9.2,27,8,62,1,99,0,,
3840,05/07/2024,4,63.4,Moderate,34,60.8,12.5,3.7,1.07,48.2,31.8,82.6,16.1,25,8,52,0,85,0,,
4169,30/05/2025,4,69,MODERATE,44.6,70.6,8.2,7.6,0.7,41.3,31.2,73.3,12,29,10,65,1,104,0,,
3342,23/02/2023,4,153.8,Unhealthy,94,165,44.2,13,2.91,60.2,26.4,39.2,10,52,16,119,1,182,1,,
4335,12/11/2025,4,141.5,Unhealthy for Sensitive Groups,79.3,142.8,33.9,10.5,2.09,83.3,21.3,39,13.6,49,16,111,1,180,0,,
949,06/08/2025,1,99.5,Moderate,67,111,25.8,6.9,1.67,47.4,32.2,63.2,10.1,121,37,267,2,436,0,,
511,25/05/2024,1,111.7,Unhealthy for Sensitive Groups,69,116.4,23.2,9.8,1.96,59.2,32.7,71.9,4.3,160,49,366,3,577,0,,
1394,25/10/2023,2,148.4,Unhealthy for Sensitive Groups,87,155.6,31.7,14.3,2.94,43.7,27.2,47.4,12.6,94,28,211,2,342,0,,
1509,17/02/2024,2,178.6,Unhealthy,111,178.8,46.9,10.6,3.72,68.9,26,31,7.3,136,42,307,3,492,1,,
3082,08/06/2025,3,53.2,Moderate,26.2,43,9.3,2.1,0.76,40.1,27.9,72.1,13.5,24,8,61,0,97,0,,
3581,20/10/2023,4,86.7,Moderate,50.4,79.2,18.9,9.3,1.71,47,28.1,57.8,10.1,36,10,78,1,120,0,,
1332,24/08/2023,2,48.3,Good,39.7,75.4,17.5,1.6,1.51,42.9,36.4,75,8.5,60,18,139,1,218,0,,
1310,02/08/2023,2,61.1,Moderate,38.1,68.1,10.8,2.4,0.9,43.9,36.4,77.4,15.9,57,16,129,1,209,0,,
3829,24/06/2024,4,54, Moderate,32.5,49.1,11.8,6.6,1.2,40,30.6,83.8,8.1,26,8,61,1,94,0,,
2974,20/02/2025,3,118.5,Unhealthy for Sensitive Groups,71.8,115.2,19.7,8,2.27,43.1,15.4,31.7,12.4,49,16,114,1,173,0,,
3485,16/07/2023,4,54.5,Moderate,31.2,48.2,6.5,5,0.64,55.6,38.5,76.9,7.9,26,7,55,0,91,0,,
3542,11/09/2023,4,79.2,Moderate,43.9,75.3,10.8,6.3,1.45,54.3,30.7,71.4,12.7,32,10,76,1,122,0,,
3922,25/09/2024,4,83.5,Moderate,52,81.9,20.9,7,1.66,65.2,24.5,51.1,8.2,30,9,70,1,107,0,,
3260,03/12/2025,3,93.9,Moderate,62,105.3,25.3,6.8,2.31,66,17.1,28.8,10.1,47,14,110,1,,0,,
2813,12/09/2024,3,43,Good,30.3,52.5,15.4,2.3,0.61,39.8,24.6,60.6,7.2,33,10,74,1,122,0,,
2540,14/12/2023,3,107.1,Unhealthy for Sensitive Groups,68.5,122.6,23.9,10.7,1.86,25.6,12.4,32,5.8,59,18,131,1,,0,,
2670,22/04/2024,3,77.6,Moderate,48.5,85.7,17.9,6,0.96,49.3,24.9,62.3,10.4,112,35,257,2,412,0,,
3026,13/04/2025,3,58.5,Moderate,48.1,74.3,16.2,2.7,1.28,59,26.7,69.2,12.1,42,12,98,1,150,0,,
3338,19/02/2023,4,178,Unhealthy,106.3,173.7,36.4,11.5,2.66,42.6,23.1,33.9,5.6,55,18,130,1,207,1,,
3847,12/07/2024,4,51.4,moderate,30.3,45.4,9.2,4.8,0.71,47.8,36.3,77.3,4.3,26,7,56,0,87,0,,
664,25/10/2024,1,209,Very unhealthy ,135.4,219.1,64.5,13.3,3.11,55.4,19.5,,17.5,197,61,447,4,715,1,,
2823,22/09/2024,3,46.7,Good,39.1,70.1,14.6,0.6,0.86,34.6,26.4,64.9,11.3,32,10,76,1,121,0,,
574,27/07/2024,1,98.9,Moderate,,100.3,21.3,5.4,1.85,52.2,29.5,81.3,12.7,105,31,234,2,370,0,,
3690,06/02/2024,4,147.8,Unhealthy for Sensitive Groups,94.4,145.6,25.8,18.5,2.47,45.2,19.7,34,5.4,54,17,123,1,197,0,,
3046,03/05/2025,3,71.4,Moderate,42.4,73.8,19.2,6.1,0.84,53,27.6,61.1,14.1,36,10,85,1,136,0,,
4132,23/04/2025,4,84.4,Moderate,63.6,99.1,22.7,9.6,1.84,44.2,32.3,53.4,7.5,40,12,87,1,140,0,,
3793,19/05/2024,4,89.3,Moderate,53,91.5,21.2,5.7,1.27,57,32.4,78,13.2,34,9,74,1,118,0,,
3208,12/10/2025,3,69.8,Moderate,42.2,73.8,15.7,7.2,0.96,35.6,23.7,51.9,6.9,32,10,77,1,128,0,,
4022,03/01/2025,4,160.9,Unhealthy,108.1,201,30.3,8.2,2.79,56.4,15.8,37.8,14.4,62,19,135,1,217,1,,
3186,20/09/2025,3,66.1,Moderate,37.3,70.4,14.4,4.4,0.85,44.5,27.1,69.1,12.8,28,9,62,0,112,0,,
2188,27/12/2025,2,205.6,Very Unhealthy,122.8,210.9,53.1,11.3,4.29,65.8,22,28.5,14.7,132,40,301,3,477,1,,
3304,16/01/2023,4,146.4,Unhealthy for Sensitive Groups,88.3,132.8,31,16.6,2.65,33.4,16.7,28.2,15.5,53,16,120,1,199,0,,
2046,07/08/2025,2,56.6,Moderate,44.3,66.7,10.6,4,1.22,36.9,31.3,82.5,14.6,55,17,125,1,203,0,,
283,10/10/2023,1,189.5,Unhealthy,124.7,193.3,42.4,17.2,3.85,59.2,24.2,50.2,10,199,60,445,4,713,1,,
259,16/09/2023,1,155.3,Unhealthy,86.6,162.3,40,10.3,2.46,66.5,25.2,52.6,17.7,164,51,374,3,594,1,,
3940,13/10/2024,4,113.3,Unhealthy for Sensitive Groups,62.9,98.4,31.3,5.9,1.36,24.4,24.6,45.7,17.5,40,11,86,1,143,0,,
1812,16/12/2024,2,185,Unhealthy,122,191,41.5,18.5,2.63,65.3,22.4,31.3,18.2,118,37,271,2,434,1,,
1798,02/12/2024,2,175.7,Unhealthy,111.3,175.6,39.2,7.2,4.13,61.1,17.5,33.7,8.9,127,38,287,2,458,1,,
3799,25/05/2024,4,74.9,Moderate,43.8,73.4,13.4,0.7,0.8,37.1,31.2,75.1,6.6,32,9,69,1,114,0,,
726,26/12/2024,1,364.3,Hazardous,225.2,363.7,98.1,35.3,6.82,51,14.6,24.6,11.6,250,78,573,,914,1,,
1637,24/06/2024,2,70.4,Moderate,43.8,79.4,11.6,8.7,1.32,36.4,34.1,74.7,10.5,55,16,122,1,202,0,,
2919,27/12/2024,3,91,MODERATE,56.9,104.2,14.1,9.9,1.49,48.2,16,33.9,10.8,49,14,111,1,175,0,,
678,08/11/2024,1,263.5,Very Unhealthy,163.3,250.7,62.1,24.8,6.07,56.8,18.3,38.7,7.5,275,84,622,5,994,1,,
3192,26/09/2025,3,50.4,Moderate,32.1,49.9,10.5,5.1,0.95,38.4,24.3,67.6,6.8,34,10,75,1,122,0,,
1153,26/02/2023,2,191,Unhealthy,121.4,196.9,30.3,16.7,2.33,56.3,25.3,41.4,4.8,115,35,260,,419,1,,
1347,08/09/2023,2,80.1,Moderate,48,89.6,16.3,6,0.97,36.6,31.4,68.5,2.4,65,19,147,1,230,0,,
56,25/02/2023,1,244.9,Very unhealthy ,,293.5,63.3,23.2,5.51,61.8,21.4,42.3,6.6,239,75,542,5,865,1,,
3539,08/09/2023,4,76,Moderate,,80,18,4.8,1.79,45.9,30.6,72.1,7.5,28,9,59,0,94,0,,
1412,12/11/2023,2,176.2,Unhealthy,110.4,195.1,44.8,18.1,4.35,69.7,21.1,35.5,8.9,104,31,236,2,373,1,,
3394,16/04/2023,4,116.5,Unhealthy for Sensitive Groups,69,117,32.3,12.1,2.08,31.9,27.6,48.3,10.3,42,13,94,1,158,0,,
2215,23/01/2023,3,126.9,unhealthy for sensitive groups,79.7,120.7,26.2,7.6,2.87,38.8,11.3,40.2,16.4,63,20,147,1,235,0,,
86,27/03/2023,1,234.7,Very Unhealthy,145.9,251.8,36.1,20.3,3.23,76.8,24.7,64.7,7.5,232,73,523,5,841,1,,
2921,29/12/2024,3,123.4,Unhealthy for Sensitive Groups,75.1,131.2,28.9,6.7,2.46,32.5,15,40.3,8.3,46,14,106,1,170,0,,
1362,23/09/2023,2,99.5,Moderate,62.3,112.4,20.7,10.2,3.08,59.3,27.3,56.4,13.3,82,24,179,2,286,0,,
2936,13/01/2025,3,126.7,Unhealthy for Sensitive Groups,70.6,121.2,28.3,12,2.89,58.5,18,39.5,6.2,54,17,124,1,196,0,,
889,07/06/2025,1,71.4,Moderate,56.9,100.1,14.2,8.1,1.54,32.5,34.6,83.5,18.1,149,45,340,3,542,0,,
2955,01/02/2025,3,140.2,Unhealthy for Sensitive Groups,83.6,129.1,28,8.7,1.92,42.2,18.3,33.3,8.8,66,21,154,1,246,0,,
3828,23/06/2024,4,39.7,Good,28.6,44.7,11,4.2,1.13,18.2,36.8,66.7,8.7,28,7,64,0,96,0,,
1820,24/12/2024,2,211.5,Very Unhealthy,132,231.2,56.3,25.9,3.65,60.6,16.5,26.2,6.8,116,36,261,2,422,1,,
1973,26/05/2025,2,80,Moderate,44.4,76.5,16.6,4.7,1.58,32.6,35.3,74.5,16.1,71,21,156,1,254,0,,
2547,21/12/2023,3,120.9,Unhealthy for Sensitive Groups,71.5,127.5,29.2,11.2,2.7,29.6,14.6,33.6,,53,17,125,1,199,0,,
715,15/12/2024,1,295.3,Very Unhealthy,186.6,304.3,81.1,30.3,4.52,77.5,18.5,29.8,12.5,327,101,738,6,1175,1,,
4213,13/07/2025,4,40.7,Good,31.4,58.6,11.1,3.4,1.02,71.4,34.7,73.6,12.3,25,7,57,0,94,0,,
1057,22/11/2025,1,283.5,Very Unhealthy,182.6,293.2,50.8,26.3,5.1,45,18,51.8,11.6,358,109,793,7,1274,1,,
2287,05/04/2023,3,98.4,Moderate,55.5,93.2,18.9,6.6,1.35,47.7,26.2,55,11.3,39,13,93,1,143,0,,
4152,13/05/2025,4,84.3,Moderate,48.3,73.1,21.7,7.6,2.26,36.1,32.2,69.6,,34,11,81,1,129,0,,
2208,16/01/2023,3,114.8,Unhealthy for Sensitive Groups,69.1,124,31.1,9.9,2.01,41.9,13.6,29.7,16.7,60,18,136,1,218,0,,
2849,18/10/2024,3,75.5,Moderate,43.5,73.2,15,4.8,1.37,23.2,20.9,59.7,16.4,44,13,91,1,155,0,,
618,09/09/2024,1,146.5,Unhealthy for Sensitive Groups,88.8,149.1,27.5,16.6,3.32,49.3,29.5,69.9,14.8,144,43,327,3,519,0,,
3705,21/02/2024,4,129.8,Unhealthy for Sensitive Groups,86.3,139.9,42.3,15.2,2.04,51.7,23.5,45.3,7.6,57,17,126,1,202,0,,
124,04/05/2023,1,191.1,UNHEALTHY ,111.8,205.8,46.3,12.9,3.83,50.3,30.6,66.3,10.4,164,51,375,3,595,1,,
3955,28/10/2024,4,103.2,Unhealthy for Sensitive Groups,75.5,135.9,27.2,10.6,2.1,45.3,18.5,46,5.3,44,13,100,1,162,0,,
335,01/12/2023,1,277,Very Unhealthy,170.1,284.8,74.1,31.9,5.22,72.1,18.5,48.6,11,290,90,659,6,1049,1,,
4139,30/04/2025,4,93.2,Moderate,50.7,81.3,20.2,3.1,1.06,41.8,32.6,69.3,9.3,33,10,78,1,127,0,,
305,01/11/2023,1,222.9,Very Unhealthy,138.6,220,50.2,18.1,4.45,61.6,19.1,53.7,10.4,201,61,448,4,720,1,,
2773,03/08/2024,3,42.6,Good,26,45.2,7.7,0.8,0.59,40.4,30.7,76.8,16.3,26,7,60,0,91,0,,
981,07/09/2025,1,143.2,Unhealthy for Sensitive Groups,92.4,145.2,31,12.8,3.3,63.7,26.5,70.3,6.8,150,46,341,3,547,0,,
1408,08/11/2023,2,155.1,Unhealthy,93.4,145.8,41.6,12,3.46,60.5,26.5,48.8,9.1,108,33,239,2,382,1,,
2967,13/02/2025,3,130,Unhealthy for Sensitive Groups,84.9,138.6,26.5,13.2,2.52,41.4,18.6,36.3,6.8,57,17,126,,198,0,,
176,25/06/2023,1,93,Moderate,58.9,104.2,28.4,7.6,2.24,68.4,33,73.2,16.2,111,34,257,2,415,0,,
582,04/08/2024,1,67.8,Moderate,53.7,99.6,15.9,7.8,1.99,52,29.8,75.6,8.5,116,35,264,2,420,0,,
3109,05/07/2025,3,28.6,Good,20,37.5,1.2,2.8,0.87,43,30.9,84.8,4.9,26,8,59,0,92,0,,
1617,04/06/2024,2,68.3,Moderate,41.9,64.1,17.1,3.8,1.02,49.7,33.7,72.7,14.3,62,19,142,1,221,0,,
1195,09/04/2023,2,131.7,Unhealthy for Sensitive Groups,85.5,135.1,25.1,14.6,2.25,38.6,29.7,45.1,5.1,88,28,201,2,317,0,,
2877,15/11/2024,3,100,Unhealthy for Sensitive Groups,65.6,123.9,25.1,10.6,1.62,32,21.4,,14.4,43,13,101,1,161,0,,
4311,19/10/2025,4,99.2,Moderate,65,105.4,31.6,7.8,1.47,53.8,22.6,49.5,11.8,44,13,95,1,160,0,,
1825,29/12/2024,2,218.6,Very Unhealthy,131.3,204.1,38.6,22.6,3.13,54.4,17.2,23.7,4.9,148,45,328,3,537,1,,
1880,22/02/2025,2,183.3,Unhealthy,113.4,186.9,32.7,20.8,2.51,59.5,20.9,,17.8,114,34,257,2,405,1,,
1982,04/06/2025,2,65.1,Moderate,48.1,83.8,13.8,5.3,1.5,42.2,35.9,88.7,5.5,65,20,155,1,245,0,,
1862,04/02/2025,2,194.5,Unhealthy,123.1,207.9,27.1,12.9,3.45,48,21,42.7,20.3,148,45,332,3,,1,,
1351,12/09/2023,2,84.1,Moderate,50.8,83,16.6,3.7,1.38,28.5,31.3,76,5.5,72,21,159,1,253,0,,
4194,24/06/2025,4,40.6,Good,33.5,59.3,10.8,5.4,1.43,32.7,34.4,73.4,13.3,28,8,56,0,90,0,,
2975,21/02/2025,3,126.2,Unhealthy for Sensitive Groups,79.6,143.7,17.1,11.7,2.15,45.8,16.5,33.8,9,49,15,110,1,173,0,,
410,14/02/2024,1,244.3,Very Unhealthy,158.6,253.2,45.6,19.5,5.71,45.6,19,40.4,9,297,92,669,6,1069,1,,
676,06/11/2024,1,255.6,Very Unhealthy,159.9,268.4,68.5,20.9,3.35,48,21,47.8,14.2,239,74,528,5,853,1,,
298,25/10/2023,1,205.4,Very Unhealthy,126.6,212.5,34.7,11.3,3.05,58.5,21.6,43.3,18.9,215,66,485,4,777,1,,
926,14/07/2025,1,108.9,Unhealthy for Sensitive Groups,71.2,120.4,19.8,6.5,2.84,55.9,35.3,76.4,5.9,121,35,271,2,434,0,,
23,23/01/2023,1,321.7,Hazardous,201,344.4,69.2,22.3,4.66,52.9,22.2,28.9,3.4,293,91,662,6,1054,1,,
3350,03/03/2023,4,141.1,Unhealthy for Sensitive Groups,85.5,156.5,23.9,16.6,2.03,62.7,25.2,36.6,6.7,58,18,134,1,209,0,,
3179,13/09/2025,3,44.2,Good,31.5,58.8,9.6,1.2,0.93,37.5,29.1,61.3,4.4,28,9,67,0,95,0,,
729,29/12/2024,1,278,Very Unhealthy,175.1,303.5,50.2,17,5.33,48.3,16.9,31.1,11.2,363,112,811,7,1300,1,,
1308,31/07/2023,2,46,Good,36.2,67.9,17.4,2.3,0.72,56.9,31.2,80.4,9.7,54,15,123,,199,0,,
3412,04/05/2023,4,86.8,Moderate,54.9,99.9,16.8,9,1.47,63.9,31.5,73.6,7.6,39,12,86,1,142,0,,
672,02/11/2024,1,244.6,Very Unhealthy,,273.5,52.1,13.7,4.08,78.6,23,33.1,10.3,236,72,532,,848,1,,
1673,30/07/2024,2,63.5,Moderate,40.9,77.5,6.8,4.8,1.2,46.6,34.5,86.2,15.5,49,14,111,1,174,0,,
1200,14/04/2023,2,118.9,Unhealthy for Sensitive Groups,76.1,132.7,30.5,13,2.18,71.7,30.1,59.4,7.1,94,29,208,2,338,0,,
2230,07/02/2023,3,100.4,Unhealthy for Sensitive Groups,73.6,120.8,16.3,5.7,2.35,57.2,17.3,24.1,4.8,54,17,124,1,204,0,,
4368,15/12/2025,4,123.7,Unhealthy for Sensitive Groups,92.9,147.5,42.3,11.8,3.34,39.6,20.7,29.6,7.7,64,20,144,1,230,0,,
294,21/10/2023,1,152.1,Unhealthy,94.3,156.2,34.7,8,2.93,56.2,18.9,53.3,9,208,63,470,4,749,1,,
2250,27/02/2023,3,113.3,Unhealthy for Sensitive Groups,72.3,129.8,30.4,8.7,2.13,34.6,18.4,39,5.6,52,17,124,1,192,0,,
4155,16/05/2025,4,65.7,Moderate,43.4,78.9,18,6.3,1.02,44.2,33.4,71.8,12.6,32,9,77,1,113,0,,
127,07/05/2023,1,176.8,UNHEALTHY ,109.2,186.9,34.9,9.4,3.45,71.9,34,63.4,13.6,195,60,442,4,700,1,,
2580,23/01/2024,3,119.8,Unhealthy for Sensitive Groups,70.1,125.1,22.6,12.4,1.57,56.7,14.7,26.5,7.8,54,17,121,1,190,0,,
2248,25/02/2023,3,139.3,Unhealthy for Sensitive Groups,82,152.7,22.2,9.6,1.94,37.1,24,31.4,14.8,64,20,148,,226,0,,
3913,16/09/2024,4,49.1,Good,43.6,74.6,18.6,7,0.65,53.2,29.7,63.9,6.4,31,10,73,1,122,0,,
3745,01/04/2024,4,114,Unhealthy for Sensitive Groups,81.4,143.3,20.9,8.9,2.52,50,27.4,43.7,6.6,48,14,102,1,175,0,,
693,23/11/2024,1,304.9,Hazardous,189.1,339.5,89.5,33.7,6.68,60.9,16,35.9,0.5,271,83,605,5,969,1,,
4232,01/08/2025,4,63.4,moderate,30.9,50.4,5.5,3.2,0.69,33.4,34.9,86.7,11.6,23,8,56,0,96,0,,
687,17/11/2024,1,283.6,Very Unhealthy,179.8,305.6,64.6,21.7,6.5,43,18,42.8,15.5,259,80,579,5,926,1,,
818,28/03/2025,1,263.6,Very Unhealthy,158.3,296,71,17.5,5.48,56.8,28.5,39.8,15.6,249,77,561,5,897,1,,
217,05/08/2023,1,82.2,Moderate,60.5,100.9,16.8,0,1.43,60.3,30,,13.1,112,33,248,2,401,0,,
153,02/06/2023,1,105.5,Unhealthy for Sensitive Groups,59.6,111.4,23.5,5.1,2.02,46.3,36,76.5,14.2,139,43,319,,509,0,,
3826,21/06/2024,4,65.9,Moderate,35.2,62.6,11.9,3.4,1.48,43.2,39.1,68.5,1.5,26,9,62,1,98,0,,
1993,15/06/2025,2,63.9,Moderate,37.9,61.7,9.4,7,0.93,44.7,35.9,74.5,14.9,53,16,120,1,192,0,,
3334,15/02/2023,4,154.8,Unhealthy,84.7,149.7,15.4,11.7,2.9,50.6,23,29.9,4.9,54,16,119,1,196,1,,
4233,02/08/2025,4,52.3,Moderate,30.5,48.1,10.7,4.3,0.88,54.8,34.6,78.4,16,23,7,56,0,93,0,,
2009,01/07/2025,2,49.4,Good,30.9,49.2,13,7.2,0.9,45.9,38,80.3,11.3,54,16,117,1,188,0,,
479,23/04/2024,1,193.1,Unhealthy,115.6,185.1,53.7,12.8,3.46,74.6,28,53.3,11.4,201,61,454,4,720,1,,
1283,06/07/2023,2,57.1,Moderate,34.4,52.9,11.7,5,0.81,37,30.8,72.9,5.9,55,17,131,1,209,0,,
1605,23/05/2024,2,83.8,MODERATE,48.2,81.8,21.9,6.3,1.54,51.4,34.2,60.3,11.4,65,19,149,1,238,0,,
3228,01/11/2025,3,73.4, Moderate,44.9,70.1,22.3,5,1.19,46.4,18.9,43.1,3,42,13,94,1,153,0,,
1667,24/07/2024,2,62.6,Moderate,37.2,65.4,17.6,3.9,1.12,52.5,33.9,83.3,13,53,16,121,1,195,0,,
813,23/03/2025,1,254.6,Very Unhealthy,164.2,300.5,53.2,17.5,3.27,60.5,24.2,,7.5,275,85,616,6,999,1,,
251,08/09/2023,1,119.1,Unhealthy for Sensitive Groups,77.1,132.2,28.3,10.2,1.91,40.7,28.6,67.7,9.7,165,52,371,3,599,0,,
844,23/04/2025,1,207.7,Very Unhealthy,122.1,193.8,60.9,14.1,3.34,60.2,29.2,58.7,9.9,254,78,571,5,910,1,,
2126,26/10/2025,2,116,Unhealthy for Sensitive Groups,84.9,137.1,34.9,14.8,2.98,42.5,25.9,53.7,6.1,95,30,221,2,350,0,,
3057,14/05/2025,3,37,Good,32.3,60.1,2.8,2.3,0.77,47,29.4,65.4,7.2,35,10,74,1,126,0,,
3582,21/10/2023,4,105.8,Unhealthy for Sensitive Groups,,119.8,26.9,11.1,1.95,35.3,20.6,43.1,7.9,40,13,95,1,146,0,,
2033,25/07/2025,2,76.9,Moderate,35.8,62.2,10.9,2.4,1.13,35.6,35.3,77.4,8.5,47,13,104,1,172,0,,
968,25/08/2025,1,115.3,Unhealthy for Sensitive Groups,70.8,113,22.8,11.3,1.92,31.5,26.7,60.6,13.1,138,42,314,3,505,0,,
3901,04/09/2024,4,68.8,Moderate,43.7,82.7,13.3,5.8,1.05,33.7,32.5,,7.5,31,9,71,1,110,0,,
3678,25/01/2024,4,198,Unhealthy,126.8,201,44.9,19.6,4.54,71.4,20.2,38.2,9.8,64,20,142,1,231,1,,
973,30/08/2025,1,121.3,Unhealthy for Sensitive Groups,82.5,143.8,32,7.8,2.08,67.1,31.8,61.8,3,147,45,330,3,530,0,,
1897,11/03/2025,2,187.5,Unhealthy,118.2,178.3,28.2,22,2.63,50.2,27.2,51.3,11.5,141,43,320,3,514,1,,
2236,13/02/2023,3,132.1,Unhealthy for Sensitive Groups,85.4,128.2,27.2,8.7,2.25,53.9,19.6,31.6,11.2,63,19,143,1,231,0,,
247,04/09/2023,1,112.3,Unhealthy for Sensitive Groups,68.1,119.5,22.8,10.8,2.35,56.7,25.4,70.1,13.3,123,38,284,2,450,0,,
2705,27/05/2024,3,53.8,Moderate,,52.6,8.5,3.7,1.23,17.5,34.9,67.9,11.5,31,9,68,1,111,0,,
2204,12/01/2023,3,140.3,Unhealthy for Sensitive Groups,88.3,160,33.8,12.7,2.06,42.2,16.5,32.9,13.4,63,19,141,1,225,0,,
4362,09/12/2025,4,171.3,Unhealthy,108.6,184.3,36.7,14.2,2.45,61.1,18.1,30.8,12.1,61,18,130,1,211,1,,
3844,09/07/2024,4,45.9,Good,31.4,56.7,7.7,3.6,0.78,53,32.7,68.1,17.3,22,7,48,0,83,0,,
3252,25/11/2025,3,99.2,Moderate,60.9,103,23.1,9.7,1.59,44.1,14.8,,9.4,45,13,105,1,160,0,,
2332,20/05/2023,3,49.5,Good,37.3,68.7,18,6.4,0.88,34,29.4,55.2,7.1,35,10,82,1,136,0,,
3660,07/01/2024,4,179.4,Unhealthy,112.8,172.6,43.8,12.3,3.44,61.6,15.1,40.3,9.7,59,18,127,1,207,1,,
3309,21/01/2023,4,147.7,Unhealthy for Sensitive Groups,97.7,165,37.8,14.7,2.47,47.5,19,24.9,6,62,18,137,1,222,0,,
3636,14/12/2023,4,156.6, Unhealthy,102,153.1,33.5,15.8,2.31,65,21.2,27.8,8.1,60,18,137,1,211,1,,
1506,14/02/2024,2,197.6,Unhealthy,126.8,198.8,38.4,10.2,2.86,42.1,19.5,31.2,14.4,138,43,315,3,506,1,,
2952,29/01/2025,3,163.3,Unhealthy,93.1,175,34.9,13.5,3.06,32.9,15.2,23,8.3,48,14,108,1,178,1,,
1346,07/09/2023,2,88.3, Moderate,58.7,109.6,15.5,6.9,1.43,39.3,28.9,71.1,7.7,67,21,154,1,245,0,,
3801,27/05/2024,4,58.6,Moderate,34.6,63.8,14.9,9.1,1.04,52.4,31.1,76,16,27,8,62,0,102,0,,
976,02/09/2025,1,116.9,Unhealthy for Sensitive Groups,74.8,141.8,38.2,14.1,2.7,75.1,26.3,69.6,9.1,153,48,345,3,546,0,,
3645,23/12/2023,4,176.8,Unhealthy,121.3,209.7,37.9,18.4,4.22,51.6,17,33.2,7.5,61,18,134,1,221,1,,
1646,03/07/2024,2,49.7,Good,34.7,62.7,19.9,5.1,0.75,48.8,34.6,75.1,14.3,45,15,106,1,176,0,,
1680,06/08/2024,2,57.5,Moderate,38.9,59.3,16,5.7,0.93,34.7,32.2,71.9,9.6,51,16,121,,189,0,,
3446,07/06/2023,4,70,Moderate,40.8,70.4,18.4,4.3,1.14,33,31.3,84.9,11.9,31,8,71,1,114,0,,
123,03/05/2023,1,162.3,Unhealthy,101.7,157.4,26.9,14.2,2.34,62.5,30.4,55,7.9,179,54,403,,643,1,,
3121,17/07/2025,3,40.8,Good,21.7,36.3,7.4,4.8,0.67,45.8,29.1,76.4,10.5,26,7,57,0,93,0,,
1535,14/03/2024,2,150.5,Unhealthy,95.6,174.9,33.9,11.8,2.19,39.9,25.1,47.6,7.2,101,31,229,2,372,1,,
3877,11/08/2024,4,48,Good,33,58.6,13.6,3.4,0.89,26.9,33.3,77,11.9,24,7,55,0,86,0,,
4049,30/01/2025,4,149.6,Unhealthy for Sensitive Groups,83.2,134,24.9,6.7,2.3,63.5,21.1,25.2,16.5,55,16,125,1,197,0,,
3782,08/05/2024,4,70.4,Moderate,50,93.9,16.4,5.2,1.14,55.4,34.7,70.7,5.9,27,9,70,1,110,0,,
2101,01/10/2025,2,123.5,Unhealthy for Sensitive Groups,72.3,118,26.8,7.8,1.33,34,28.8,54.9,5.3,85,26,189,2,311,0,,
870,19/05/2025,1,150.9,Unhealthy,92.9,155.9,33.8,8.6,2.67,40,34.2,67.3,14,153,46,344,3,553,1,,
3889,23/08/2024,4,70,Moderate,37.6,70.3,9.9,4.3,1.67,30.4,27.4,74.3,12.4,27,7,58,0,97,0,,
1031,27/10/2025,1,256.8,Very Unhealthy,166.8,276.4,59.8,21.1,4.96,54.2,21.4,46.4,10,245,75,553,,881,1,,
2695,17/05/2024,3,50.4,Moderate,33.1,56.7,12.6,2.6,1.06,49.7,25.8,68.7,12.8,30,9,70,1,,0,,
757,26/01/2025,1,287.3,Very Unhealthy,181.6,334.1,54.5,18.9,6.29,57.9,17.5,35.2,6.5,387,119,865,8,1387,1,,
1999,21/06/2025,2,66.7,Moderate,38.4,61.5,18.8,2.1,1.38,55.6,35.7,86.2,11.5,56,17,132,1,207,0,,
1157,02/03/2023,2,195.4,Unhealthy,108.3,204.3,29.6,13.6,3.05,87.8,25.4,37.5,7.7,112,36,256,2,405,1,,
3157,22/08/2025,3,39.7,Good,24.1,38,5.6,2.2,1,31.1,27.5,71.5,8.9,28,8,66,1,102,0,,
2116,16/10/2025,2,143.9,unhealthy for sensitive groups,84.8,153,30.6,7.2,3.51,71.3,25,57.4,11.1,103,31,230,2,372,0,,
3590,29/10/2023,4,130.7,Unhealthy for Sensitive Groups,77.4,125.6,27.8,11.4,2.12,55.6,22.3,52,,43,12,94,1,153,0,,
333,29/11/2023,1,239,Very Unhealthy,156.1,275,54.3,23.7,3.2,51.6,15.7,38.2,5.7,264,81,589,5,940,1,,
1593,11/05/2024,2,90.7,Moderate,50,93.9,12,4.5,1.76,61.5,35.5,80,10.5,79,24,186,1,285,0,,
2385,12/07/2023,3,39.5,Good,24.4,45.2,14.6,3.2,0.31,30.7,28.3,77.3,12.5,27,9,61,1,99,0,,
2961,07/02/2025,3,141.4,Unhealthy for Sensitive Groups,83.9,154.3,18.7,11.4,3.03,64.4,17.3,25.4,12.6,55,17,122,1,194,0,,
1576,24/04/2024,2,79.6,Moderate,61.2,98.7,19,11.3,2.15,50.5,34.3,49.5,11.4,88,26,198,2,315,0,,
4255,24/08/2025,4,59.2,Moderate,33.1,57.7,13.7,4.7,0.61,56,29.8,,12.1,25,7,60,0,96,0,,
473,17/04/2024,1,189.8,Unhealthy,119,189.7,47,14.3,4.22,53.5,27.8,67.6,14,199,60,443,4,,1,,
902,20/06/2025,1,109.4,Unhealthy for Sensitive Groups,67.9,113.3,29.4,10.1,2.6,33.1,31.7,78.2,11.7,135,41,307,3,491,0,,
866,15/05/2025,1,171,Unhealthy,105.7,172.6,44.9,13.2,3.85,43.8,32.2,64.7,9.4,179,54,400,4,646,1,,
4193,23/06/2025,4,48.5,Good,31.3,53,5.5,4.9,1.06,47.3,31.4,78.8,7.3,23,7,54,0,90,0,,
2526,30/11/2023,3,109.8,Unhealthy for Sensitive Groups,71.4,120.9,32.5,8.1,1.72,37.5,14.6,45.1,9.5,52,15,120,1,185,0,,
1330,22/08/2023,2,60.5,Moderate,38.6,69.5,12.2,9.3,1.2,30.5,32.6,74.6,9.1,57,17,133,1,205,0,,
1343,04/09/2023,2,75.9,Moderate,52,97.2,11.6,10.1,1.57,62.1,33.7,62.5,3.3,62,19,139,,225,0,,
742,11/01/2025,1,359.8,Hazardous,224.5,425.2,67.9,36.3,5.3,57.6,20.9,45.6,12.8,279,86,629,5,1002,1,,
4262,31/08/2025,4,52.5,Moderate,39.1,69.8,19.3,3.1,1.65,62,26.8,75.5,10.3,32,11,72,1,120,0,,
1606,24/05/2024,2,74.2,Moderate,44.9,83.3,17.6,5.6,1.13,15.9,33.4,65.7,9.1,69,20,149,1,249,0,,
2181,20/12/2025,2,217.4,Very Unhealthy,132.4,244.9,48.6,22.4,4.78,65.2,19.3,34.5,10.6,134,41,298,3,481,1,,
4264,02/09/2025,4,71.5,Moderate,41.8,67.2,16.7,6.9,1.68,53.9,29.3,83.6,10.1,30,9,70,1,106,0,,
3030,17/04/2025,3,58.6,Moderate,38.2,66.2,15,3.6,1,22.3,29,63.8,17,45,13,96,1,156,0,,
3282,25/12/2025,3,82.1,Moderate,58.2,98.1,24.1,9,1.43,59.3,16.8,32.6,11.5,46,14,100,1,159,0,,
1629,16/06/2024,2,63.6,Moderate,42.8,65.3,15.3,5.7,1.45,53.8,35.3,76.9,10.5,53,16,119,1,193,0,,
4289,27/09/2025,4,85.9,Moderate,50.3,88.3,14.4,4.1,1.88,25.1,28.5,55.2,12.3,31,10,70,1,121,0,,
2439,04/09/2023,3,44,Good,27.1,50.1,10.5,3.4,0.68,53.4,26.3,73.2,12.7,27,9,63,0,97,0,,
1150,23/02/2023,2,165.5,Unhealthy,,170.3,36.5,10.1,3.27,89.1,28.9,31.7,17.2,113,34,258,2,416,1,,
3878,12/08/2024,4,65.6,Moderate,34,60.4,8.2,9,0.82,38.2,33.2,82.3,14.2,25,8,66,1,93,0,,
4044,25/01/2025,4,174.8,Unhealthy,102.7,182.2,44.3,18.1,3.02,53.6,20.6,28.2,,69,21,154,1,243,1,,
257,14/09/2023,1,148,Unhealthy for Sensitive Groups,89.5,166.6,33.4,10.2,3.04,62.6,26.5,62,8.7,142,43,321,,512,0,,
2599,11/02/2024,3,94.9,Moderate,69.8,112.6,22.3,5.7,2.24,66.5,18.2,35.3,11,53,15,118,1,198,0,,
634,25/09/2024,1,142.3,Unhealthy for Sensitive Groups,83.8,128.1,28.3,9.3,1.67,39.9,26.1,71.1,9.9,204,63,454,4,728,0,,
2947,24/01/2025,3,129.7,Unhealthy for Sensitive Groups,78.4,148.7,30.2,11.8,2.21,62.3,13.6,26,8.9,58,17,129,,213,0,,
2338,26/05/2023,3,59.9,Moderate,35.7,64.3,13.5,1.8,0.99,50.1,33.1,64.3,13.9,32,9,70,0,115,0,,
3836,01/07/2024,4,47.7,Good,31.2,56.7,8.9,4,0.67,22.6,32.7,78.8,9.1,25,7,58,1,88,0,,
778,16/02/2025,1,320.4,Hazardous,198.9,369.4,77.9,28,5.48,60.8,16.9,33.2,16.2,316,97,710,6,1128,1,,
4133,24/04/2025,4,89.3,Moderate,63.2,111.9,22.3,1.8,1.47,55.7,31.1,59.7,3.7,39,12,86,1,133,0,,
2102,02/10/2025,2,132,Unhealthy for Sensitive Groups,73.9,138.5,15.6,8.7,2.22,41.9,28.3,68.4,11.2,80,25,185,2,299,0,,
558,11/07/2024,1,79.7,Moderate,51.1,84.7,22.8,4.5,1.34,54.3,31.8,78.4,7.6,112,35,259,2,421,0,,
1851,24/01/2025,2,225.8,Very Unhealthy,141.4,239,48.7,18.1,5.73,52.8,20.2,23.6,7.7,154,47,341,3,553,1,,
1986,08/06/2025,2,70.6,Moderate,41.4,69.1,12.6,5.4,1.41,38,34,82.9,5.6,51,16,120,1,197,0,,
2089,19/09/2025,2,107,Unhealthy for Sensitive Groups,69.1,112.2,27.7,13.1,1.6,38.9,28.2,69.9,12.3,67,21,158,1,248,0,,
3462,23/06/2023,4,62.3,Moderate,30.9,53.3,13.2,1.3,0.97,48.2,34.7,75.6,10.4,27,9,58,0,97,0,,
3221,25/10/2025,3,77.6,Moderate,48.3,77.2,11.4,5.3,0.89,43.9,19.2,44.8,13.4,47,14,101,1,159,0,,
262,19/09/2023,1,133.1,Unhealthy for Sensitive Groups,88.4,134.7,34.5,8.6,3.55,20.6,25.4,58.1,9.5,159,48,358,3,570,0,,
2667,19/04/2024,3,267.6,Very Unhealthy,171.2,260.6,69.1,18.2,4.24,46.5,28.5,48.9,9,118,37,265,2,430,1,,
2132,01/11/2025,2,150,Unhealthy,90.6,138.2,29,15,2.45,34.7,23.9,42.2,2.3,108,33,242,2,388,0,,
3838,03/07/2024,4,46.4,GOOD,28,44.7,12.5,5,1.25,39.5,34.8,83.3,14.7,24,6,52,0,87,0,,
3872,06/08/2024,4,50.3,Moderate,31.1,52.1,4.3,1.4,0.65,42.2,33.8,76.2,12.7,28,7,62,0,97,0,,
3132,28/07/2025,3,26.1,Good,21.7,38.9,10.3,4.2,0.15,32.4,29.2,82.6,2.8,24,7,54,0,86,0,,
1890,04/03/2025,2,173.3,Unhealthy,111.7,194,46,15.9,3.61,52.6,27.4,37.6,5.5,126,39,282,3,454,1,,
3043,30/04/2025,3,79.4,Moderate,40.7,64.3,13.8,3.7,1.83,53.1,24.9,71.6,6.6,32,9,72,1,116,0,,
3245,18/11/2025,3,90,Moderate,66.2,99.8,25,8.3,1.67,32,19.7,55.6,12.5,40,12,94,1,143,0,,
2079,09/09/2025,2,77.9,Moderate,51.1,82.3,14.6,4.5,2.01,34.5,32.7,66,9.3,64,20,154,1,245,0,,
3388,10/04/2023,4,97.1,Moderate,65.1,108.9,19.3,9.2,1.39,58.5,27.4,47.6,15.9,40,12,93,1,141,0,,
3866,31/07/2024,4,51.6,Moderate,32.7,57.3,17,5,0.77,57.1,34.3,61.5,14.3,24,6,51,0,91,0,,
4237,06/08/2025,4,57.4,Moderate,31.9,48.9,13.3,6.8,0.52,37.4,35.4,81.2,13.4,25,8,57,1,97,0,,
209,28/07/2023,1,80.3,Moderate,50.2,77.3,15.9,9.1,1.5,38.1,34.2,80.4,7.5,110,33,251,2,401,0,,
4183,13/06/2025,4,46.8,Good,37.9,71.1,9.1,5,1.3,39.5,36.7,,6.4,26,8,57,0,95,0,,
1914,28/03/2025,2,170.2,Unhealthy,103.3,168.9,32.9,12.1,2.93,60.1,29.5,56.2,6,109,34,248,2,398,1,,
1607,25/05/2024,2,96.3,Moderate,61,92.4,23.6,10,1.58,31.7,34.8,69.7,4,66,20,153,1,235,0,,
1021,17/10/2025,1,215.5,Very Unhealthy,140.9,254.7,61,13.6,4.45,76.8,21.6,52.9,13.8,219,66,492,4,792,1,,
609,31/08/2024,1,119.3,Unhealthy for Sensitive Groups,65.1,104,19.1,6.7,1.82,35.5,34.2,72.9,12.1,147,45,340,3,536,0,,
1404,04/11/2023,2,118.6,Unhealthy for Sensitive Groups,77.5,119.8,29,12.3,3.41,60.2,21.6,43.5,16.3,98,30,226,2,365,0,,
3274,17/12/2025,3,107.3,Unhealthy For Sensitive Groups ,66.1,100.7,20.9,7.2,2.2,40.4,18.5,38,9.7,56,17,126,1,200,0,,
2727,18/06/2024,3,47.5,Good,,51.6,9.3,4.8,1.03,49.9,31.1,77.4,15.2,25,7,58,0,93,0,,
2097,27/09/2025,2,129.7,Unhealthy for Sensitive Groups,79,125.5,28.4,13.8,1.91,58,29.8,57.3,10.2,79,24,186,1,292,0,,
210,29/07/2023,1,93.1,Moderate,53.4,97.4,21.2,12.8,2.04,65.8,32.9,75.4,10.7,104,30,244,2,380,0,,
2942,19/01/2025,3,126.1,Unhealthy for Sensitive Groups,70.3,110.4,31.4,6.6,2.05,67.2,17.3,36.1,12.2,52,16,115,1,187,0,,
154,03/06/2023,1,107.7,Unhealthy for Sensitive Groups,67.3,126.1,21.2,8.4,2.4,33.6,33.9,77.4,14.2,137,41,313,3,488,0,,
3981,23/11/2024,4,131,Unhealthy for Sensitive Groups,82.9,140.4,37.1,11.9,2.65,71.2,23.3,42.1,9.4,46,15,106,1,178,0,,
1591,09/05/2024,2,99.2,Moderate,63.6,98.1,26.6,9.9,1.96,57.8,36.3,55.9,6.4,72,22,162,1,259,0,,
2443,08/09/2023,3,45,Good,35.1,61.2,8.6,7.4,1.1,47.3,24.3,74.9,18,32,9,75,1,117,0,,
1148,21/02/2023,2,177.9,Unhealthy,106,185.8,36.3,15,3.2,67.8,22.2,36.7,16.6,129,38,289,2,462,1,,
1968,21/05/2025,2,88.3,Moderate,50.8,89.9,16.7,5.4,1.82,23.9,31.7,71.8,9.9,65,20,151,1,242,0,,
3207,11/10/2025,3,72.3,Moderate,44.1,73.2,15,7.4,1.3,29.3,20.1,41.8,12.5,39,11,91,1,143,0,,
2317,05/05/2023,3,60.7, Moderate,36.5,66.7,9.5,6.5,1.45,44.2,30.8,71.4,10.6,47,13,104,1,164,0,,
2434,30/08/2023,3,45.5,Good,32.9,62.2,8,6.9,1.07,49.6,27,77.2,12.2,31,10,72,1,116,0,,
1634,21/06/2024,2,68.9,Moderate,39.2,66.8,14.8,7.1,0.85,44.6,34.3,73.3,8.7,66,20,148,1,236,0,,
2090,20/09/2025,2,108.2,Unhealthy for Sensitive Groups,66.7,117.7,22.6,8.6,2.53,58.1,29,61.1,8.8,77,24,177,2,282,0,,
598,20/08/2024,1,109.4,Unhealthy for Sensitive Groups,75.3,124.8,30.2,7.6,1.58,44.4,27.7,66.7,10,116,35,266,2,426,0,,
3138,03/08/2025,3,32.1,Good,19.8,35.1,6.4,5.1,0.53,37.9,31.5,76.6,11,24,6,56,1,90,0,,
1932,15/04/2025,2,130.7,Unhealthy for Sensitive Groups,84.5,160.4,34.8,6.1,2.56,61.4,32.3,53.8,5.5,107,33,241,2,381,0,,
1657,14/07/2024,2,72.2,moderate,36.9,57.6,16.1,7.1,1,15.7,32.5,73.5,11.2,51,15,122,,183,0,,
681,11/11/2024,1,273,Very Unhealthy,,311.3,71,15.6,4.82,55.1,19,41.9,9.5,270,83,609,5,976,1,,
3520,20/08/2023,4,75.8,Moderate,46.1,77.5,10.7,7.3,1.25,37.1,27,76,7.8,22,7,49,0,89,0,,
2573,16/01/2024,3,121.5,Unhealthy for Sensitive Groups,76.7,130.8,35.9,12.7,2.23,46.2,16.9,32.3,16.7,63,19,145,1,233,0,,
1566,14/04/2024,2,130.8,Unhealthy for Sensitive Groups,77.4,134,20.9,9.9,1.64,50.4,33,65.4,11.1,115,34,251,2,404,0,,
3461,22/06/2023,4,68.4,Moderate,36.2,67.4,16.7,2.2,1.04,23.6,35,76.9,8.6,26,7,65,0,94,0,,
1329,21/08/2023,2,81.4,Moderate,44.8,69.7,13.3,4.3,1.11,50.3,33.2,82.6,12.6,61,19,144,1,228,0,,
2088,18/09/2025,2,61,Moderate,42.9,74.1,13.5,4.4,0.86,48.1,27.4,59.9,8.8,70,21,160,1,253,0,,
3513,13/08/2023,4,61.3,Moderate,37.6,71,10.9,6.9,1.07,55.5,32.6,66.2,13.2,23,6,58,0,86,0,,
1519,27/02/2024,2,157,Unhealthy,97.9,154.3,39.2,9.9,3.34,56.5,24,39.1,14.6,104,32,238,2,379,1,,
3065,22/05/2025,3,53.3,MODERATE,27,43.5,15.2,3.6,0.9,51.1,29.5,,5.7,33,10,75,1,116,0,,
2288,06/04/2023,3,91.7,Moderate,56.5,95.7,19.6,6.8,1.69,55,27.1,50.7,12.6,48,15,108,1,172,0,,
3391,13/04/2023,4,104.4,Unhealthy for Sensitive Groups,69.6,110.2,14.5,9.1,2.17,57.5,29.1,55.3,12.9,42,13,91,1,147,0,,
222,10/08/2023,1,97.1,Moderate,61,98.9,26.7,6.1,2.08,70.8,30.9,79.5,9.6,114,34,262,2,415,0,,
3209,13/10/2025,3,46.9,Good ,37.5,68.8,17.1,4.6,1.61,49.3,25.1,67.3,7.9,42,13,91,1,153,0,,
226,14/08/2023,1,102.2,Unhealthy for Sensitive Groups,63,106.2,29,5.9,1.74,65.3,31.1,70.7,11.5,118,36,274,2,437,0,,
4322,30/10/2025,4,115.9,Unhealthy for Sensitive Groups,69.3,109.1,30.2,9.1,1.47,48.8,20.9,38.8,8.2,49,14,108,1,172,0,,
3764,20/04/2024,4,100.7,Unhealthy for Sensitive Groups,67.9,106.1,24.5,9.7,2.41,50.8,31.5,56.7,10.6,36,11,78,,122,0,,
2518,22/11/2023,3,101.1,unhealthy for sensitive groups,71.8,115.2,25.5,9,2.02,49.9,17.9,42.5,4.7,62,18,140,1,224,0,,
3376,29/03/2023,4,134.2,Unhealthy for Sensitive Groups,78.3,133,36.6,10.3,2.08,55.4,26.6,43.1,10.4,50,15,111,1,176,0,,
2394,21/07/2023,3,40.5,Good,23.1,40.6,7.1,1,1,25.2,32.2,83,10.9,29,7,67,1,103,0,,
1761,26/10/2024,2,127.1,Unhealthy for Sensitive Groups,84.4,142.7,22.3,12.2,2.12,47.3,24.4,50.6,14.3,88,26,200,2,313,0,,
1361,22/09/2023,2,105.2,Unhealthy for Sensitive Groups,60.1,105.3,21,6.4,1.81,48.7,24.9,57.2,14.9,67,21,160,1,249,0,,
2325,13/05/2023,3,55.9,Moderate,38.7,71.6,24.4,4.6,1.19,40.7,29.1,74.3,11.3,39,11,85,,142,0,,
4026,07/01/2025,4,181.1,Unhealthy,104.8,176.3,44.2,15,3.87,58.2,21.7,23.3,14.5,57,18,125,1,206,1,,
3605,13/11/2023,4,116.3,Unhealthy for Sensitive Groups,71.8,115.3,30.4,12.4,1.6,42.9,20.3,45.7,12.9,54,17,129,1,194,0,,
1493,01/02/2024,2,186.3,Unhealthy,118,202.1,43.1,8.4,3.41,80.8,22.3,38.3,5.1,114,35,261,2,414,1,,
3503,03/08/2023,4,46.5,Good,32.8,52.5,4.2,5.2,0.48,46.1,34,72,5,26,7,58,0,88,0,,
3523,23/08/2023,4,59.2,Moderate,41,65.8,12.6,2.2,1.24,59.4,34.7,59.7,11.8,33,9,72,1,112,0,,
2010,02/07/2025,2,78,Moderate,44.3,66.4,11,2.5,1.16,19.7,35.8,75.3,10.7,50,15,120,1,189,0,,
206,25/07/2023,1,76.4,Moderate,54.1,94.1,22.8,4.9,1.08,50.5,37.1,79.2,11.1,110,33,251,2,407,0,,
1028,24/10/2025,1,229.1,Very Unhealthy,145.8,221.2,61.1,22.8,4.96,61.9,23.8,52.6,15.8,196,59,447,4,703,1,,
4218,18/07/2025,4,45,Good,30.5,56.2,9.1,2.8,1.25,53.6,31.6,68,17.3,22,7,60,0,95,0,,
3715,02/03/2024,4,143,Unhealthy for Sensitive Groups,89.4,167.1,42.6,15,3.15,41.7,23.3,48.8,0.5,65,19,145,1,222,0,,
1047,12/11/2025,1,271.5,Very Unhealthy,159.7,256,66.3,18.3,6.23,40.1,19.3,44.3,,276,86,621,5,991,1,,
694,24/11/2024,1,214.5,Very Unhealthy,134.6,205.7,34.2,19.6,4.95,60.2,17.6,46.1,11.8,291,90,652,6,1035,1,,
3769,25/04/2024,4,125.6,Unhealthy for Sensitive Groups,71,108.5,21.6,6.7,1.37,44.5,32.9,55.1,12.2,40,12,92,1,143,0,,
3931,04/10/2024,4,121.1,Unhealthy for Sensitive Groups,78.7,135.5,29.4,12,2,56.2,28.5,57,13.3,36,10,91,1,132,0,,
3712,28/02/2024,4,198.3,Unhealthy,113.7,198.8,53.4,14.6,2.33,52.1,23.5,46.8,11.6,55,16,126,1,192,1,,
3349,02/03/2023,4,153.2,Unhealthy,94.5,143.4,30.9,14.7,3.31,49.3,21.7,41.8,4.8,48,15,110,1,176,1,,
1187,01/04/2023,2,136.2,Unhealthy for Sensitive Groups,86.9,163.3,44,10.1,1.93,52.2,22.8,45.4,10.9,100,30,231,2,369,0,,
1370,01/10/2023,2,128.1,Unhealthy For Sensitive Groups ,79,142.8,25,11,2.59,22.5,26.8,59.2,3.2,83,26,191,2,313,0,,
1908,22/03/2025,2,139.1,Unhealthy for Sensitive Groups,92.8,173.5,28.2,13.4,1.66,36.2,30.4,42.2,12.2,107,32,244,2,387,0,,
3222,26/10/2025,3,72.7,Moderate,48.7,75.3,14.5,6.4,1.94,46.7,20.9,47.8,12,41,12,86,,143,0,,
3479,10/07/2023,4,56.9,Moderate,30.3,50.8,11.5,3.1,0.93,53.8,34,78.9,11.7,24,8,53,0,88,0,,
17,17/01/2023,1,303.6,Hazardous,186.1,315.7,65.7,33.1,4.13,75.2,14,30.9,10.7,325,100,731,6,1171,1,,
2515,19/11/2023,3,129,Unhealthy for Sensitive Groups,82.7,150.3,21.5,10.2,1.89,48.8,17.8,37.5,9.4,49,14,110,1,171,0,,
3482,13/07/2023,4,49.6,Good,31.5,54.4,10.6,5.8,1.03,49,31.9,74.5,11.7,26,7,57,0,85,0,,
2206,14/01/2023,3,127.1,Unhealthy for Sensitive Groups,78.3,133.8,35.1,11.1,2.1,35.7,15.7,27.9,8.4,53,16,120,1,,0,,
2752,13/07/2024,3,42.8,Good,24.2,38.5,10.2,3.5,0.52,44.8,32.8,83.3,4,25,7,57,0,89,0,,
1487,26/01/2024,2,200.5,Very Unhealthy,117.3,204.1,48.9,19,4.61,56.6,24,32.9,4.3,142,44,323,3,517,1,,
1677,03/08/2024,2,38.7,Good,36.5,60.7,15.4,6.8,1.05,27.1,34.8,74.8,10.9,49,15,122,1,190,0,,
1185,30/03/2023,2,158.2,Unhealthy,97.5,149.9,40.4,10.6,2.84,60,30,46.4,17.1,94,29,212,,337,1,,
2354,11/06/2023,3,40.8,Good,26.8,44.1,10.9,1.8,1.08,44.7,31.8,76.5,5.4,30,9,71,1,110,0,,
657,18/10/2024,1,192.4,Unhealthy,120.2,221.5,42.5,18.1,4.57,33.4,23,40.8,6.6,198,61,448,4,710,1,,
1572,20/04/2024,2,114.9,Unhealthy for Sensitive Groups,79.4,133.6,38,13.6,2.33,43.8,32.6,75.1,12.1,91,28,212,2,333,0,,
1738,03/10/2024,2,103.8,Unhealthy for Sensitive Groups,61.9,101.5,23.7,12.6,1.8,49.7,24.1,59.8,3.9,78,23,179,1,285,0,,
1420,20/11/2023,2,147,Unhealthy for Sensitive Groups,93.1,161.9,37.4,7.8,2.51,51.1,22.6,52.7,17.6,130,41,300,3,473,0,,
400,04/02/2024,1,286.5,Very Unhealthy,173.6,269.3,59.6,19.1,6.24,61,20,24.8,16.3,328,102,731,6,1181,1,,
2847,16/10/2024,3,78.4,Moderate,47.2,88.1,14.1,7.5,1.91,48.4,18.5,50.6,9.6,41,12,91,1,146,0,,
2981,27/02/2025,3,92.4,Moderate,61.7,112.9,9.6,9.7,1.78,43,20.9,33.9,10,54,17,122,1,200,0,,
619,10/09/2024,1,126,Unhealthy for Sensitive Groups,82.3,144.5,21.1,7.5,1.54,62.1,28.4,81,13,140,43,312,3,506,0,,
509,23/05/2024,1,122.9,Unhealthy for Sensitive Groups,78.9,142.2,21.1,7.7,2.95,41.5,34.5,71.1,7.9,151,46,342,3,544,0,,
3964,06/11/2024,4,132,Unhealthy for Sensitive Groups,85.8,143.5,28.8,11.1,3.45,67.4,18.9,44.2,10,46,14,107,1,164,0,,
2785,15/08/2024,3,32.4,Good,23.9,41.9,11,3.4,0.21,27.1,31.4,,10.3,30,8,68,1,112,0,,
2848,17/10/2024,3,57.8,Moderate,37.1,64.9,7.4,5.9,0.7,54.6,20.7,62.9,8,34,8,80,1,123,0,,
2323,11/05/2023,3,44.6,Good,38,63.4,16.2,4.8,1.07,23.5,30.4,62.3,,38,11,85,1,138,0,,
3688,04/02/2024,4,173.9,Unhealthy,99.9,186.9,43.3,12.4,3.73,77.4,26.4,27.6,6.7,60,18,131,1,210,1,,
868,17/05/2025,1,139.6,Unhealthy for Sensitive Groups,91.5,156.3,21.3,11.9,3.23,62.5,34.3,65.7,12,165,51,375,3,601,0,,
2508,12/11/2023,3,99.2,Moderate,62.6,118.3,25,7.5,1.53,53,14.1,49.6,11.2,42,14,98,1,160,0,,
887,05/06/2025,1,129,Unhealthy for Sensitive Groups,87.1,152,29.4,8.5,2.36,44.2,29.9,78.6,9.6,135,41,303,3,,0,,
2111,11/10/2025,2,117.1,Unhealthy for Sensitive Groups,76.6,123,20.8,9.1,2.16,61.3,24.8,55.4,17.8,73,23,167,1,,0,,
600,22/08/2024,1,111,Unhealthy for Sensitive Groups,58.4,88.8,16.9,3.6,2.08,26.5,28.8,64.6,17.4,128,39,287,2,458,0,,
3397,19/04/2023,4,100.8,Unhealthy for Sensitive Groups,67.2,101.7,12.2,8.2,1.13,35.9,31.1,55.5,9,44,13,98,1,153,0,,
4177,07/06/2025,4,66.6,Moderate,36.2,54.4,13.5,5.3,1.14,51.9,33.3,74.2,8,28,8,65,1,96,0,,
458,02/04/2024,1,211.1,Very Unhealthy,127.9,200.5,52.4,20,2.8,54,25.8,53.1,9.3,241,75,545,5,878,1,,
3351,04/03/2023,4,152.6,Unhealthy,99.6,171.5,40.2,12.6,3.49,55,27.3,34.6,7.9,58,18,133,1,208,1,,
1118,22/01/2023,2,172.8,Unhealthy,117.9,200.2,37.8,12.6,2.86,45.5,19.3,22.4,6.7,142,44,325,3,509,1,,
871,20/05/2025,1,162.8,Unhealthy,94.8,178.4,31.5,20.1,2.58,44.1,32.8,70.9,12.7,165,51,377,3,597,1,,
791,01/03/2025,1,264.7,Very Unhealthy,168.3,284.5,53,14,3.65,44.4,19.7,32.3,8.9,296,91,669,6,1067,1,,
2261,10/03/2023,3,105.8,Unhealthy for Sensitive Groups,75.1,123.7,29.3,8.1,2.8,32.6,20.4,41.8,12.7,57,17,137,1,209,0,,
4007,19/12/2024,4,157.5,Unhealthy,,177.2,27.4,10.7,2.44,65.8,20.8,22.2,5,54,17,123,1,188,1,,
2809,08/09/2024,3,56.1,Moderate,36.4,68.6,13.1,6.9,1.26,47.1,24.1,64.5,2,30,9,65,0,103,0,,
955,12/08/2025,1,91.4,Moderate,62.7,103,15.9,5.8,2.71,45.7,28.4,58,9.6,130,40,300,2,478,0,,
651,12/10/2024,1,227.5,Very Unhealthy,147.3,236.2,57.8,20,3.99,57.3,22.2,49.4,17.7,178,54,402,,642,1,,
734,03/01/2025,1,322.7,Hazardous,195.3,360.2,87.7,29.9,6.3,60.3,15.8,36.3,14,336,103,753,7,1208,1,,
4293,01/10/2025,4,95.1,Moderate,62.2,104.9,10.6,5.3,2.28,55.6,29.1,63.4,14.1,37,11,79,1,127,0,,
380,15/01/2024,1,292.1,Very Unhealthy,181.5,286.6,53.9,19.5,4.49,66.1,16.6,31.1,10.1,307,94,687,6,1096,1,,
2613,25/02/2024,3,133.9,Unhealthy for Sensitive Groups,83.8,130.4,36.7,8.3,3.09,34.7,24.6,,,52,16,123,1,191,0,,
3249,22/11/2025,3,90.5,Moderate,54.4,93.7,20.3,5.1,1.57,81.2,18.5,35.5,15.4,46,14,99,1,,0,,
3837,02/07/2024,4,54.4,Moderate,30.7,58.3,13.9,4,0.68,24.7,34.6,77,17.1,25,7,53,0,85,0,,
957,14/08/2025,1,79.7,Moderate,65.4,116.9,23.5,4.7,2.29,45.8,29.6,82,10,117,35,268,2,429,0,,
2790,20/08/2024,3,36.3,Good,27,42.4,8.2,6.9,1.06,40.8,27.9,77.3,11.5,27,8,57,0,95,0,,
172,21/06/2023,1,82.7,Moderate,62.3,99.9,22.9,10,1.59,60.4,34.8,77.4,12.2,120,36,272,2,432,0,,
1945,28/04/2025,2,120.9,Unhealthy for Sensitive Groups,70.3,131.9,28.4,9.1,2.8,52.3,35.3,54.6,15.4,88,27,205,2,320,0,,
2280,29/03/2023,3,96.6,Moderate,58.4,107.8,22.5,7.4,1.98,37.3,25.5,59.6,8.6,46,14,105,1,173,0,,
660,21/10/2024,1,195,Unhealthy,131,212.6,52.6,11,3.72,52.3,22.6,53,15,209,63,467,4,743,1,,
2431,27/08/2023,3,57.6,Moderate,34.6,52.2,9.8,2.8,1.05,49.5,28,71.1,7.7,28,9,66,1,110,0,,
2529,03/12/2023,3,116.8,Unhealthy for Sensitive Groups,76.7,126.3,25.4,12.3,3.23,45.4,14.6,38.2,14.9,54,17,128,1,193,0,,
2121,21/10/2025,2,112,Unhealthy for Sensitive Groups,73.6,117.9,30.3,6.7,1.8,50.9,26.2,61.3,11.8,94,28,209,2,340,0,,
1095,30/12/2025,1,296.5,Very Unhealthy,194.6,346.9,79.6,27.7,6.52,73.4,17.7,34.5,9.6,337,103,753,7,1203,1,,
3907,10/09/2024,4,98.7,Moderate,52.1,79.2,18,8.8,1.39,17.1,31.9,67.7,11.5,30,9,65,1,112,0,,
3631,09/12/2023,4,139,Unhealthy for Sensitive Groups,88.8,145.8,38.8,11.6,2.02,59.9,21.7,36.9,12.3,53,16,121,1,188,0,,
2220,28/01/2023,3,110,Unhealthy for Sensitive Groups,69.4,117.4,24.6,10,1.88,46,15,32,17.9,56,17,124,1,201,0,,
643,04/10/2024,1,218.3,Very Unhealthy,138.1,242.4,49.5,18,5.36,31.4,24.5,58,18.4,201,62,457,4,729,1,,
169,18/06/2023,1,88.2,Moderate,60.2,95.5,18.4,8.1,1.65,16.7,32.9,73.4,11.5,113,35,264,2,420,0,,
1518,26/02/2024,2,170.7,Unhealthy,111.2,174.5,40.8,18.6,2.79,50.5,23.9,,9.1,108,32,245,2,384,1,,
1801,05/12/2024,2,173.1,Unhealthy,108.2,185.7,42.9,17.1,3.39,48.7,20.7,33.4,12.5,121,37,277,2,441,1,,
3893,27/08/2024,4,55.4,Moderate,41.6,67.6,10.9,4.3,1.47,47.1,29.4,86.2,0.5,28,8,64,1,98,0,,
1918,01/04/2025,2,143.3,Unhealthy for Sensitive Groups,85.9,154.6,22.3,10.3,2.03,65.4,26.4,48.7,2.6,116,35,266,2,415,0,,
273,30/09/2023,1,148,Unhealthy for Sensitive Groups,101.7,160.2,28.1,8.3,3.34,64.3,28.2,62.3,1.8,177,54,401,4,637,0,,
1216,30/04/2023,2,104.3,Unhealthy for Sensitive Groups,63.1,112.9,13.9,6.2,2.41,62.7,33.1,71.7,10.3,90,27,201,2,318,0,,
2469,04/10/2023,3,68.2,Moderate,42.2,77.1,23.8,5.3,0.92,18,22.5,58,,37,11,86,1,146,0,,
1119,23/01/2023,2,194.7,Unhealthy,121.9,204.2,50.1,17.9,3.01,82.5,23.1,31.8,14.6,152,46,343,3,544,1,,
3952,25/10/2024,4,111.8,Unhealthy for Sensitive Groups,73.8,121.3,24.9,9.9,1.99,47.9,19.5,46.7,9.3,46,14,101,1,165,0,,
4184,14/06/2025,4,49.3,Good,32.7,58.5,1.2,9.4,0.88,27.3,37.5,78.9,7.7,29,9,67,1,108,0,,
1067,02/12/2025,1,269.2,Very Unhealthy,169.4,271.7,59.6,15.9,4.89,75.2,19.6,40.8,8,338,104,752,7,1215,1,,
2105,05/10/2025,2,108.6,Unhealthy for Sensitive Groups,67.8,124.4,33.8,8.8,2.5,35.6,28.4,54.4,7.3,87,26,202,2,316,0,,
3176,10/09/2025,3,39.6,Good,26.6,46.2,9.3,4.5,1.18,62.2,25.3,62.6,,29,9,70,1,105,0,,
3708,24/02/2024,4,139.8,Unhealthy for Sensitive Groups,95.7,179,36.5,15.1,3.53,51.4,22,42.6,11.4,49,15,113,1,179,0,,
3670,17/01/2024,4,155.9,Unhealthy,103,175.6,30.7,8,3.13,53.5,23.1,26.7,4.6,52,17,123,1,200,1,,
3846,11/07/2024,4,40,Good,26.9,48,12.5,2.9,0.84,43,36.7,75.8,16.1,21,6,50,,73,0,,
1913,27/03/2025,2,152.2,Unhealthy,90.6,164,44,12.6,2.51,46.3,31.2,44.3,11.2,99,31,221,2,350,1,,
39,08/02/2023,1,257.5,Very Unhealthy,160.4,265.8,67.2,17.6,5.18,83.6,14.9,,1.5,320,99,717,6,1147,1,,
307,03/11/2023,1,217.4,Very Unhealthy,137,256.7,55.4,16.9,5.51,74.9,21.7,52.5,1.3,228,69,512,5,821,1,,
7,07/01/2023,1,287.7,Very Unhealthy,180.9,275,75.2,27.9,7.22,70.2,20.3,36.6,13.7,317,98,714,6,1138,1,,
3153,18/08/2025,3,36.2,Good ,21.6,34.7,9,3.9,0.7,34.9,31.6,71.2,11.8,26,8,57,0,93,0,,
2831,30/09/2024,3,59.1,Moderate,41.1,72.3,8.2,6,0.94,43,24,55.5,9.1,33,10,81,1,130,0,,
2457,22/09/2023,3,56.3,Moderate,34.4,54.7,7.6,6.5,0.76,29.5,30,64.4,19.4,31,10,69,1,110,0,,
2830,29/09/2024,3,74.2,Moderate,39.5,63.9,11.1,5.1,1.61,43.6,25.9,66,13.7,35,11,86,1,134,0,,
782,20/02/2025,1,306.9,Hazardous,187.2,321.9,74.4,16.6,6.53,70.3,19.3,34.2,5.9,312,96,704,,1122,1,,
1191,05/04/2023,2,127.8,Unhealthy for Sensitive Groups,77,130.8,31.4,13.1,2.01,46.8,29.3,52,4.9,96,29,218,2,349,0,,
535,18/06/2024,1,90.5,Moderate,54.1,99.6,9.1,2.8,1.54,60.2,32.7,78.7,11.8,120,36,268,2,431,0,,
584,06/08/2024,1,96.2,Moderate,55,99.5,20.5,3,1.88,62.2,33.7,72.8,9.3,98,30,224,2,351,0,,
3797,23/05/2024,4,83.2,Moderate,49.2,84.2,20.6,5.8,1.17,26.7,38.7,72.8,11.7,32,10,75,1,114,0,,
4376,23/12/2025,4,146.2,Unhealthy for Sensitive Groups,91.2,162.7,27.1,14.4,3.4,58,19.9,34.1,1.4,67,20,148,1,242,0,,
4048,29/01/2025,4,179.5,Unhealthy,117.1,216.1,54.5,16.7,4.62,52.9,20.9,26,11.9,58,19,132,1,212,1,,
3774,30/04/2024,4,83.2,Moderate,56.2,84.9,15.8,8.7,1.46,43.4,29.5,59.5,13.7,39,13,89,1,136,0,,
4239,08/08/2025,4,45.6,Good,31.6,49.6,10.6,2.3,0.77,63.8,30.7,68,10.6,26,7,60,0,96,0,,
3567,06/10/2023,4,97.5,Moderate,66.5,111.9,30.9,7.9,1.98,67.2,27.6,58.4,8.1,41,12,86,1,144,0,,
3400,22/04/2023,4,73.1,Moderate,46.7,83.3,8.6,4.9,1.15,57.7,30,55,7.5,43,11,97,1,157,0,,
3510,10/08/2023,4,45,Good,31.5,56.9,12.3,5.3,0.51,38.9,32.2,83.5,13.7,27,8,59,0,95,0,,
2862,31/10/2024,3,84,Moderate,55.3,103.6,10.8,6.5,1.69,67,22.2,46.6,,45,13,105,1,163,0,,
317,13/11/2023,1,244.6,Very Unhealthy,153.5,268.7,54.1,19.3,4.27,72.1,18.2,51.4,20.5,262,80,586,5,940,1,,
2198,06/01/2023,3,119.6,Unhealthy for Sensitive Groups,80.2,148.4,33.5,7.4,2.61,52.5,22.4,30.7,10.3,56,16,124,1,196,0,,
2415,11/08/2023,3,49.6,good,25.5,39.3,14.2,2.1,0.66,53.8,28,75.4,10.1,25,8,62,0,97,0,,
2565,08/01/2024,3,147,Unhealthy for Sensitive Groups,88.1,148.4,35.9,13.4,2.93,59.9,16.3,31.1,1.9,66,20,150,1,243,0,,
3895,29/08/2024,4,70.1,Moderate,42.1,68.2,13.2,8,1.62,27.6,33.6,58.4,9.6,26,8,60,0,97,0,,
4236,05/08/2025,4,53.1,Moderate,34.3,63.5,15.8,4.4,1.09,56.3,37.4,82,8.1,25,7,53,0,91,0,,
1795,29/11/2024,2,182.6,Unhealthy,,199.8,46.4,17.2,3.98,39.6,18.3,37.7,3,120,37,274,2,437,1,,
2582,25/01/2024,3,136.9,Unhealthy for Sensitive Groups,84.2,138.7,29.9,14.9,2.06,47.2,19.3,40.7,12,51,15,115,1,188,0,,
3530,30/08/2023,4,55.6,Moderate,40.9,68.5,12,5.8,1.1,52,30,64.1,5.6,24,8,63,1,,0,,
3458,19/06/2023,4,58.3,Moderate,36.2,63.9,11.9,9.7,1.09,48,35.5,77.4,1.3,28,8,65,,96,0,,
272,29/09/2023,1,176.1,Unhealthy,104.8,170.2,36.7,13.1,3.53,68.3,25.8,60.1,16.9,177,54,401,3,634,1,,
549,02/07/2024,1,109.6,Unhealthy for Sensitive Groups,62.7,112.7,23.3,8.3,1.38,35,36.1,84.7,0.5,116,36,267,2,421,0,,
1693,19/08/2024,2,60.3,Moderate,39.3,74.3,13.8,5.5,0.86,34.3,31.4,71.5,14.1,53,15,117,1,192,0,,
1720,15/09/2024,2,76.2,Moderate,47.1,86.4,21.3,4,1.79,45.1,28.7,64.7,16.8,76,23,166,1,262,0,,
3013,31/03/2025,3,80,Moderate,50.9,90.9,23.8,7.9,1.28,42.7,24.5,59.8,7.8,44,14,105,1,168,0,,
4246,15/08/2025,4,57.3,Moderate,32.4,50,18,2.2,0.58,49.4,31.4,75.4,9.3,28,7,60,0,96,0,,
608,30/08/2024,1,145,Unhealthy for Sensitive Groups,80.9,146.5,30.9,14.7,1.99,47.3,29,69.2,,135,41,305,3,487,0,,
2391,18/07/2023,3,47.2,Good,26.5,47.8,2.6,5,0.43,20.2,29.5,80.7,5.8,25,7,57,0,91,0,,
599,21/08/2024,1,110.3,Unhealthy for Sensitive Groups,72,135.2,17.7,13.6,1.46,35.1,28,71.8,14.5,126,38,285,3,461,0,,
1690,16/08/2024,2,41.6,Good,35.9,62,19.9,3.3,1.59,36.3,35.3,87.3,13,55,16,125,1,199,0,,
895,13/06/2025,1,119.6,Unhealthy for Sensitive Groups,69.2,126.3,32.3,9,3.15,40.6,29.9,71,6.6,133,40,298,,480,0,,
4130,21/04/2025,4,88.2,Moderate,60.2,102.9,23.8,8.3,1.6,49.7,29.8,64.2,3.6,38,12,87,1,140,0,,
1776,10/11/2024,2,128.9,Unhealthy for Sensitive Groups,84.4,153.9,35,9.3,3.38,75.7,21.7,50.3,4.8,101,31,229,2,363,0,,
571,24/07/2024,1,73.2,Moderate,49.2,80.8,19.5,8.6,2.18,83.4,27.6,80.3,6.3,110,33,248,2,398,0,,
2000,22/06/2025,2,54.1,Moderate,34.7,63.3,15.2,4.6,1.07,23,33.6,73.7,13.5,59,18,130,1,211,0,,
2123,23/10/2025,2,134.7,Unhealthy for Sensitive Groups,84,139.6,38.8,14.7,2.01,63.8,23.3,45.4,10.4,85,26,200,2,317,0,,
62,03/03/2023,1,243.7,Very Unhealthy,155.6,294.1,45,24.9,3.25,69.2,19.9,32.5,13.2,248,77,566,5,902,1,,
1248,01/06/2023,2,74.5,Moderate,42.5,70.3,18,4,0.88,25.2,35.7,76.9,9.5,64,19,146,1,232,0,,
1260,13/06/2023,2,85.8,Moderate,46.7,79.6,13.6,8.2,1.81,37.3,35.8,68.7,13.2,55,16,129,1,207,0,,
810,20/03/2025,1,277.7,very unhealthy,167,280.9,44.5,25.6,4.28,65.7,24.1,42.6,7.2,273,84,614,5,985,1,,
2293,11/04/2023,3,72.9,Moderate,50.5,89.1,19.4,7,1.04,67.7,25.3,64.3,6.8,48,15,107,1,172,0,,
1050,15/11/2025,1,291.8,very unhealthy,179.8,339.2,63.3,33.7,6.53,46.6,19.3,40.6,14.6,264,81,603,5,950,1,,
4318,26/10/2025,4,100.2,Unhealthy for Sensitive Groups,61.9,96.6,24.2,7.9,1.48,64.1,23.4,40.6,13.4,40,12,93,1,147,0,,
3553,22/09/2023,4,100.3,Unhealthy for Sensitive Groups,55.2,91,18.1,6.6,1.71,82.1,24.1,65.4,6.9,34,10,76,1,117,0,,
3295,07/01/2023,4,167.9,UNHEALTHY ,102.9,173.4,42.2,14.2,3.52,47.6,17.5,34.4,11.1,57,18,133,1,212,1,,
108,18/04/2023,1,173.7,Unhealthy,111.7,173.6,42.3,13,3.66,75.3,23.5,63.1,14,188,58,424,4,682,1,,
2154,23/11/2025,2,152.4,Unhealthy,95.6,175.4,30,12,3.01,70,21.6,33.7,9.1,115,35,261,2,414,1,,
674,04/11/2024,1,217.1,Very Unhealthy,132.1,234.2,58.6,17.2,3.46,55.3,21.3,42.5,5,270,82,598,5,959,1,,
2691,13/05/2024,3,44.1,Good,34.3,56.3,9.8,5.9,0.78,44.6,29.6,69.9,3.7,35,11,81,1,133,0,,
3819,14/06/2024,4,55.4,Moderate,36.1,59.1,14.8,5.5,1.14,52.1,35.3,73.7,3.5,22,7,48,0,81,0,,
666,27/10/2024,1,194.3,Unhealthy,118.3,191.2,42.6,21.5,3.92,52.7,21.3,41.9,14.3,216,67,482,4,783,1,,
510,24/05/2024,1,148.8,Unhealthy for Sensitive Groups,86.5,133.1,30.2,14,1.98,45.6,29.9,,2.4,188,57,420,4,677,0,,
2180,19/12/2025,2,186.9,Unhealthy,117.9,217.6,42.2,12.1,3.06,60.2,19.4,29.6,,130,41,290,2,470,1,,
1641,28/06/2024,2,54.4,Moderate,37.7,63.5,11.2,2.8,1.04,48.3,34.5,76.6,15.1,53,15,120,1,199,0,,
2493,28/10/2023,3,84.4,moderate,48.4,78.1,20.7,7.1,1.25,45,14.9,44.9,12.2,44,13,105,1,164,0,,
4157,18/05/2025,4,85.7,Moderate,55.6,85,25.3,8.2,2.35,15,33.4,86.1,11.5,34,11,75,1,128,0,,
1533,12/03/2024,2,151.5,Unhealthy,94.5,160.3,24.7,14.3,2.89,63.9,27.6,39.9,10.8,104,32,238,2,381,1,,
867,16/05/2025,1,143.7,Unhealthy for Sensitive Groups,83.5,153.5,30.3,14.5,2.71,62.2,33,73.7,5.3,178,55,404,3,641,0,,
1856,29/01/2025,2,206.1,Very Unhealthy,124.2,202.3,47.1,21.1,2.62,48.5,25.3,34.9,12.5,139,44,318,3,511,1,,
1737,02/10/2024,2,117.8,Unhealthy for Sensitive Groups,71,130,18.6,10.4,2.9,47.8,27.3,59.8,,85,26,195,2,315,0,,
212,31/07/2023,1,83.8,Moderate,48.4,83.5,18.7,7.6,1.61,42.7,31,86.4,14.7,102,31,238,2,377,0,,
3148,13/08/2025,3,23.6,Good,22.2,41.6,10.7,2.2,1.15,69.9,29.3,74.1,11.7,24,8,58,0,99,0,,
1061,26/11/2025,1,288.1,Very Unhealthy,181.2,324.1,54.8,22.1,4.69,75.1,16.9,43.7,9.2,311,95,696,6,1103,1,,
2257,06/03/2023,3,96.2,Moderate,62.1,105.4,16.5,10.1,1.53,57.7,19.7,49,5.1,55,16,126,1,,0,,
2106,06/10/2025,2,114.8,Unhealthy for Sensitive Groups,70.6,124.5,19.1,12.8,1.99,39.6,26.2,58.2,15.5,69,20,158,1,253,0,,
3269,12/12/2025,3,125.2,Unhealthy for Sensitive Groups,77.2,127,28.5,11.1,2.36,53.2,17.2,30.7,10.7,51,15,114,1,192,0,,
4221,21/07/2025,4,33.2,Good,28.7,44.7,14.8,7.4,1.04,58.6,34.8,79.4,7.4,23,7,56,,83,0,,
2900,08/12/2024,3,108.3,Unhealthy for Sensitive Groups,65.4,116.8,19.4,12,2.19,48.2,17.7,36.7,7.3,49,15,110,1,173,0,,
1974,27/05/2025,2,70.7,Moderate,37.9,65.7,12.6,1.4,1.48,38.5,36.4,75.5,12.4,69,21,156,1,252,0,,
590,12/08/2024,1,110.2,unhealthy for sensitive groups,75,119.1,29.4,13.1,2.28,32.1,28.3,73.7,7.9,114,35,255,2,404,0,,
4037,18/01/2025,4,151.8,Unhealthy,92,138.1,38.7,11.3,2.41,49.2,16.5,,4.8,56,17,128,1,198,1,,
3820,15/06/2024,4,35.7,Good,29,44.7,9,3.3,0.88,43.6,31.1,75.5,7.9,28,9,68,1,109,0,,
1502,10/02/2024,2,200.2,Very Unhealthy,116,196.1,52.1,13.5,2.7,55.6,22.9,37.9,14.5,141,43,319,3,506,1,,
87,28/03/2023,1,195.5,Unhealthy,131.7,233.1,41,17.8,4.62,63.1,24.9,59.3,16.9,231,71,518,5,833,1,,
647,08/10/2024,1,197.7,Unhealthy,126.7,207.7,31.5,13.2,2.65,74.8,24.7,54.7,14.1,204,62,464,4,735,1,,
772,10/02/2025,1,362.1,Hazardous,221.1,345.4,58.7,21.3,7.11,71.9,17.5,44.2,18.4,285,88,636,6,1018,1,,
3407,29/04/2023,4,119.8,Unhealthy for Sensitive Groups,72.1,111.2,18.4,11.6,1.58,44.3,29.2,60.5,13.6,32,10,75,,125,0,,
3766,22/04/2024,4,115.8,Unhealthy for Sensitive Groups,63.9,109.7,17.7,9.5,2.09,44.7,31.8,58.7,,37,12,85,1,144,0,,
1250,03/06/2023,2,66.8,Moderate,46.2,70.8,17.5,4.6,1.64,25,33.4,72.2,4.9,64,19,143,1,233,0,,
709,09/12/2024,1,285.5,Very Unhealthy,,275.9,51.3,14,4.19,57.1,17.4,29.8,10.7,278,85,625,5,997,1,,
3158,23/08/2025,3,46.6,Good,25.4,45,4.8,2,0.61,40.3,31.4,72.2,8.9,26,9,60,1,98,0,,
2473,08/10/2023,3,62,Moderate,44.8,73,11.1,7.1,0.72,60.9,21.5,48.1,5.9,41,12,87,1,138,0,,
3806,01/06/2024,4,52.6,Moderate,38.9,61.3,8,3.3,0.83,55.4,34.9,83.8,4.1,31,9,70,1,115,0,,
3914,17/09/2024,4,95.9,Moderate,60.1,108.9,21.2,9.2,2.08,44.2,28.2,81.5,8,35,10,77,1,122,0,,
2478,13/10/2023,3,74.4,Moderate,44.9,72,22.4,7.6,1.61,27.3,23.4,56.5,13.5,36,10,79,1,127,0,,
2587,30/01/2024,3,119.3,unhealthy for sensitive groups,74.2,133.4,22.1,10.6,2.38,50.5,16.4,31.7,5.4,58,18,134,1,212,0,,
1861,03/02/2025,2,220.9,Very unhealthy ,129.1,242.3,51.2,15.8,3.65,45.8,21.6,31.9,10,130,41,292,3,470,1,,
4064,14/02/2025,4,146.6,Unhealthy for Sensitive Groups,97.8,172.3,45.6,15.3,2.53,56.8,20,26,4.5,54,17,125,1,191,0,,
2129,29/10/2025,2,147.5,Unhealthy for Sensitive Groups,96.2,179.5,31.1,16.2,2.68,18,25.3,,13.7,95,31,222,2,360,0,,
710,10/12/2024,1,311.2,Hazardous,199.4,344.5,51,25.4,4.38,70.1,15.5,39.2,17.7,278,85,627,6,1001,1,,
4060,10/02/2025,4,174.5,Unhealthy,99.6,170.5,31.7,8.9,3.79,62.1,24.6,33,8.9,48,15,101,1,179,1,,
419,23/02/2024,1,284.2,Very Unhealthy,175.4,272.3,64.7,15.2,6.45,78,17.2,40.8,12.3,299,93,667,6,1074,1,,
1462,01/01/2024,2,188.7,Unhealthy,116.3,196.4,49,17.7,3.36,49.1,22.2,26.8,11.3,139,43,313,3,496,1,,
1485,24/01/2024,2,202.7,Very Unhealthy,126.6,196.5,56.7,18,4.83,52.2,19.3,30.5,10.8,137,42,304,,491,1,,
2546,20/12/2023,3,94.4,Moderate,70.2,115.1,21.9,8,2.35,50.6,17.9,30.2,13.9,56,17,123,1,200,0,,
3122,18/07/2025,3,19.7,Good,21.5,37.2,6.1,3.9,0.69,17.5,32,79,9,27,8,60,0,,0,,
231,19/08/2023,1,88.6,Moderate,55.1,96.2,16.1,2.3,2.14,23.8,29.8,71.8,,140,43,319,3,508,0,,
1357,18/09/2023,2,115.8,Unhealthy for Sensitive Groups,74.2,134.5,26.3,8,2.6,63.1,29.2,72.3,11.5,78,23,176,1,276,0,,
3012,30/03/2025,3,83,Moderate,53.3,95.8,24.5,8.2,1.41,44.6,24.8,51.1,9.3,50,15,112,1,185,0,,
852,01/05/2025,1,180.5,Unhealthy,108,172.4,34.1,11,3.91,55.9,27.9,60.5,6.2,190,59,429,4,688,1,,
1005,01/10/2025,1,183.6,Unhealthy,115.8,188.3,39.6,14.4,4.43,66.8,27.7,51.6,8.5,183,56,417,4,668,1,,
1997,19/06/2025,2,60.4,Moderate,43,68.7,17.3,6.3,1.13,15.1,36.3,83.2,11.7,60,18,127,,213,0,,
1835,08/01/2025,2,202.5,Very Unhealthy,126.7,210.4,49.2,19.1,4.05,53,21,29.4,10.6,150,46,342,3,543,1,,
3754,10/04/2024,4,99.2,Moderate,65.9,103.1,27.8,10.7,2.18,56.2,29,49.3,17.7,42,13,93,1,156,0,,
437,12/03/2024,1,231.8,Very Unhealthy,153,258.8,52,19.6,4.69,52,21.6,47.1,11.9,228,70,515,5,823,1,,
1317,09/08/2023,2,57.8,Moderate,42.2,79,21.4,5.6,1.49,57.5,31.2,69.9,14.2,50,15,120,1,185,0,,
3328,09/02/2023,4,152.7,Unhealthy,98.5,184,37,11.6,3.71,49.8,19.8,27.9,10,54,17,122,1,200,1,,
1624,11/06/2024,2,58.2,Moderate,45.4,86.1,13.7,5,1.43,51.4,35.1,69.9,6.9,59,18,139,1,206,0,,
1481,20/01/2024,2,179.4,Unhealthy,114.8,211.2,42.1,14.9,4.02,68.9,20.3,20.8,10.7,146,44,322,3,521,1,,
1649,06/07/2024,2,52.1,Moderate,39.4,61.7,8,3.2,0.88,28.2,38.9,92.3,9.9,52,15,116,1,196,0,,
1004,30/09/2025,1,198.8,Unhealthy,121.8,208.6,32.4,7.4,4.78,53.2,26.5,58.5,11.2,194,59,432,4,694,1,,
1279,02/07/2023,2,55.6,Moderate,37.7,65.3,17.4,3.6,1.26,44,37.1,80.8,8.7,60,17,137,1,216,0,,
3081,07/06/2025,3,41.3,Good,28.2,45.8,6.9,3.6,0.74,43.7,31,66.7,6.9,27,8,62,0,102,0,,
1824,28/12/2024,2,217,Very Unhealthy,133.4,223,45.9,15.3,3.2,45.8,20.4,30.5,5.3,134,42,307,3,491,1,,
3859,24/07/2024,4,44.3,Good,,52.2,14.3,5.1,1,34.3,36.1,89.2,8.7,20,7,49,0,75,0,,
4337,14/11/2025,4,122.9,Unhealthy for Sensitive Groups,,128.9,26.7,6.8,2.79,56.9,20.5,55.3,12.6,47,14,105,1,171,0,,
1837,10/01/2025,2,208.5,Very Unhealthy,127,230.8,36.3,16.5,2.86,54.8,23.6,36.9,14.1,132,41,301,3,487,1,,
476,20/04/2024,1,178.1,Unhealthy,115,184.6,50.2,12.9,3.89,60.7,26.2,70.1,8.3,206,63,464,4,746,1,,
2353,10/06/2023,3,53.1,Moderate,29.9,54.4,11.1,4.5,0.84,47,33.9,78.5,8.1,30,9,69,0,110,0,,
2283,01/04/2023,3,109.3,Unhealthy for Sensitive Groups,68.5,106,19.4,14.4,1.17,47,25.2,53.6,6,47,13,107,1,166,0,,
3147,12/08/2025,3,28.1,Good,24.8,43.3,7.7,0,1.06,37,29.9,72.5,8.1,22,7,52,0,89,0,,
3490,21/07/2023,4,52.4,Moderate,30.3,49.2,10.7,3.7,0.89,35,31,73.6,10.1,21,6,53,0,78,0,,
1547,26/03/2024,2,140.6,Unhealthy for Sensitive Groups,86.6,159.7,31.8,15.3,2.1,41.3,27.4,50.4,6.9,113,34,257,2,404,0,,
336,02/12/2023,1,257.9,Very Unhealthy,149.7,238.2,53.1,23,3.33,82.1,15,32.6,2,263,79,580,5,932,1,,
3044,01/05/2025,3,45.4,Good,,58.4,7.2,7.7,1.05,32.4,28.6,61.1,,43,13,95,1,147,0,,
2618,01/03/2024,3,77.8,Moderate,50.3,77,17.6,6.7,1.59,40.4,14.3,43,8.1,51,16,113,1,183,0,,
89,30/03/2023,1,232.3,Very Unhealthy,142.6,214,39.8,11.5,5.03,61,25.2,50.7,16.3,246,75,552,5,880,1,,
875,24/05/2025,1,101,Unhealthy for Sensitive Groups,71.5,121.3,33.8,8.3,1.33,43.4,32.1,75.1,15.6,150,45,342,,544,0,,
1834,07/01/2025,2,193,Unhealthy,123.2,208.4,52.7,17.5,3.79,69.6,20.7,33.3,11.5,118,35,260,2,426,1,,
544,27/06/2024,1,99.9,Moderate,59.1,110.8,22.8,4.5,1.76,47.5,30.7,89.7,13.7,106,32,242,2,387,0,,
1242,26/05/2023,2,81.9,Moderate,48.8,89.6,21.9,3.1,1.67,41.6,35.3,63.9,9.3,70,21,161,1,257,0,,
3001,19/03/2025,3,110.9,Unhealthy for Sensitive Groups,63.7,105.8,17.7,8.8,2.12,44.8,22.5,54.4,2.3,47,14,106,1,174,0,,
2761,22/07/2024,3,32.7,Good,23.9,39.1,6.3,2.9,0.78,15.7,29.7,78.8,8.8,26,6,58,0,97,0,,
1984,06/06/2025,2,71.7,Moderate,41.2,76.8,14.6,6.4,1.89,49.6,35.1,78.3,10.6,63,21,147,1,233,0,,
1881,23/02/2025,2,179.6,Unhealthy,113.3,183.8,44.7,16.9,4.04,64.1,23.5,32.3,10.4,125,37,278,2,445,1,,
4120,11/04/2025,4,107,Unhealthy for Sensitive Groups,68.3,115.3,24.4,8.3,2.07,60.2,29.8,48.4,15.9,41,12,89,1,148,0,,
4339,16/11/2025,4,138,Unhealthy for Sensitive Groups,87.2,157.4,40.8,15.4,2.56,63.5,20.2,45.6,8.8,49,15,119,1,177,0,,
3973,15/11/2024,4,133.9,Unhealthy for Sensitive Groups,84.8,149.1,26.1,10.6,2.55,39.1,23.1,41.4,9.3,44,13,97,1,163,0,,
2270,19/03/2023,3,90.6,Moderate,57.7,96.8,13.1,5.8,2.18,40.9,22.8,42.1,8.5,49,14,110,1,176,0,,
320,16/11/2023,1,225.8,Very Unhealthy,137.3,239.8,41.2,16.8,5.15,79.1,13,35.6,11.5,257,79,575,5,923,1,,
520,03/06/2024,1,139.3,Unhealthy for Sensitive Groups,86.2,138.8,27.5,10.9,2.85,73.4,32.6,80.9,5.6,150,45,338,3,544,0,,
3697,13/02/2024,4,132.5,Unhealthy for Sensitive Groups,89.5,162.8,40.5,11.1,2.85,58.4,19,36.3,13.4,53,16,117,1,192,0,,
879,28/05/2025,1,131.5,Unhealthy for Sensitive Groups,83.5,126.9,26.2,6.6,2.07,46.7,29.6,72.3,13.1,137,40,306,3,486,0,,
4312,20/10/2025,4,133.2,Unhealthy for Sensitive Groups,79.6,125.8,26.9,13.1,1.51,44.2,24.1,38.8,11.3,49,15,110,1,176,0,,
826,05/04/2025,1,241.6,Very Unhealthy,145.5,222.9,58.7,23.4,4.57,58.1,27.2,55.7,13.5,224,69,505,4,803,1,,
3247,20/11/2025,3,119.2,Unhealthy for Sensitive Groups,66.3,102.8,24.7,10.7,2.28,38.1,17.8,36.1,2.1,51,16,112,1,181,0,,
1291,14/07/2023,2,60.9,Moderate,34,52.8,10.1,2.1,1.35,24.8,37.7,75,13.5,53,15,122,1,194,0,,
3079,05/06/2025,3,38.3,Good,25.1,39.5,13.5,2,1.03,42.9,32.1,84.9,,26,9,63,,107,0,,
4098,20/03/2025,4,149.6,Unhealthy for Sensitive Groups,91.6,172.7,27.8,8.1,2.58,43.8,27.6,54.8,9.2,57,17,127,1,196,0,,
4067,17/02/2025,4,131.6,Unhealthy for Sensitive Groups,84.9,146.7,25.7,8,1.89,65.9,22.5,37.4,18.3,56,17,124,1,204,0,,
139,19/05/2023,1,163.8,Unhealthy,100.2,189.1,31.6,14.2,2.25,34.8,31.7,73.9,6.4,142,44,325,3,522,1,,
164,13/06/2023,1,92.4,Moderate,58.7,97,17,11.5,2.5,39.4,31.2,76,2.6,119,35,268,2,427,0,,
3512,12/08/2023,4,53.1,Moderate,31.4,53.3,10.7,6.6,0.57,50.8,31.9,74.4,12.7,29,8,64,1,100,0,,
1619,06/06/2024,2,50.1,Moderate,44.2,73.4,16.7,6.8,1.47,41.4,35.6,89.2,5.3,49,14,114,1,180,0,,
4297,05/10/2025,4,85.8, Moderate,51.4,94.4,18.8,7.5,1.96,35.4,22.6,49.7,6.8,36,11,82,1,136,0,,
1792,26/11/2024,2,186.6,Unhealthy,109.4,164.7,41.3,9.2,3.53,60.8,18.7,,9.2,125,37,279,2,443,1,,
1046,11/11/2025,1,247,Very Unhealthy,,280.3,57.5,16.1,3.63,54.6,18.7,33.8,8.7,287,89,652,6,1041,1,,
2880,18/11/2024,3,112.4,Unhealthy for Sensitive Groups,61.8,100.2,18.6,6.1,1.76,54.2,20.3,45.2,11.1,49,15,117,1,182,0,,
1751,16/10/2024,2,135.7,Unhealthy for Sensitive Groups,77.8,145.5,18.4,14.5,2.04,49.9,24.4,,13.7,91,28,208,2,331,0,,
4099,21/03/2025,4,125.5,Unhealthy for Sensitive Groups,77.5,135.8,19.5,5,1.74,47.7,26.9,60.8,12.8,44,14,107,1,162,0,,
3606,14/11/2023,4,142.4,Unhealthy for Sensitive Groups,83.5,151.6,34.7,5.7,2.58,33.1,21.1,36.8,7.4,50,14,106,1,167,0,,
1505,13/02/2024,2,192.7,Unhealthy,123.3,209.3,46.3,14.3,3.28,53.9,20.1,40.5,8.6,128,39,286,3,450,1,,
3677,24/01/2024,4,173.7,Unhealthy,103.6,160.6,36.1,13.3,3.8,80.1,18.5,24.8,4.6,62,20,143,1,225,1,,
1044,09/11/2025,1,275.5,Very Unhealthy,166.9,288.2,60.3,18.5,5.79,36.1,20.2,,15.7,244,75,553,5,883,1,,
3860,25/07/2024,4,42.2,Good,32,55.2,10.1,3.6,0.49,31.9,36.5,78,17.5,22,7,54,0,79,0,,
1060,25/11/2025,1,286.4,Very Unhealthy,191.2,329.9,64.7,19.6,6.85,57.4,19.7,31.2,11.2,299,93,673,6,1075,1,,
2682,04/05/2024,3,50.7,Moderate,37.9,69.5,15.7,6.2,1.31,27.5,28.5,56.8,5.4,34,11,82,1,134,0,,
3291,03/01/2023,4,165.1,Unhealthy,103.7,165.7,42.3,14.6,4.09,59.6,19.1,27,9,58,17,134,1,214,1,,
495,09/05/2024,1,156.5,Unhealthy,94.6,156,28.1,7.7,2.22,45.3,29.8,62.6,13.6,184,56,420,4,662,1,,
656,17/10/2024,1,223.7,Very Unhealthy,134.6,238.8,37.9,12,3.34,66.8,24.9,63,12.7,249,77,560,5,894,1,,
2065,26/08/2025,2,75.3,MODERATE,49.6,91.2,16.3,5.7,2.1,40.6,30.5,,7,61,17,133,1,216,0,,
2965,11/02/2025,3,115.1,Unhealthy for Sensitive Groups,70.5,122.8,19.6,10.5,2.41,45.8,19,32.3,2.3,48,14,110,1,176,0,,
3689,05/02/2024,4,150.8,Unhealthy,99.1,164.5,28.4,10.6,3.41,36.4,15.7,26.1,12.3,57,18,127,1,200,1,,
138,18/05/2023,1,148.4,Unhealthy for Sensitive Groups,91.5,155.3,35.2,14,2.19,49,29.3,70.4,3.8,139,43,320,3,507,0,,
3753,09/04/2024,4,128,Unhealthy for Sensitive Groups,81.7,135.3,30.7,8,2.81,48.9,31.2,49,7.3,43,13,97,1,153,0,,
1977,30/05/2025,2,68.7,Moderate,46.2,71,20.2,4.5,1.59,34,35,66,13.5,54,16,122,1,199,0,,
1582,30/04/2024,2,128.4,Unhealthy for Sensitive Groups,80.3,142.3,29,13.4,1.59,33.8,33.7,59.2,3.2,82,25,186,2,297,0,,
698,28/11/2024,1,265.7,very unhealthy,160.3,272.1,62.7,20.1,5.01,55.8,18.4,34.2,11,266,82,600,5,963,1,,
1098,02/01/2023,2,199.1,Unhealthy,130.9,225,32.4,17.7,5.11,52.8,17.1,31.4,10.9,140,45,316,3,513,1,,
3613,21/11/2023,4,155.4,Unhealthy,98.3,175.2,32.5,13.1,2.63,62.4,22,47.2,8.2,51,16,118,1,190,1,,
4135,26/04/2025,4,89.8,Moderate,54.1,82.7,22.3,3.5,1.55,34.5,30.9,65.5,13.6,40,13,91,1,146,0,,
2454,19/09/2023,3,54.5,Moderate,31.3,50,6.6,3.9,0.58,51.2,22.2,63,9.5,33,10,80,1,119,0,,
2497,01/11/2023,3,72.8,Moderate,44.9,72.3,21.7,7.8,2.12,34.2,25.5,48.4,9.7,41,11,93,1,150,0,,
1393,24/10/2023,2,128.6,Unhealthy for Sensitive Groups,78.3,118.6,19.3,10.1,2,37.3,27.3,50.8,20.3,94,28,217,2,340,0,,
2084,14/09/2025,2,95.6,Moderate,56.7,102.2,30,5.5,2.19,69.8,28.8,62.4,10.4,74,23,164,1,260,0,,
1267,20/06/2023,2,71,Moderate,39.1,66.5,15,3.9,1.49,33.5,40.4,65.1,10.2,59,18,131,,217,0,,
2376,03/07/2023,3,39.3,Good,23.6,37.6,11.6,3.9,0.63,29.1,30.8,85.8,14.1,28,8,63,1,109,0,,
2366,23/06/2023,3,44,Good,27,42.8,7.1,3.9,0.81,20.6,29.2,76,10.2,29,8,61,0,103,0,,
136,16/05/2023,1,121,Unhealthy for Sensitive Groups,77.6,146.7,38.8,15.4,1.79,71.5,29.9,61.6,12.4,170,52,384,3,613,0,,
1170,15/03/2023,2,126.8,Unhealthy for Sensitive Groups,80.4,131.3,32.9,9.4,3.09,54.8,25.6,31,5.3,112,33,255,2,406,0,,
2575,18/01/2024,3,125.4,Unhealthy for Sensitive Groups,74.5,112,26.3,5.1,1.89,61.8,14.7,28.4,15,64,20,142,1,,0,,
2136,05/11/2025,2,154,Unhealthy,95,162.4,27.5,6.8,3.44,49.7,25.9,38,16.5,96,30,222,2,356,1,,
1504,12/02/2024,2,179,Unhealthy,115.2,209.2,32.8,14.7,4.07,55.4,24.5,32.9,6.9,138,42,309,3,485,1,,
1363,24/09/2023,2,90.6,Moderate,58.7,108.7,18.9,7.5,2.44,25.9,30.1,58.8,,76,23,179,1,278,0,,
3824,19/06/2024,4,47.5,Good,29.4,54.9,8.6,5.2,0.62,35.7,40.2,89.3,12.1,30,8,72,1,103,0,,
3368,21/03/2023,4,107.9,Unhealthy for Sensitive Groups,71,131.2,30.4,13,2.68,31,26,46.6,9.4,43,13,97,1,159,0,,
149,29/05/2023,1,136.8,Unhealthy for Sensitive Groups,82.7,135.9,36.9,12.7,1.68,56.7,34.2,69,8.2,140,42,312,3,504,0,,
304,31/10/2023,1,217.2,Very Unhealthy,133.8,252.9,48.3,11.1,4.66,33.1,17.8,44.6,,262,81,596,5,951,1,,
3263,06/12/2025,3,126.9,Unhealthy for Sensitive Groups,79,124.9,34.3,7.3,2.83,52.6,15.7,32.7,3.5,51,14,108,1,173,0,,
1018,14/10/2025,1,206.5,Very Unhealthy,128.7,197.9,44.5,12.9,3.71,50.4,23,53.5,14.1,199,61,452,4,718,1,,
1925,08/04/2025,2,143.4,Unhealthy for Sensitive Groups,88.5,136.9,38.2,11.1,3.68,47.8,31.7,,6.7,109,33,248,2,393,0,,
1053,18/11/2025,1,277.2,Very Unhealthy,177.5,303.7,67.4,19.9,4.54,63.3,19.4,39.7,11.6,296,92,663,6,1056,1,,
4225,25/07/2025,4,36.9,Good,29.5,53.6,11,5.2,1.03,50.4,33.3,79.5,4.3,25,7,58,0,86,0,,
2414,10/08/2023,3,48.2,Good,22.9,35.1,5.9,1.9,0.7,51.4,28.7,82.4,9.2,25,7,59,0,90,0,,
2638,21/03/2024,3,74.2,Moderate,50.4,77.1,17.6,2.7,0.89,64.8,21.3,,10,56,17,128,1,209,0,,
3740,27/03/2024,4,132.4,Unhealthy for Sensitive Groups,82.4,152.3,25.8,12.7,1.85,41.1,26.5,49.2,3.4,44,14,99,,161,0,,
1905,19/03/2025,2,135.8,Unhealthy for Sensitive Groups,94.4,153.7,35.8,17.7,2.53,64.5,26.2,47.4,7.2,116,36,267,2,421,0,,
4128,19/04/2025,4,95,Moderate,55.8,99.5,23.1,4.1,1.44,45.2,32,60.1,13.2,40,12,92,1,145,0,,
199,18/07/2023,1,68.7,Moderate,53.7,97.1,13.2,10.3,1.41,28.3,34.7,76.1,7.9,103,31,234,2,371,0,,
3757,13/04/2024,4,116.9,Unhealthy for Sensitive Groups,76.6,125.2,23.6,7.6,2.81,39.3,27.9,67.9,10.8,42,12,91,1,143,0,,
1769,03/11/2024,2,112.7,Unhealthy for Sensitive Groups,79.3,120.6,17.1,8.6,2.64,40.8,23.3,46.6,3.3,118,36,265,,420,0,,
2876,14/11/2024,3,112.4,Unhealthy for Sensitive Groups,67.5,109.7,15.2,10.7,2.47,51.5,17.1,46.3,10.4,44,13,101,1,164,0,,
2241,18/02/2023,3,148,Unhealthy for Sensitive Groups,92.7,141.3,32.6,9,2.88,42.6,17.7,34.4,7.6,57,17,133,1,204,0,,
405,09/02/2024,1,299.4,Very Unhealthy,194.4,352.4,83.9,29.1,7.59,89,21.9,28,10.5,310,95,694,6,1114,1,,
4174,04/06/2025,4,58.7,Moderate,38.7,61.8,10,7.6,1.12,38.7,36.1,88.9,12.9,29,8,64,1,104,0,,
484,28/04/2024,1,192.3,Unhealthy,116.2,184.2,32.6,18.1,2.86,68.3,26.7,57.8,11.4,200,61,452,4,725,1,,
1183,28/03/2023,2,184.3,Unhealthy,107.2,177.1,44.3,17.2,4.04,48.5,23.4,44.5,6.9,99,31,229,2,364,1,,
1340,01/09/2023,2,53.3,Moderate,45.7,81.7,15.2,8.5,1.65,46.1,28.2,66.4,8.9,64,19,148,1,234,0,,
1281,04/07/2023,2,55.9,Moderate,34.6,63.2,9,5,0.74,43.4,34.6,83.6,14,54,16,124,1,195,0,,
1032,28/10/2025,1,243.4,Very Unhealthy,153.4,256.2,38.5,22.9,3.64,38.2,25.7,46,11.9,245,76,558,5,885,1,,
792,02/03/2025,1,252,Very Unhealthy,158.3,260.3,44.9,19.8,3.81,72,20.5,43.8,11.6,273,83,607,5,984,1,,
800,10/03/2025,1,267.1,Very Unhealthy,174.4,304.1,73.1,21.9,5.13,93.8,21.9,45,9.6,317,98,710,6,1136,1,,
2433,29/08/2023,3,52.5,Moderate,29.8,50.9,16.6,4.4,0.6,36,26.1,61.8,11.9,28,9,65,1,105,0,,
2799,29/08/2024,3,45.2,Good,30.4,53.3,9.8,6.5,0.39,39.3,27.1,73.8,8.1,28,8,66,1,109,0,,
1202,16/04/2023,2,121.2,Unhealthy for Sensitive Groups,73.6,122.6,23.1,4.8,2.9,53.9,32.2,58.6,4.3,92,27,207,2,337,0,,
423,27/02/2024,1,256.7,Very Unhealthy,163.4,260.5,73.7,22.2,3.99,70,19.7,34.2,13.8,326,101,730,6,1169,1,,
2363,20/06/2023,3,31.3, Good,26.2,47.3,7,2,1.23,28.8,31.9,,9.7,29,8,61,1,101,0,,
1952,05/05/2025,2,104.3,Unhealthy for Sensitive Groups,66.9,125.3,22.3,4.8,1.72,29,33.5,63.7,8.6,82,25,183,2,291,0,,
3070,27/05/2025,3,52.2,Moderate,30.5,56.8,12,4.5,0.76,26.5,32.6,73,6.3,31,8,65,1,,0,,
3430,22/05/2023,4,65.6,Moderate,44.9,78.5,15.7,4.8,1.06,15.7,35.4,67.2,11.2,33,11,73,1,121,0,,
1884,26/02/2025,2,157.8,unhealthy,100.9,182.7,29.5,14.8,3.13,62.1,22.5,27.9,11.9,123,38,281,2,441,1,,
4380,27/12/2025,4,150.9,Unhealthy,98.4,169.3,43.8,10.3,1.92,61.3,23,41.2,5.8,57,18,129,1,210,1,,
4286,24/09/2025,4,79.1,Moderate,48.8,85.2,14.3,4.9,0.87,47.1,25.5,67.2,4.7,34,9,76,1,125,0,,
1480,19/01/2024,2,254,Very Unhealthy,163.4,272.5,46.7,31.7,4.93,41.8,17.3,44.6,7.7,126,40,287,2,454,1,,
2592,04/02/2024,3,115.7,Unhealthy for Sensitive Groups,69.5,126.8,25.2,14.1,2.25,43.1,17,29.6,9.8,55,17,120,,203,0,,
2962,08/02/2025,3,84.3,Moderate,58.9,108.3,22.1,9.2,1.45,34.4,18.9,24.9,,47,15,111,,175,0,,
1929,12/04/2025,2,161.6, Unhealthy,94.5,159.5,38.1,9.5,2.49,28.4,26.8,57.9,1.4,94,28,211,2,348,1,,
2711,02/06/2024,3,37.2,Good,30.6,52.1,8.4,8.2,0.99,34.9,34.3,78.6,9,26,8,59,,98,0,,
4018,30/12/2024,4,150.3,Unhealthy,89.1,158.5,28.4,13.3,2.9,70.9,18.5,33.4,8.7,59,18,134,1,215,1,,
1530,09/03/2024,2,156.7,Unhealthy,93.1,169.7,29.2,12.7,2.78,52.7,27,44.7,,101,30,235,2,371,1,,
903,21/06/2025,1,108.6,Unhealthy for Sensitive Groups,65.7,101.1,16.8,7.4,1.61,32.6,31.8,69.6,8.8,115,34,264,2,416,0,,
2810,09/09/2024,3,48.1,Good,33.9,62.6,4.3,5.8,0.97,23.4,28,65.2,6.9,30,10,74,0,112,0,,
686,16/11/2024,1,255.8,Very Unhealthy,157.6,266.2,61.7,17.6,4.59,37.2,21.3,37.9,9.9,300,93,678,6,1073,1,,
1552,31/03/2024,2,162.4,Unhealthy,93.9,162.9,30.1,16,2.78,30.4,27.2,45.2,11.6,116,35,266,2,422,1,,
2482,17/10/2023,3,88,Moderate,48,88.9,14,5.5,2,35.6,23.3,70.2,10.5,42,13,98,1,156,0,,
160,09/06/2023,1,95.7,Moderate,58.6,103.4,17.3,11,1.23,28.7,30.7,86.9,13,131,40,301,3,482,0,,
1000,26/09/2025,1,191.1,Unhealthy,118.6,213.8,34.9,21.9,3.29,35.7,26.2,65.9,15.2,199,61,447,4,718,1,,
3890,24/08/2024,4,82.1,Moderate,38.7,62.5,13.3,4.5,0.74,51.4,33.8,66.9,15.6,29,9,62,1,114,0,,
3433,25/05/2023,4,48.5,Good,35.7,57.4,9.9,5.9,0.76,50.6,32,69.7,9.8,30,9,73,1,112,0,,
561,14/07/2024,1,85.6,Moderate,56.4,90.1,25.1,8.4,2.21,46.5,33.4,81.5,13.6,106,31,243,2,391,0,,
2251,28/02/2023,3,118.9,Unhealthy for Sensitive Groups,73.2,127.3,23.1,7.6,1.96,44.6,19.3,,9.2,59,19,136,1,218,0,,
3072,29/05/2025,3,53.2,Moderate,31,51.3,11.8,5.4,0.71,35.9,31,63.6,10.4,29,9,70,1,112,0,,
4309,17/10/2025,4,136.9,Unhealthy for Sensitive Groups,82.8,125.3,33.8,17.4,2.54,38.2,23.7,60.3,10.8,39,12,93,1,146,0,,
3501,01/08/2023,4,55.6,Moderate,30.8,49.6,12.8,4.9,1.18,28.8,41.5,73.9,1.7,22,7,52,0,85,0,,
2690,12/05/2024,3,53.4,Moderate,33.9,59,7.4,3.3,1.22,32.2,28.4,70.3,9.8,34,10,76,1,123,0,,
113,23/04/2023,1,177.3,Unhealthy,103.7,170.3,29.9,16.9,3.75,72.9,26.3,70.3,6,168,52,378,3,608,1,,
4317,25/10/2025,4,139.4,Unhealthy For Sensitive Groups ,88.1,158.8,38,10.8,1.42,52.9,26,45.1,16.9,45,15,100,1,,0,,
3549,18/09/2023,4,81.4,Moderate,43.9,67,15.8,7.5,1.48,40.5,29.2,66.9,10.5,29,8,71,,115,0,,
3380,02/04/2023,4,125.8,Unhealthy for Sensitive Groups,71.8,111.2,29.8,12.3,2.54,58.5,28.6,52.5,9.7,46,13,104,1,173,0,,
3194,28/09/2025,3,81.3,moderate,40.5,74,12.3,5.2,1.58,41.5,23.3,50.4,2.7,32,10,71,1,118,0,,
1447,17/12/2023,2,180.7,Unhealthy,124.4,212.3,49.5,18.7,4.39,69.5,20.7,30,13.2,133,41,299,3,479,1,,
1953,06/05/2025,2,117.8,Unhealthy for Sensitive Groups,69,106.7,16.2,10.1,1.39,35.3,32.2,65.6,19.4,81,25,185,1,297,0,,
3029,16/04/2025,3,66.7,Moderate,43,69.3,13.5,3.7,1.26,31.8,25.4,44.7,9.6,40,12,94,1,151,0,,
923,11/07/2025,1,98.4,Moderate,60.9,99.3,16.7,4.1,2.09,52.4,31.9,91.5,5,100,31,232,2,372,0,,
1625,12/06/2024,2,54.2,Moderate,39.3,64.4,17.6,4.9,0.79,36.1,35.7,87.4,12.6,64,19,140,1,230,0,,
311,07/11/2023,1,247.3,Very Unhealthy,163.3,255,42.5,30.4,5.2,47.1,18.2,37.7,12.2,271,83,601,5,969,1,,
2854,23/10/2024,3,83.2,Moderate,54.6,101.7,20.9,5.3,1.25,38.4,21.6,42.1,4.9,37,10,84,1,127,0,,
4030,11/01/2025,4,153.5,unhealthy,92.7,174.2,34.4,15.3,3.06,53.6,20.1,27.9,10.6,70,21,156,1,247,1,,
2956,02/02/2025,3,112,Unhealthy for Sensitive Groups,70.5,129.3,31.7,7.5,2.63,56.5,19.6,35.5,5.9,52,16,120,1,190,0,,
1320,12/08/2023,2,66.3,Moderate,35.9,65,11.5,5.3,0.91,49.5,36.3,79.5,6.2,59,17,135,1,209,0,,
3532,01/09/2023,4,44.9,Good,35.6,63.8,14.1,5.5,1.39,50.3,27.4,74,6,28,9,67,1,110,0,,
3662,09/01/2024,4,139.9,Unhealthy for Sensitive Groups,90.7,142,37.9,14.9,2.88,28.1,19,31.1,13.5,62,18,135,1,220,0,,
1664,21/07/2024,2,60.5,Moderate,36.7,66.8,14.6,2.7,1.98,45.6,33.9,73.5,14.5,54,16,126,1,197,0,,
816,26/03/2025,1,244.5,Very Unhealthy,161.7,302.6,52.9,15.4,6.07,39.9,23.4,63.5,12.5,271,84,616,5,977,1,,
4254,23/08/2025,4,62.9,Moderate,,73.3,12.9,8.4,1.13,48.7,28.9,68.9,3.7,26,7,62,0,89,0,,
2267,16/03/2023,3,92.7,Moderate,62.3,116.2,23.9,4.7,1.54,41.2,21.2,55.1,9.5,56,16,125,1,198,0,,
1474,13/01/2024,2,169.7,Unhealthy,,195.1,36.8,14,3.34,70.4,23.8,36.3,11.2,161,50,360,3,578,1,,
1774,08/11/2024,2,148.8,Unhealthy for Sensitive Groups,91,145.7,31,16,3.21,43.6,23.2,43.5,6.3,95,30,222,2,352,0,,
680,10/11/2024,1,248.2,Very Unhealthy,156.3,262.1,43.3,19.7,4.65,65.7,22.5,43.9,10.8,314,97,708,6,1130,1,,
4085,07/03/2025,4,145,Unhealthy For Sensitive Groups ,90.3,138,27.3,17,2.86,32.5,22.8,38.2,17.3,56,18,129,1,209,0,,
1094,29/12/2025,1,344,Hazardous,211.7,338.9,65.2,37.5,7.8,61.4,15.4,25.2,9.1,317,98,709,6,1146,1,,
81,22/03/2023,1,238.4,Very Unhealthy,150.8,260,55.9,18.8,3.09,52.6,23.5,49.9,8.8,250,77,569,5,903,1,,
1951,04/05/2025,2,77.1,Moderate,49.9,94.4,22.5,5.1,0.91,47.3,29.7,72.5,10,81,24,183,2,298,0,,
4287,25/09/2025,4,82.2,Moderate,52.1,92.4,23.2,6.9,1.79,33.9,26.1,56.5,7.2,36,12,76,1,131,0,,
3918,21/09/2024,4,92.9,Moderate,49,84.6,20.4,7.2,1.15,38.7,26.1,64.1,9.1,33,11,78,1,114,0,,
4240,09/08/2025,4,34.1,Good,29.7,52.6,14.3,5.7,1.13,47.3,34.6,84.4,6.6,24,8,60,0,89,0,,
2801,31/08/2024,3,38.6,Good,30,47.1,17.2,4.2,0.37,32.3,28.9,61.4,12,26,8,65,1,108,0,,
1240,24/05/2023,2,102.8,Unhealthy for Sensitive Groups,63,114.9,23.7,10.2,2.32,47.8,32.7,78.7,11.8,66,20,153,1,252,0,,
330,26/11/2023,1,253,Very Unhealthy,156.6,268.8,48.4,20.4,5.89,33.1,17.4,32.5,8.5,232,71,524,5,835,1,,
3103,29/06/2025,3,43.1,Good,22.7,42.4,16,3.1,0.52,41,30.5,74.5,5.1,28,7,61,0,95,0,,
243,31/08/2023,1,103.7,Unhealthy for Sensitive Groups,60.3,114,19.7,10.1,1.99,55.2,27,65.2,10.9,129,39,295,2,466,0,,
3915,18/09/2024,4,70.3,Moderate,48.9,92.5,18.9,1.7,1.63,70.9,22.2,70.8,,29,7,70,1,,0,,
642,03/10/2024,1,180.3,Unhealthy,121.3,224.7,30.4,19.3,4.72,63.2,23.2,51.2,8,202,62,457,4,723,1,,
697,27/11/2024,1,221,Very Unhealthy,135.5,253.3,37.6,27.1,5.07,68.6,18.3,45.5,12.4,229,71,520,5,827,1,,
2258,07/03/2023,3,139.3,Unhealthy for Sensitive Groups,78.8,138.1,27,7.7,1.7,42.1,20.3,47.4,16.6,58,17,130,1,209,0,,
2819,18/09/2024,3,64,Moderate,39.8,62,15.4,6,0.93,33.4,27.2,62.1,16.6,32,10,69,1,114,0,,
754,23/01/2025,1,387.3,Hazardous,241.6,394.3,74.6,28,7.96,62.5,19.9,19.5,5.5,328,101,738,6,1171,1,,
436,11/03/2024,1,234.6,Very Unhealthy,152.8,230.1,46.1,22.9,6.29,73.8,21.9,,13.1,271,83,604,5,972,1,,
1564,12/04/2024,2,138.6,unhealthy for sensitive groups,84.4,153.2,43.5,10.3,2.54,21.7,31.3,56.1,12.5,90,26,201,2,323,0,,
1935,18/04/2025,2,143.1,Unhealthy for Sensitive Groups,86,133.3,30.4,10.5,3.23,50.5,27.9,64.8,16.2,96,29,221,2,348,0,,
3112,08/07/2025,3,27,Good,23.3,37.3,8,1.6,0.59,60.9,32.7,78.8,9.2,25,8,57,0,88,0,,
4251,20/08/2025,4,49.2,Good,32.2,61.1,8.1,3.3,0.44,42.2,36.1,74,7.9,28,8,60,1,95,0,,
3494,25/07/2023,4,65.9,Moderate,,50.9,18.1,2.8,1.65,37.4,36,80.2,10,22,6,50,0,77,0,,
3023,10/04/2025,3,75,Moderate,50,91.5,18.9,4.5,1.05,69.1,24,44.2,8.6,37,12,90,1,149,0,,
1713,08/09/2024,2,81.2,Moderate,45.1,84.8,18.2,4.7,1.04,34.6,30.7,64.6,10.5,68,20,154,1,245,0,,
552,05/07/2024,1,108.1,Unhealthy for Sensitive Groups,61.1,98.6,19.4,9.4,1.38,49.8,36,78.8,5.6,123,37,284,2,444,0,,
3617,25/11/2023,4,138.1,Unhealthy for Sensitive Groups,93,170.6,23,9.5,2.56,32.5,22.7,42.8,3,50,15,124,1,189,0,,
3993,05/12/2024,4,171,Unhealthy,110.6,199.8,44.8,18.1,3.38,56.6,22.7,24.4,9.3,55,17,119,1,198,1,,
1857,30/01/2025,2,204.4,Very Unhealthy,119.2,180.1,44.9,17.6,3.41,43.3,22.1,31.2,17.6,115,35,260,2,,1,,
602,24/08/2024,1,111.5,Unhealthy for Sensitive Groups,68.3,109.5,29.7,7.7,1.88,31.8,28.9,74.2,14.1,138,42,310,3,496,0,,
3564,03/10/2023,4,104.8,Unhealthy for Sensitive Groups,63.9,97.3,28.4,11,1.58,31.4,28.6,58.1,8.1,34,10,75,1,115,0,,
1965,18/05/2025,2,77.9,MODERATE,49.8,89.3,18.9,7.9,1.36,55,38.9,76.8,13.8,77,24,175,2,283,0,,
1014,10/10/2025,1,167.2,Unhealthy,106.1,198.6,39.4,15.7,2.92,62.3,26,56,6.2,191,57,429,4,684,1,,
3056,13/05/2025,3,46.2,Good,31.9,49,14.2,4.4,0.98,39.6,25.7,64,13.5,36,12,85,1,138,0,,
3925,28/09/2024,4,82,Moderate,53.4,95.6,11.4,5.4,1.58,36.4,25.8,70.4,10.9,35,10,78,1,127,0,,
1428,28/11/2023,2,177.8,Unhealthy,109.6,197.6,37.8,18.8,2.2,59.2,22,35,10.9,118,37,268,2,,1,,
2013,05/07/2025,2,48,good,32.3,57.1,11.7,6.9,0.73,47,36,79.6,11,60,19,134,,220,0,,
3323,04/02/2023,4,159.8,Unhealthy,96.5,160.4,42.7,13.7,2.77,36.6,18,33.4,13,58,17,134,1,207,1,,
1387,18/10/2023,2,126.7,Unhealthy for Sensitive Groups,85.2,138.7,26.9,16.6,2.95,34.3,26.6,48.2,10.6,96,29,216,2,340,0,,
1296,19/07/2023,2,60.2,Moderate,37.5,56.6,17.8,3.9,0.92,26.1,34.4,77.5,7.1,49,15,117,1,183,0,,
467,11/04/2024,1,199.4,Unhealthy,125.6,229.2,53.6,20.9,4.5,64,29.2,48.5,7.9,187,57,421,4,674,1,,
1500,08/02/2024,2,215.8,Very Unhealthy,130.2,239.4,57.7,13.8,3.66,40.8,20.1,38.3,3.2,119,36,271,2,432,1,,
175,24/06/2023,1,77.8,Moderate,50.9,88.5,20,9.1,2.03,39,32.7,79.7,4,123,38,278,2,446,0,,
4375,22/12/2025,4,187,Unhealthy,104.2,193.1,35,17.4,2.49,41,17.6,25.8,11.8,56,18,136,1,204,1,,
278,05/10/2023,1,144.6,Unhealthy for Sensitive Groups,96.3,171.7,22.3,9.3,1.93,29,21.3,55.6,8,211,65,469,4,760,0,,
1070,05/12/2025,1,299.8,Very Unhealthy,191,358,68.6,18.3,6.83,64.7,19.2,24,7.8,283,87,627,5,1005,1,,
1549,28/03/2024,2,150.6,unhealthy,106,190,45.6,13.3,3.64,68.3,25.7,49.8,10.1,103,31,234,2,370,1,,
3066,23/05/2025,3,71.4,Moderate,35.2,63.8,17.5,6.4,0.67,44.9,28.3,,13.1,31,9,72,1,113,0,,
1025,21/10/2025,1,187.6,Unhealthy,111.6,171.8,30.7,9.9,3.25,56.6,21.4,59.2,8.3,240,74,534,5,867,1,,
1466,05/01/2024,2,158.5,Unhealthy,106.3,182.3,29,16.8,2.89,41.8,18.5,37.3,11.7,141,44,319,3,508,1,,
2771,01/08/2024,3,42,Good,23,34.7,5.2,1.2,0.52,42.5,27.5,74.8,1.7,24,6,54,0,88,0,,
941,29/07/2025,1,102,Unhealthy for Sensitive Groups,63,101.5,15.6,5,2.19,48.4,31.2,83.1,10.7,119,36,269,2,435,0,,
2835,04/10/2024,3,88.6,Moderate,43.5,70.2,19.7,3.5,0.89,28.4,20.9,,9.2,35,12,88,1,128,0,,
4153,14/05/2025,4,79.2,Moderate,45.8,73.3,15.3,6.8,1.63,23.4,31.5,64.7,13.8,36,10,86,1,136,0,,
1467,06/01/2024,2,166.1,Unhealthy,107.2,168.9,35.8,9.1,3.81,78.3,20.6,17.2,14.5,140,42,311,3,499,1,,
1324,16/08/2023,2,70.6, Moderate,48.7,80.4,15.3,10.6,1.5,51.5,34.7,72.6,7.2,63,19,149,1,236,0,,
2676,28/04/2024,3,73.6,Moderate,39.5,60,14,6.1,1.14,40.5,28.3,63.7,12.9,38,12,86,1,142,0,,
1400,31/10/2023,2,143.5,Unhealthy for Sensitive Groups,88.6,166.5,28.3,15.6,2.89,52.5,21.6,57.1,11.6,118,35,266,2,420,0,,
3954,27/10/2024,4,119,Unhealthy for Sensitive Groups,71.5,133,24.1,10.5,2.4,73.1,21.8,47.1,7.4,46,15,107,1,162,0,,
1450,20/12/2023,2,198.6,Unhealthy,122.4,215.8,50.4,13.4,3.58,38.6,20.2,37.9,8.6,134,41,306,3,482,1,,
4027,08/01/2025,4,206.3,Very Unhealthy,124.3,211.5,40.5,11.2,2.81,28.1,18.4,23.5,17.4,57,18,129,1,213,1,,
907,25/06/2025,1,117.1,Unhealthy for Sensitive Groups,63.2,110.1,22.4,8.4,1.97,46.5,32.7,80.8,0.5,144,44,324,3,524,0,,
1714,09/09/2024,2,68.9,Moderate,52.4,92.3,16.9,8.5,1.74,40.2,32.4,71.1,8.7,66,20,151,1,244,0,,
3545,14/09/2023,4,60.4,Moderate,38.5,58.7,16.1,5.3,1.23,37.7,28.5,64.9,5.5,30,9,68,1,114,0,,
3811,06/06/2024,4,61.6,Moderate,43.1,81.7,20.2,3.9,1.44,47.5,33.8,64.9,9.1,26,8,64,1,100,0,,
2612,24/02/2024,3,124.5,Unhealthy for Sensitive Groups,78.2,129.1,35.3,12.2,1.95,33.1,19.4,41.2,10.7,53,15,120,1,181,0,,
1896,10/03/2025,2,185.8,UNHEALTHY ,106.4,172.1,31.5,12,3.06,66,23.6,36.8,7.4,113,34,260,,408,1,,
3298,10/01/2023,4,162.4,Unhealthy,105.8,175.3,37.7,13.3,2.72,44.5,20.2,31.7,10.6,59,18,136,1,208,1,,
389,24/01/2024,1,297.9,Very Unhealthy,194.9,315,52.5,32.3,4.23,85.6,20.3,32,7,289,89,651,6,1037,1,,
2071,01/09/2025,2,78.9,Moderate,47.6,78.8,16.8,5.6,1.66,50.3,29.9,75.7,14.2,60,19,138,1,216,0,,
3749,05/04/2024,4,115.7,Unhealthy for Sensitive Groups,76.8,127.6,28.2,9,3.04,44,29.7,59.1,11.8,46,15,106,1,175,0,,
2173,12/12/2025,2,202.5,Very Unhealthy,124.5,217.8,36,11.1,4.46,30.1,21.5,30.5,9,116,35,260,2,417,1,,
3496,27/07/2023,4,44.6,Good,34.7,58.3,8.7,5.6,0.97,24.7,36.5,83.5,13,24,8,54,0,85,0,,
3783,09/05/2024,4,92.8,Moderate,53.3,92.1,17.3,6,1.89,28.5,34.1,65.8,4.6,39,12,87,1,140,0,,
2822,21/09/2024,3,55.2, Moderate,33.4,60.4,20,4.2,0.9,26.6,24.5,68.7,8.5,36,11,79,1,131,0,,
881,30/05/2025,1,146.3,Unhealthy for Sensitive Groups,84.4,131.4,23.3,16.8,3.19,16.7,32.2,78.5,5.5,153,46,343,3,552,0,,
1425,25/11/2023,2,169,Unhealthy,106.8,177.4,41.6,17.3,2.88,52.2,25.7,,7.4,116,36,264,2,432,1,,
3543,12/09/2023,4,96.5,Moderate,48.4,84.1,16.9,5.6,1.08,30.3,30.3,70.9,,34,9,70,1,117,0,,
3193,27/09/2025,3,76.1,Moderate,36.3,67.4,15.2,5.8,1.09,40.1,23.3,52.1,14.1,30,10,74,1,122,0,,
3575,14/10/2023,4,88,Moderate,59.6,103.2,17.8,6.9,1.12,58.8,24.5,49.2,15.6,41,13,99,1,153,0,,
3215,19/10/2025,3,83.3,Moderate,48,89.5,17.6,3.3,1.23,30.7,20.4,52.7,9.2,43,14,102,1,163,0,,
51,20/02/2023,1,302.1,Hazardous,173.5,266.2,73,22.2,4.72,51.2,20.7,25.6,3.8,287,89,642,6,1032,1,,
1888,02/03/2025,2,190.2,Unhealthy,,183.3,45,19.2,2.74,58.7,23.9,30.8,9.5,103,31,235,2,378,1,,
1703,29/08/2024,2,97.9,Moderate,53.4,86,14,6.1,1.93,50.3,30.8,69.5,4.1,69,19,149,1,240,0,,
4189,19/06/2025,4,57,Moderate,35.3,60.2,10.5,3.2,1.91,29,33,81.3,15.5,28,8,66,1,100,0,,
3696,12/02/2024,4,169.6,Unhealthy,101.3,155.1,40.6,12.8,3.09,51.5,18.6,35.2,15.9,57,17,126,1,203,1,,
134,14/05/2023,1,128.2,Unhealthy for Sensitive Groups,86.3,157.3,23.1,12.7,2.72,55.8,31.1,68.7,3.3,160,49,357,3,577,0,,
1106,10/01/2023,2,164.1,Unhealthy,100.8,185.3,43,8.4,3.24,49.6,23.3,27.1,10.3,143,45,326,3,515,1,,
704,04/12/2024,1,286.2,Very Unhealthy,181.6,279.3,50.8,27.1,4.98,68,17.1,29.5,12,326,101,730,6,1172,1,,
483,27/04/2024,1,195.2,Unhealthy,112,205.4,50.5,13.9,4.25,67,31,55,9.7,243,75,548,5,875,1,,
1146,19/02/2023,2,168.7,Unhealthy,110.1,165.4,30.9,16.3,2.43,61.6,19.5,31.9,4.7,129,38,287,2,458,1,,
2039,31/07/2025,2,91.3,Moderate,42.1,64.1,18.6,5.1,1.74,34.2,33.8,81.2,6.4,50,15,117,1,182,0,,
2252,01/03/2023,3,110.3,Unhealthy for Sensitive Groups,67.1,122,23.5,9.3,2.21,46.4,19.3,32.1,7.2,49,15,114,1,182,0,,
67,08/03/2023,1,240.3,Very Unhealthy,151.5,244.7,47.3,14.9,3.75,37.6,21.1,,9.9,282,86,627,5,1001,1,,
2895,03/12/2024,3,90.7,Moderate,60.2,98.2,18,3.5,1.17,43.4,15.6,26.1,11.1,58,18,132,1,215,0,,
2782,12/08/2024,3,45.8,Good,29.2,48.1,8.9,5.2,0.84,43.3,30.2,,16.9,24,8,55,0,97,0,,
2314,02/05/2023,3,93.6,Moderate,55.7,97.7,21.2,7.8,2.04,32.3,29.9,62,7.2,40,11,88,1,137,0,,
2850,19/10/2024,3,74.4,Moderate,,87.7,13,7.6,1.29,38,24.3,63.4,8.5,41,12,95,1,,0,,
997,23/09/2025,1,188.1,Unhealthy,114.1,175.3,29.4,17.2,3.01,44.9,25.1,52.8,13,202,61,449,4,722,1,,
3104,30/06/2025,3,36.7,Good,22.1,41,11.4,5.1,0.94,30.1,29.2,,12,26,7,60,1,100,0,,
908,26/06/2025,1,89.8,Moderate,56.1,101.2,20.5,8.2,1.36,58,33.1,72.4,6,122,37,278,2,435,0,,
32,01/02/2023,1,269,Very Unhealthy,170,266.5,54.8,28.8,3.66,50.9,16.8,26.4,15.4,304,94,681,6,1087,1,,
2466,01/10/2023,3,70.7,Moderate,43.1,70.1,19.2,5.7,1.57,44.7,25.9,60.7,12.8,37,10,86,1,137,0,,
2930,07/01/2025,3,106.4,Unhealthy for Sensitive Groups,70.6,119.4,27.1,12,1.65,51.5,17.5,34.9,12.7,49,16,109,1,181,0,,
2681,03/05/2024,3,75.8,MODERATE,42.1,69.6,17.4,5.6,1.74,32.2,27.3,64.5,11.7,37,11,86,1,146,0,,
874,23/05/2025,1,144.2,Unhealthy for Sensitive Groups,89.8,166.4,24,8.4,2.15,81.6,27.8,64.8,13.6,168,52,388,3,616,0,,
11,11/01/2023,1,313.2,Hazardous,194.9,357.3,68,25.2,5.19,74.6,20.3,34.5,15.1,285,88,644,,1026,1,,
65,06/03/2023,1,276.3,Very Unhealthy,169.9,269.8,65.2,20.8,4.8,47.9,18.3,45.4,8.5,262,79,586,5,934,1,,
4201,01/07/2025,4,58.7,Moderate,35,62.2,11.5,8.1,0.57,56.2,37.6,79.7,12,28,8,67,1,100,0,,
3478,09/07/2023,4,62.4,Moderate,36.6,59.9,15.6,4.7,1.16,46.2,33.7,77.3,8.1,25,7,57,0,87,0,,
777,15/02/2025,1,277.9,Very Unhealthy,170.9,311.3,41,15.5,4.51,74,17.2,29.5,7.9,355,109,797,7,1271,1,,
78,19/03/2023,1,234.5,Very Unhealthy,149.4,249.1,49.8,21.4,5.15,62.1,19.7,39.4,4.9,254,79,573,5,918,1,,
492,06/05/2024,1,171.6,Unhealthy,104.6,160.6,35.8,14.7,4.02,39.3,27.7,,18.1,171,53,384,,613,1,,
4015,27/12/2024,4,173.9,Unhealthy,105.1,163.9,40.7,18.4,2.94,43.5,17.5,27,11.4,48,16,112,1,177,1,,
2307,25/04/2023,3,88.3,Moderate,49.3,75.1,15,7.9,1.44,49.7,26.4,57.8,9.2,37,11,84,1,133,0,,
2581,24/01/2024,3,131.5,Unhealthy For Sensitive Groups ,78.1,117.7,32,10.5,1.88,44.9,12.8,36,6.6,55,16,125,1,197,0,,
2114,14/10/2025,2,106.7,Unhealthy for Sensitive Groups,75.5,128.7,30,9,1.84,29,28.8,51.9,9.6,90,27,207,2,326,0,,
4248,17/08/2025,4,71.1,Moderate,37.3,65.3,11,5.9,1.1,32,33.1,81.8,13.2,22,7,55,0,89,0,,
3484,15/07/2023,4,65.6,Moderate,34.3,56.4,10.2,4.6,1,57.6,35.2,81.2,2.1,21,7,48,0,85,0,,
4331,08/11/2025,4,113.6,Unhealthy for Sensitive Groups,74.8,138.7,27,8,2.3,59.2,21.8,45.3,11.5,49,15,114,1,183,0,,
2345,02/06/2023,3,39.5,Good,27.7,45.7,9.1,3.9,0.94,51.9,29.8,68.1,10.7,30,10,72,1,111,0,,
592,14/08/2024,1,108.1,Unhealthy for Sensitive Groups,67.4,116.2,28.3,12.6,1.88,45,30.6,78,6.1,127,38,286,2,463,0,,
3492,23/07/2023,4,30.6,Good,27.3,46.1,11.3,1.7,0.71,42.1,34.7,85.9,5.6,22,7,58,0,86,0,,
2816,15/09/2024,3,43.1,Good,32.1,59.3,6.4,2.1,0.94,46.5,28.7,73.8,2.1,28,8,72,1,106,0,,
3511,11/08/2023,4,37,Good,33.6,58.3,13,4.1,0.99,57.5,31.5,70.8,13.5,26,7,61,1,99,0,,
1286,09/07/2023,2,61.9,Moderate,35.4,54.6,13.8,2.9,1.37,30.5,30.7,83.6,4,52,15,119,1,187,0,,
4014,26/12/2024,4,139.8,Unhealthy for Sensitive Groups,94.7,143.3,26.4,7.3,3.05,61.7,21.4,21.7,11.1,65,20,144,1,233,0,,
725,25/12/2024,1,270.1,Very Unhealthy,178,282.9,50.4,25.3,6.42,74.7,14.8,30.1,11.1,351,108,784,7,1254,1,,
4043,24/01/2025,4,164.2,Unhealthy,108.4,185.7,44.6,19.1,2.34,33.9,17.4,30.6,7.8,55,18,127,1,208,1,,
3354,07/03/2023,4,136.5,Unhealthy for Sensitive Groups,86,133.1,25.3,6.7,2.12,57,24.5,42.1,10.4,56,18,128,1,206,0,,
2675,27/04/2024,3,73.4,Moderate,47.6,79,25.1,4.7,0.98,34.6,27.7,53.1,9,41,11,93,1,149,0,,
3425,17/05/2023,4,74.6,Moderate,49.3,78.9,17.5,5.8,1.6,44,34.5,74.7,8.9,29,9,64,1,,0,,
4011,23/12/2024,4,186.7,Unhealthy,115.8,205.9,50.8,17.3,4.56,34.9,16.7,33.4,16.4,51,15,111,1,,1,,
991,17/09/2025,1,168.3,Unhealthy,107.6,173.5,33.6,9.4,2.92,63.7,27.3,63.4,10.1,176,54,392,3,,1,,
1213,27/04/2023,2,132.5,Unhealthy for Sensitive Groups,76.5,117,28.3,6.3,2.37,66.3,32.5,67.9,14,95,29,215,2,341,0,,
2483,18/10/2023,3,86.2,Moderate,49.7,80.7,18.9,3.4,0.74,33.9,23,54.5,12.2,38,12,84,1,144,0,,
2300,18/04/2023,3,91.2,Moderate,56,104.7,20.6,13.4,1.86,41.1,27.8,57.4,10.7,43,14,102,1,163,0,,
4105,27/03/2025,4,132.8,Unhealthy for Sensitive Groups,87.9,162.4,28.5,10.3,2.56,58.2,28.8,43.7,8.4,45,15,105,1,162,0,,
1638,25/06/2024,2,58.7,Moderate,37.6,68.5,11.3,4.1,0.91,37.1,38.2,81.4,13.5,62,18,133,1,217,0,,
4325,02/11/2025,4,136.6,Unhealthy for Sensitive Groups,82.1,137.5,36.6,10.3,2,40.2,22.7,30.6,11.4,42,12,97,1,156,0,,
1736,01/10/2024,2,120.7,Unhealthy for Sensitive Groups,69.1,124,16.1,6.7,1.24,38,24.9,61.1,6.4,82,25,184,2,289,0,,
3587,26/10/2023,4,118.9,Unhealthy for Sensitive Groups,68.6,120.3,25.9,9.3,1.3,43,21.5,61.6,1.6,45,13,99,1,162,0,,
3125,21/07/2025,3,52.9,Moderate,18.8,34.7,8,5.5,0.45,30,31.5,88.4,7.3,25,6,55,0,92,0,,
4372,19/12/2025,4,158.7,Unhealthy,100.5,179.4,38.1,8.9,1.78,43.4,20.2,33,6,52,16,123,1,186,1,,
983,09/09/2025,1,156.6,Unhealthy,92.4,139.2,32.3,12.9,3.1,50.7,28.1,70.4,11.4,165,50,373,3,594,1,,
3028,15/04/2025,3,84.3,Moderate,50.1,93.3,7.1,3,1.92,42.8,30.6,58.1,8.6,42,12,96,1,152,0,,
707,07/12/2024,1,271.5,Very Unhealthy,168.2,304,63.2,15.4,4.73,73.8,16.7,36.5,9.5,299,91,663,6,1071,1,,
2536,10/12/2023,3,99.1,Moderate,64.2,110.7,22.2,7,1.82,43,17.8,34.5,8.4,46,14,101,1,171,0,,
1688,14/08/2024,2,77.2,Moderate,43.1,72.2,13.7,4.1,1.11,17.8,33.8,82.5,9.4,52,16,118,1,192,0,,
4137,28/04/2025,4,101.5,Unhealthy for Sensitive Groups,61.3,97.3,10.7,7.2,1.79,23.5,30.4,67.7,9,37,11,90,1,132,0,,
274,01/10/2023,1,194.8,UNHEALTHY ,125.5,202.7,46.4,14.2,4.34,36.9,23.6,55.1,5.2,169,51,377,3,611,1,,
1710,05/09/2024,2,80,Moderate,51.6,96.3,21.3,11.7,1.71,26.2,31.7,65,4.9,63,19,147,1,229,0,,
2945,22/01/2025,3,111.3,Unhealthy for Sensitive Groups,71.7,120.4,30,7.5,1.34,55.1,18.5,31.8,13.9,54,17,119,1,198,0,,
4231,31/07/2025,4,52.6,Moderate,30.7,57,9.7,4,0.87,75.3,34.6,75.8,11.4,23,7,51,0,84,0,,
964,21/08/2025,1,105.7,Unhealthy for Sensitive Groups,72.6,118.9,18.6,6.8,2.19,39.7,29.2,66.1,19.9,153,46,341,3,549,0,,
2926,03/01/2025,3,124.6,Unhealthy for Sensitive Groups,74.8,113.4,28.3,14.2,1.77,46.2,15.8,18.8,12.8,56,18,140,1,212,0,,
4004,16/12/2024,4,152,Unhealthy,94.3,177.7,29.8,17.4,3.43,69.4,18.9,38.6,7.2,62,18,141,1,216,1,,
2134,03/11/2025,2,134.8,Unhealthy for Sensitive Groups,89.8,162.2,46.8,10.3,2.86,45,21.5,43.9,7.2,105,32,238,2,380,0,,
1473,12/01/2024,2,208.2,Very Unhealthy,129.5,211.7,49.5,11.7,4.53,51.1,20.7,22.8,15.7,128,40,293,2,473,1,,
2460,25/09/2023,3,48.7,Good,38.1,66.3,14.4,2,1.21,43.2,26.4,57.5,11.7,34,10,74,1,120,0,,
4173,03/06/2025,4,68.7,Moderate,39.6,66.1,8.2,5.9,1.54,21.3,33,76.7,6.9,29,9,71,1,110,0,,
4077,27/02/2025,4,155.5,Unhealthy,101.5,153.2,29.1,17.5,3.9,64.6,24.6,38.8,7.9,60,19,136,1,224,1,,
1453,23/12/2023,2,212.9,Very Unhealthy,137.8,255.5,49.5,19.9,3.62,71.1,21.2,29.1,12.2,133,41,301,3,479,1,,
2716,07/06/2024,3,26.9,Good,24.9,40.8,4.9,4.4,0.55,23.5,36,86.3,5.4,30,9,74,1,111,0,,
3311,23/01/2023,4,151.7,Unhealthy,94.2,161.7,29.7,8.7,1.94,26.6,21.7,19.7,7.3,59,18,132,1,206,1,,
2693,15/05/2024,3,49,Good,32,49.7,6.1,4.6,0.95,26.8,29.3,64.5,5.7,33,10,75,1,122,0,,
2768,29/07/2024,3,34,Good,20.1,36.4,11.4,2.1,0.68,45.1,29,88.8,8.2,23,8,57,0,96,0,,
1758,23/10/2024,2,127.8,Unhealthy for Sensitive Groups,73.5,116.6,29.6,16.7,2.12,65.3,23.8,46.4,9.9,96,29,212,2,339,0,,
219,07/08/2023,1,97.3,Moderate,,104.2,21.1,9.8,1.58,60.8,30.4,80.9,4.3,119,37,278,2,444,0,,
240,28/08/2023,1,100.8,Unhealthy for Sensitive Groups,67,126,26.9,7.9,2.38,44.8,30.9,70.3,18.4,108,33,247,2,397,0,,
1132,05/02/2023,2,201,Very Unhealthy,132.1,226.2,38.3,21.7,4.67,58,19.3,40.3,12.4,155,47,350,3,553,1,,
4205,05/07/2025,4,25.1,Good,28.8,52,7.3,4.1,0.81,16.8,36.3,89.3,10.6,30,8,60,1,94,0,,
3798,24/05/2024,4,70.4,Moderate,38.1,63.5,13.2,5.7,1.18,34.2,37.6,73.4,7.4,32,9,75,1,113,0,,
3265,08/12/2025,3,104.9,Unhealthy for Sensitive Groups,65.7,108.9,22.9,4.6,2.74,62.1,17.3,29.1,13.7,45,14,107,1,165,0,,
2841,10/10/2024,3,71,Moderate,39.3,66.9,10.2,7.7,1.1,56.8,24.9,55.7,11.4,37,11,85,1,133,0,,
2240,17/02/2023,3,124.3,Unhealthy for Sensitive Groups,69.1,106.4,27.5,13.2,2.67,58.5,19.2,35.9,10.3,55,17,124,1,203,0,,
2382,09/07/2023,3,54.3,Moderate,25,38,2.7,1,0.78,34.7,30.3,65.5,7.6,24,8,65,0,102,0,,
1254,07/06/2023,2,61.5,Moderate,41.1,71,17.1,7,1.31,40.5,37.2,68.7,13.3,58,17,130,1,218,0,,
1054,19/11/2025,1,362.6, Hazardous,219.9,344.8,55.1,21.5,7.08,47.8,18.5,,7.8,254,78,572,5,909,1,,
3011,29/03/2025,3,94.5,Moderate,54,84.3,24.4,3.6,0.83,39.9,23.4,40.9,10.4,48,15,107,1,173,0,,
1669,26/07/2024,2,51.2,Moderate,37.1,68.5,11.6,4.7,1.28,66.4,36.8,85.4,5.5,44,14,104,1,165,0,,
4061,11/02/2025,4,149.7,Unhealthy for Sensitive Groups,91.4,166.3,23.8,7.2,2.49,54.8,19.4,27.6,11.9,59,17,139,1,207,0,,
3075,01/06/2025,3,35,Good,26,45.3,7.1,3.7,0.61,34.5,34.3,76.4,11.6,32,9,68,1,114,0,,
4216,16/07/2025,4,43.1,Good,28.3,50.6,12.4,1.2,1.23,38.6,36.6,81.7,3.5,24,7,54,0,91,0,,
1358,19/09/2023,2,89,Moderate,52.7,86.8,26.7,5.8,1.84,35.6,30.3,51.2,6.2,72,21,168,1,264,0,,
776,14/02/2025,1,306.6,Hazardous,196.4,300.3,74.3,18,5.29,81.8,19.6,43.1,8.9,324,100,727,,1164,1,,
2631,14/03/2024,3,105.2,Unhealthy for Sensitive Groups,60.5,98.9,24.7,3.1,1.68,54.2,22.6,47.4,10.1,53,16,119,1,191,0,,
2833,02/10/2024,3,60,Moderate,39.8,70.3,15,7.9,0.88,49.4,23.8,65.3,5.4,36,10,83,1,132,0,,
625,16/09/2024,1,163.7,Unhealthy,98.3,153,37.5,10.3,3.25,49.7,28.6,69.6,14.8,163,49,370,3,599,1,,
840,19/04/2025,1,202.1,Very Unhealthy,123.8,233.7,33,19.2,4.3,56.7,27.6,,12.9,217,67,494,4,785,1,,
628,19/09/2024,1,174.5,Unhealthy,110.4,206.3,44.5,18.5,4.15,49.5,29.3,62.3,9.8,178,54,399,3,630,1,,
3568,07/10/2023,4,103.4,Unhealthy for Sensitive Groups,58.8,96.3,31.5,9,1.47,37,25.8,56.7,9.7,37,12,92,1,146,0,,
324,20/11/2023,1,298.9,Very Unhealthy,171.6,263.6,62.2,24.3,6.51,63.8,17.8,34.7,7.6,279,87,627,6,1005,1,,
2344,01/06/2023,3,21,Good,24.9,44.2,9.4,6.1,0.43,43.7,32.4,75.6,10.5,30,8,66,1,98,0,,
1656,13/07/2024,2,65.1,Moderate,38.7,70.2,10.1,5.7,1.18,45.9,32.9,81.9,10.5,49,14,107,1,168,0,,
1868,10/02/2025,2,156.7,unhealthy,107.9,171.2,34.5,17.1,3.99,55.1,20.6,25.8,7.1,110,34,248,2,400,1,,
1161,06/03/2023,2,151.8,Unhealthy,91.6,148.2,31.9,15.3,1.96,77.8,21.2,32.8,7.1,114,35,261,2,420,1,,
2827,26/09/2024,3,82.7,Moderate,41.3,68.7,17.4,5.6,1.78,42.4,23.5,46.4,1.7,34,10,77,1,127,0,,
1077,12/12/2025,1,377.9,Hazardous,224.2,350.3,88.6,33,5.82,86,17.3,28.8,7.4,274,84,616,5,983,1,,
2988,06/03/2025,3,88.1,Moderate,56.8,93.3,20.7,5.8,2.67,46,21.7,36.7,10.7,58,16,125,1,205,0,,
438,13/03/2024,1,228.3,Very Unhealthy,143.5,243.7,55.9,24.7,5.12,46.4,20.7,44.5,8.6,296,90,661,6,1056,1,,
120,30/04/2023,1,165.2,Unhealthy,100.2,154.6,41.9,14.5,2.79,58.8,30.4,67.8,7.2,188,59,431,4,685,1,,
1879,21/02/2025,2,203.1,Very Unhealthy,125.3,197.2,40.7,19.4,3.71,73.3,19.1,28.7,11.9,122,38,274,2,442,1,,
3942,15/10/2024,4,88.9,Moderate,54.2,84.2,12.1,8.7,2.2,33.5,24.1,59.1,8.9,42,12,89,1,139,0,,
4164,25/05/2025,4,70.8,Moderate,35.2,63.5,16.3,3.3,0.91,42.8,31.4,71.1,8.2,33,10,76,1,117,0,,
1815,19/12/2024,2,171.2,Unhealthy,117.5,220.8,38.6,18.6,3.11,43.6,16.4,32.4,10.1,132,40,298,3,476,1,,
3414,06/05/2023,4,79.5,Moderate,47.6,76.6,14.2,3.3,1.05,53.2,31.1,62.6,9.4,35,11,77,1,132,0,,
1840,13/01/2025,2,190.8,Unhealthy,122.8,185.5,38.4,16.9,3.51,60.3,21.1,25.1,15.4,137,42,311,3,493,1,,
1027,23/10/2025,1,175.7,Unhealthy,112.6,187.5,34.5,13,3.25,60.5,21.8,56.2,17.5,249,77,566,5,893,1,,
3302,14/01/2023,4,167.1,Unhealthy,93.2,145.6,30.3,11.5,2.98,62.3,18.1,30.9,13.7,62,20,143,1,238,1,,
3968,10/11/2024,4,118.4,Unhealthy for Sensitive Groups,77.7,132.2,23.3,10.4,2.09,47.2,20,35.6,13.4,53,16,123,1,193,0,,
3429,21/05/2023,4,69.5,Moderate,43.5,76.7,19.8,8.6,1.81,47.1,34.1,68.5,7.3,34,10,72,1,113,0,,
77,18/03/2023,1,224.2,Very Unhealthy,141.7,227.3,50.1,22.3,3.65,55.8,23.3,47.6,12,265,81,592,5,944,1,,
3102,28/06/2025,3,41.7,Good,,35.2,5.8,2.7,0.56,35.9,31.1,76.7,9.6,24,7,58,0,95,0,,
901,19/06/2025,1,96.9,Moderate,70.4,115.3,33.3,12.7,3.02,61.8,35,80.8,12.7,124,37,281,2,453,0,,
3784,10/05/2024,4,74.4,Moderate,48.4,77.8,22.2,5.7,1.75,54.3,32.7,67.8,5.8,30,10,70,1,121,0,,
372,07/01/2024,1,341.6,Hazardous,214.5,358.2,95.4,27,5.85,51.9,17.2,27.7,11.6,316,97,704,6,1130,1,,
1205,19/04/2023,2,159.5,Unhealthy,87.8,152.4,36.5,11.1,2.5,27.9,30.4,53.6,9.7,88,26,196,2,317,1,,
4070,20/02/2025,4,182.3,Unhealthy,,177.5,21.7,10.3,2.51,51.5,19,34.8,3,49,16,111,1,179,1,,
942,30/07/2025,1,112.1,Unhealthy for Sensitive Groups,67.4,124.2,22.8,11.6,2.06,38.1,32.5,74.3,10,129,39,297,3,465,0,,
2626,09/03/2024,3,102.9,Unhealthy for Sensitive Groups,64.5,101.5,22.8,8.6,2.12,41.7,25.4,47.1,11.2,44,14,102,,162,0,,
2868,06/11/2024,3,81,Moderate,55.7,85.8,9.9,8.4,2.18,27.5,20.5,31.6,9.6,49,15,112,1,176,0,,
553,06/07/2024,1,92.1,Moderate,59.3,91.8,16.1,8.3,1.7,46.1,30.2,84.3,13.3,121,36,276,2,442,0,,
407,11/02/2024,1,289.8,Very Unhealthy,181.6,331.7,66.5,16.4,6.61,70.5,20.8,30.2,4.2,294,90,661,6,1048,1,,
2118,18/10/2025,2,133.3,Unhealthy for Sensitive Groups,80.5,142.1,29.1,11.2,1.91,62.3,25.5,53.3,9.8,96,31,220,,,0,,
3632,10/12/2023,4,142.1,Unhealthy for Sensitive Groups,90,148.1,31.4,16,2.01,52.1,18.9,35.9,9.5,53,16,121,1,196,0,,
4186,16/06/2025,4,56.6,Moderate,37.6,59.4,11.9,5.3,1.12,29,36.6,80.5,16.6,28,8,62,,102,0,,
1614,01/06/2024,2,87.4,Moderate,45.1,73.7,11.2,2.8,0.97,41.7,33.7,80.6,3.7,71,22,164,1,254,0,,
2935,12/01/2025,3,92.2,Moderate,69.1,122.8,30.9,14,2.07,57.2,15.8,25.6,6.4,59,18,131,1,208,0,,
969,26/08/2025,1,140.4,Unhealthy for Sensitive Groups,84.4,151.9,34.6,10.6,2.93,58.6,28.8,71.4,8.6,125,37,288,2,457,0,,
3299,11/01/2023,4,178.7,Unhealthy,115,184.8,41.7,24.2,3.69,39.3,19.8,22.4,15.2,55,17,123,1,197,1,,
2834,03/10/2024,3,61.9,Moderate,41.8,79.3,15.4,5.6,1.87,33.6,18.8,65.4,8.8,38,10,87,1,136,0,,
4150,11/05/2025,4,91,Moderate,55,99.8,23.6,7.5,1.6,52.9,31.9,78.9,7.9,39,11,84,1,133,0,,
3384,06/04/2023,4,119.2,Unhealthy for Sensitive Groups,74.9,121.1,27.8,11.5,1.98,69.8,25.1,57.1,10,46,14,99,1,159,0,,
4195,25/06/2025,4,59,Moderate,31.5,51.1,10.7,6.1,0.49,53.2,34,91.6,3.9,23,7,56,1,86,0,,
2350,07/06/2023,3,41.1,Good,29.6,55.1,5.3,5.3,1.21,30.3,33.1,77.2,13.3,31,8,70,1,107,0,,
1747,12/10/2024,2,132.4,Unhealthy for Sensitive Groups,74,112.2,22.7,13.8,2.1,44.1,27.5,66.1,9.3,78,23,175,2,280,0,,
690,20/11/2024,1,280.8,Very Unhealthy,162.5,275.7,72,13.4,4.4,54.5,21.2,42.4,15.5,295,91,665,,1063,1,,
2861,30/10/2024,3,91.9,Moderate,58.5,101.9,23.8,4.9,2.12,49.8,17.4,43.1,6.7,42,13,98,1,156,0,,
3110,06/07/2025,3,31.1,Good,22.5,36.6,9.1,1.1,0.54,39,31.7,,9.9,27,8,63,1,101,0,,
3426,18/05/2023,4,94.5,Moderate,47.4,84.3,18.4,7.8,1.65,44,33.3,73.7,6.2,31,11,77,1,127,0,,
4295,03/10/2025,4,107.7,Unhealthy for Sensitive Groups,62.2,95.2,19.1,5.3,1.95,45.3,23.5,,14.6,35,11,83,1,126,0,,
1739,04/10/2024,2,122.7,Unhealthy for Sensitive Groups,68.4,108.3,26,8.2,2.17,62.3,26.3,64.9,4.1,84,25,192,1,303,0,,
237,25/08/2023,1,84.6,moderate,53.8,84.8,19.8,7,2,45.1,29.2,61.9,7.8,139,42,316,3,511,0,,
121,01/05/2023,1,161.6,Unhealthy,,141,23.6,8.5,2.78,48.9,32.7,61.5,15.3,184,57,414,4,665,1,,
1987,09/06/2025,2,66.3, Moderate,43.1,67.2,11.9,6.4,1.23,34.8,36.5,73.8,14.9,56,17,128,1,209,0,,
3802,28/05/2024,4,72.3,Moderate,46.1,81.9,10.8,4.6,1.27,55.3,34.3,81.9,14.9,30,9,65,0,119,0,,
3164,29/08/2025,3,49.7,Good,29.7,53.5,8,2.1,0.54,36.3,26.2,81.9,10.8,26,8,59,0,97,0,,
2843,12/10/2024,3,68.2,Moderate,43.2,76.5,20.1,7.8,1.46,47.3,16.7,47.2,13,40,12,92,1,150,0,,
500,14/05/2024,1,123.5,Unhealthy for Sensitive Groups,78.6,145,16.8,13.4,2.38,46.1,29.4,65.2,11.5,143,44,325,3,527,0,,
823,02/04/2025,1,209,very unhealthy,131.4,244.7,49.5,19.7,4.1,49.8,29.2,48.3,14.4,230,69,515,5,823,1,,
3626,04/12/2023,4,155.6,Unhealthy,98.4,178.1,26.6,14.2,3.71,41.3,18.4,45.8,9.5,53,16,119,1,195,1,,
3128,24/07/2025,3,10.3,Good,20.3,34.8,4.5,2.3,0.85,59.4,31.9,78.7,11.4,25,6,53,1,91,0,,
3375,28/03/2023,4,111.4,Unhealthy for Sensitive Groups,78,119.3,37.4,8.6,1.84,48.3,27.3,54.9,9.7,48,14,111,1,179,0,,
795,05/03/2025,1,239.7,very unhealthy,146.5,240.4,50.1,13.6,4.59,77.3,20.9,36.1,4.7,263,81,599,5,957,1,,
3359,12/03/2023,4,160,Unhealthy,95.5,174.7,41.5,8.4,2.33,47.6,22.2,38.3,7.8,50,15,113,1,178,1,,
2665,17/04/2024,3,243.1,Very Unhealthy,148.8,246.9,61,22.5,5.38,50.9,27,60.9,13.9,138,42,311,3,491,1,,
3292,04/01/2023,4,164.8,Unhealthy,104,177.4,48,16,3.84,47.1,18.8,37,10.4,59,18,140,1,222,1,,
568,21/07/2024,1,98.2,Moderate,53.4,95.5,23,4.5,1.9,41.7,34,86,7,122,37,276,2,441,0,,
2983,01/03/2025,3,86.3,Moderate,57.6,109.2,19.7,8.5,1.58,52.9,19.4,34.6,11.5,46,14,107,1,166,0,,
2436,01/09/2023,3,48.1,Good,25.6,39.5,3.9,3.2,1,27.2,27.3,76.2,16.8,30,8,68,1,105,0,,
3377,30/03/2023,4,119,Unhealthy for Sensitive Groups,75,127.8,28.1,8.7,2.78,40.3,27.5,,2.9,51,15,118,1,182,0,,
391,26/01/2024,1,225.2,Very Unhealthy,145.6,269.8,64.4,9.7,5.4,56.5,18.5,33.4,9.5,328,101,733,6,1170,1,,
744,13/01/2025,1,252.1,Very Unhealthy,163.5,297.5,63,25.7,4.74,64.8,18.1,22.6,7.2,358,110,797,7,1277,1,,
2401,28/07/2023,3,42.3,Good,21.5,36.7,8.3,1.8,0.64,28.1,32.4,87.2,10.4,27,8,59,0,98,0,,
1218,02/05/2023,2,106.4,Unhealthy for Sensitive Groups,65.5,115,27.7,6,1.52,44.1,29.5,58.4,6.1,90,27,205,2,323,0,,
236,24/08/2023,1,108.4,Unhealthy for Sensitive Groups,63.4,98.7,26.3,7.6,2.31,59.6,30.8,,13.5,131,39,294,3,474,0,,
332,28/11/2023,1,285.5,Very Unhealthy,177.6,289.2,47.2,20,6.22,82.5,16.1,36.6,10.1,243,75,552,5,885,1,,
3767,23/04/2024,4,100.1,Unhealthy for Sensitive Groups,62.5,107,29.3,10.8,2.44,57.4,30.8,52.9,11,42,13,92,1,148,0,,
481,25/04/2024,1,188.3,Unhealthy,115.8,209.4,34.8,17.4,4.15,69.5,32.4,62.7,12.6,184,56,415,4,662,1,,
2043,04/08/2025,2,66,Moderate,38.6,68.1,11.3,3.8,0.99,42.4,34,67.1,10.8,49,15,115,1,195,0,,
2616,28/02/2024,3,117.6,Unhealthy for Sensitive Groups,77.3,132.7,30.8,8.5,1.27,42,22.4,34.6,7.4,64,19,137,1,228,0,,
3189,23/09/2025,3,66,Moderate,36.5,62.4,7.8,6.3,0.87,54.5,28.2,64.8,13.3,33,11,78,1,127,0,,
3681,28/01/2024,4,175.5,Unhealthy,116.3,182.8,33.5,19.6,3.41,63.3,21.2,35.5,15.1,70,21,159,1,249,1,,
1678,04/08/2024,2,51.4,Moderate,40.5,63.2,19.5,5.1,1.85,19.5,32.3,73.3,12.7,49,15,117,1,182,0,,
45,14/02/2023,1,269.8,Very Unhealthy,174,293.3,70.6,29.6,4.71,62.2,17.1,36.5,6.4,300,93,670,6,,1,,
4349,26/11/2025,4,158,Unhealthy,95,155.3,31,11.3,2.06,64.4,16.9,37.2,11,46,13,104,1,167,1,,
3830,25/06/2024,4,43,good,29.3,48,4.3,4,0.59,30.7,35.6,84.4,15.6,24,8,59,0,93,0,,
4118,09/04/2025,4,115.3,Unhealthy for Sensitive Groups,74.4,130.5,19.3,13.6,2.42,35.9,27.3,63.2,11.5,50,15,110,1,172,0,,
4165,26/05/2025,4,79.4,Moderate,45.7,77.9,14.9,5.8,1.57,43.1,30.9,74.6,12,35,10,81,1,129,0,,
3437,29/05/2023,4,65.1,Moderate,45,80,12.5,2.6,1.32,65,34.1,74.4,,30,9,70,1,118,0,,
2539,13/12/2023,3,96.7,Moderate,61.6,100.9,17.2,11.9,2.15,44.3,14.7,21.7,12.1,51,16,117,1,187,0,,
3073,30/05/2025,3,46,Good,26.5,42.3,12.9,3.6,0.78,38.1,31.8,70.6,13.5,31,10,66,0,111,0,,
3135,31/07/2025,3,28.7,Good,20.4,31.9,2.7,0.8,0.15,69.9,31.4,75.4,18,24,7,59,0,97,0,,
3816,11/06/2024,4,41.6,Good,25.8,40.1,12.6,1.6,0.86,51.9,37.3,70,14.6,25,8,61,0,97,0,,
1273,26/06/2023,2,36.8,Good,35.1,66.1,5.4,2.7,1.01,60.4,34.7,74.7,12.8,56,17,126,1,199,0,,
3526,26/08/2023,4,68,Moderate,37.3,65.8,15.3,2.1,1.54,22.1,30.1,71.3,9.8,29,9,69,1,106,0,,
927,15/07/2025,1,86.6,Moderate,58.9,91.4,14.7,6.2,2.27,53.2,32.6,79.9,8.2,114,34,258,2,416,0,,
2564,07/01/2024,3,116.9,Unhealthy for Sensitive Groups,79.2,150.1,38.6,8,1.57,47.6,17.8,23.7,11.6,68,21,149,1,247,0,,
1595,13/05/2024,2,96.3,Moderate,64.1,114.6,21.4,9.7,1.65,41.8,37,64.6,10.5,80,25,188,2,296,0,,
224,12/08/2023,1,95.4,Moderate,54,81.5,16.6,5.2,1.48,28.5,29.7,84,10.3,114,35,265,,419,0,,
767,05/02/2025,1,307.4,Hazardous,198.6,303.1,77.2,34,6.94,73.2,15,22.4,9.7,343,105,764,7,1225,1,,
614,05/09/2024,1,139.7,Unhealthy for Sensitive Groups,86.5,151.7,25.5,6.4,2.76,28.5,28.9,67.5,7.9,135,41,307,3,492,0,,
2892,30/11/2024,3,130.4,Unhealthy for Sensitive Groups,77.4,134.8,33.4,9.6,1.58,49.5,16.9,45.9,13.1,38,11,93,,142,0,,
1246,30/05/2023,2,65.5,Moderate,41,64.2,13.3,12.2,1.7,46.5,32.3,63.6,11.6,61,18,131,1,224,0,,
3674,21/01/2024,4,191.5,Unhealthy,112.1,173.1,30.8,18.7,3.59,47.4,19.7,32.4,11.7,64,19,141,1,225,1,,
1541,20/03/2024,2,162.2,Unhealthy,102.4,183.6,25.2,17.4,3.44,56,26,46.4,13.3,91,28,210,2,345,1,,
3538,07/09/2023,4,75.4,Moderate,48.9,79.6,15.7,6,2.01,41.1,30.5,66,8.3,31,9,64,1,108,0,,
53,22/02/2023,1,227.7,Very Unhealthy,143,224.5,48.2,22.2,3.64,64.9,18.4,30.2,15.2,281,86,633,6,1016,1,,
530,13/06/2024,1,121.3,Unhealthy for Sensitive Groups,77.6,136.2,27.5,7.1,2.39,7.1,30.7,74.8,6.9,148,44,334,3,529,0,,
2534,08/12/2023,3,127.7,Unhealthy for Sensitive Groups,78,144.6,27.6,10.2,3.1,63.1,20.1,34.2,4.1,48,14,111,1,175,0,,
1900,14/03/2025,2,166.6,Unhealthy,99.9,163.2,39.2,9.7,2.49,48.9,26,45.6,6.9,128,39,292,2,465,1,,
403,07/02/2024,1,317.6, Hazardous,200.9,306.9,53.7,33,8.04,63.4,17.7,37.6,12.8,285,88,645,6,1027,1,,
819,29/03/2025,1,256.7,Very Unhealthy,157.5,296.3,55.2,13.2,3.72,81.8,26,41.4,12.3,268,83,604,5,970,1,,
3459,20/06/2023,4,56.2, Moderate,35.5,61.1,6.6,3.1,1.4,18.3,33.3,77.5,4.5,23,7,59,0,96,0,,
156,05/06/2023,1,118.2,Unhealthy for Sensitive Groups,81.5,133.1,18.4,16.6,2.43,33.4,35.2,78,9.6,117,36,266,2,430,0,,
3415,07/05/2023,4,74.8,Moderate,54.1,86.8,19.9,9.2,1.45,39,32,,10.1,36,11,82,1,125,0,,
2649,01/04/2024,3,88,Moderate,48.6,86.3,18,3.3,1.08,43.6,24.9,37.3,7.6,45,14,108,1,169,0,,
4340,17/11/2025,4,136.7,Unhealthy for Sensitive Groups,88.8,161.1,21.2,10.9,3.44,50.2,21.3,52.3,13.8,47,14,105,1,175,0,,
249,06/09/2023,1,157.3,Unhealthy,101,168.9,28,15.1,3.47,42.9,28.5,65.8,9.9,128,39,287,2,460,1,,
762,31/01/2025,1,331,Hazardous,211.4,318.8,76.1,18,4.24,65.9,15.4,31.7,0.5,346,106,770,,1231,1,,
1895,09/03/2025,2,182.1,Unhealthy,115.9,188.9,30.3,8.8,2.96,44.8,26.5,50.2,12.2,118,35,261,2,413,1,,
3928,01/10/2024,4,86.1,Moderate,57.3,93.7,20.5,11.6,1.96,45.5,26.5,64.9,4.7,35,10,79,1,129,0,,
2030,22/07/2025,2,44.7,Good,29.3,53.4,14.7,3.2,0.71,28.5,35.4,,6.1,48,15,121,1,184,0,,
3514,14/08/2023,4,44.9,Good,33.1,53.4,10.9,4.6,0.72,41.4,34.1,81,13.5,26,8,60,0,94,0,,
2637,20/03/2024,3,88.4,Moderate,57.5,99.4,15.9,10.7,2.01,48.5,20.6,47.2,20,48,14,104,1,167,0,,
1131,04/02/2023,2,208,Very Unhealthy,123.7,200.1,35.3,10.9,3.95,62.1,18.2,50.4,16.2,129,40,293,3,475,1,,
543,26/06/2024,1,99.8,moderate,62,112.4,16,6.2,1.82,44.7,31.2,80.2,9.3,115,34,264,2,413,0,,
794,04/03/2025,1,288.7,Very Unhealthy,186.3,282.8,74.5,17.4,6.28,65.9,18.9,41.6,12,278,86,625,5,1002,1,,
1726,21/09/2024,2,106.1,Unhealthy for Sensitive Groups,74.3,122,16.1,8.5,1.72,36.4,33.4,61.4,14.3,71,22,162,1,258,0,,
3190,24/09/2025,3,48.1,Good,34.1,53,12.5,4.1,1.03,33.6,25.7,,11.5,34,10,81,1,122,0,,
4086,08/03/2025,4,136.8,Unhealthy for Sensitive Groups,93.4,140.1,29.5,10.5,3.87,79.9,22.5,40.6,12,52,16,122,1,185,0,,
629,20/09/2024,1,129.3,Unhealthy for Sensitive Groups,88,143.8,34.9,10.1,2.57,49.4,26,50,8.2,162,49,366,3,588,0,,
2199,07/01/2023,3,132.5,Unhealthy for Sensitive Groups,85.1,158.1,30.3,10,2.45,48.4,14.9,28.6,11.2,55,18,123,1,202,0,,
4212,12/07/2025,4,38.7,Good,33.4,52.2,9.8,5.8,1.23,12.3,37.1,86.4,12.6,24,7,58,0,91,0,,
2340,28/05/2023,3,71.1,Moderate,38.6,72.1,8.3,4.6,1.12,37.2,29.7,79.7,11.6,31,9,74,1,116,0,,
3612,20/11/2023,4,125.3,Unhealthy for Sensitive Groups,78.9,131,22,11.7,2.02,52.9,22,39.3,9.6,55,16,125,,187,0,,
2430,26/08/2023,3,55.1,Moderate,,51.4,13,3.8,0.96,31.3,30.2,66.1,11.2,27,8,69,1,108,0,,
4323,31/10/2025,4,126.3,Unhealthy for Sensitive Groups,76.7,145.4,25.5,9.4,2.27,71,24,29.3,9.3,48,15,110,1,175,0,,
2735,26/06/2024,3,41,Good,21.8,33,8.3,4.2,0.34,39.7,29.1,,14.4,27,8,58,0,96,0,,
1368,29/09/2023,2,103.4,Unhealthy for Sensitive Groups,68.7,118.4,27,11.4,1.7,48,25.8,65.9,8.1,79,24,182,2,290,0,,
3273,16/12/2025,3,113.2,Unhealthy for Sensitive Groups,75.9,130.5,27.5,14.1,2.81,53.3,11.7,44.3,7.3,51,17,118,1,184,0,,
1621,08/06/2024,2,66.3,Moderate,42.4,69,16.5,5,0.97,38.7,37.5,78.2,13.4,60,18,137,1,215,0,,
2946,23/01/2025,3,95.5,Moderate,66.6,125.1,18.6,12,1.99,52.3,18.5,32.6,3.1,48,14,109,1,181,0,,
1452,22/12/2023,2,169.1,Unhealthy,105.6,182.5,43.7,10.3,3.51,65.2,20,30.8,11.7,126,38,285,2,456,1,,
2903,11/12/2024,3,103.8,Unhealthy for Sensitive Groups,71,132.8,23.3,6.1,1.37,34.3,13.7,41.7,8.6,50,15,118,1,181,0,,
1072,07/12/2025,1,264.2,very unhealthy,172.5,271.6,41.2,15.8,5.08,61.9,21.3,32.4,11.3,352,109,794,7,1268,1,,
555,08/07/2024,1,89.5,Moderate,56.8,96.6,19.2,10.1,2.39,18,33.9,89.6,8,118,36,269,2,430,0,,
1829,02/01/2025,2,166.3, Unhealthy,104.4,187.1,45.4,18.1,2.91,60.7,18.7,17.5,14.1,129,40,295,3,459,1,,
827,06/04/2025,1,221.9,Very Unhealthy,144.4,265.6,58.1,22,4.98,69.2,26,52.7,13.7,201,62,456,4,733,1,,
1640,27/06/2024,2,57.9,Moderate,36,57.1,20.6,3,1.33,49.4,36,69,7.3,59,19,140,1,217,0,,
3865,30/07/2024,4,53.2,Moderate,36.6,69.5,17.3,4.5,0.58,35.9,34.5,91.6,10.2,25,7,48,0,86,0,,
3842,07/07/2024,4,48.7,Good,31.8,52.1,6,3.6,0.52,54,35.3,83.8,0.5,26,8,57,0,,0,,
1985,07/06/2025,2,57.5,Moderate,43.1,72,14.8,8.1,1.56,31,35.4,68.5,6.3,64,19,143,1,229,0,,
2914,22/12/2024,3,93,Moderate,66.3,105.6,24.6,6,2.32,31,17.5,31.7,13.6,48,15,108,1,170,0,,
1838,11/01/2025,2,225,Very Unhealthy,133.2,203.9,46.2,10,4.68,69.4,21.1,16.7,10.4,137,42,306,3,487,1,,
3792,18/05/2024,4,80.9,Moderate,51.1,86.9,18.4,6.3,1.33,27,33.3,66.2,13.3,36,11,85,1,129,0,,
3578,17/10/2023,4,75.1,Moderate,53.8,98.9,12.1,4.5,2.59,39.4,23.8,48.6,14.4,38,10,86,1,132,0,,
2940,17/01/2025,3,86,Moderate,61.2,110.7,26.4,2.9,2.32,42.1,15.8,14.7,10,58,18,127,1,213,0,,
3421,13/05/2023,4,68.4,Moderate,48.3,74.5,13.5,8.4,1.52,37.5,33.2,73.7,10.4,36,10,78,1,128,0,,
3997,09/12/2024,4,151.4,Unhealthy,94.4,177.7,22.7,13,2.9,57.6,16.6,32.1,12.4,46,15,102,1,166,1,,
3768,24/04/2024,4,90.6,MODERATE,59,91.5,19,9.7,1.82,17.7,32.6,66.5,12.8,42,12,95,1,153,0,,
536,19/06/2024,1,107.1,Unhealthy for Sensitive Groups,67.7,107.8,18.4,8.8,1.78,28.7,29.6,85,14.9,124,36,280,2,443,0,,
3413,05/05/2023,4,86.5, Moderate,59,107.5,21,5.3,2.16,58.1,31.3,62,5.3,35,11,87,1,133,0,,
4191,21/06/2025,4,57.2,Moderate,32.5,54.3,12.5,3.4,1.25,57.4,37,79.9,7.6,32,9,75,1,114,0,,
2664,16/04/2024,3,287.2,Very Unhealthy,181.6,305,56,30.7,5.56,41.8,26.4,57.7,11.4,126,38,278,2,442,1,,
155,04/06/2023,1,112.5,Unhealthy for Sensitive Groups,69.7,115.4,22,12.8,2.34,64.6,31.4,76.6,8.4,125,38,282,2,453,0,,
3242,15/11/2025,3,78.6,Moderate,47.1,78.9,11.2,8.5,1.42,40.5,18.6,,8.1,42,13,102,1,159,0,,
4116,07/04/2025,4,122.8,Unhealthy for Sensitive Groups,70,105.8,34.6,8.3,2.16,35.7,27.1,49.2,13.9,43,13,99,1,159,0,,
3150,15/08/2025,3,46.3,Good,23,34.6,7.2,3.2,0.94,22.5,29.8,65,7.1,27,8,60,1,98,0,,
2953,30/01/2025,3,97.5,Moderate,68.1,114.6,27.8,10.6,1.56,50.6,20.1,32.9,15.5,59,18,134,1,212,0,,
1312,04/08/2023,2,56.6,Moderate,34.6,61.5,6.6,1.6,0.95,27.6,33.6,77.6,3.9,52,16,120,1,197,0,,
323,19/11/2023,1,280.6,Very Unhealthy,177.2,290.4,66.1,26.8,5.08,49,21.2,50.1,12.2,232,72,516,5,842,1,,
1711,06/09/2024,2,92.4,Moderate,51,79.8,25.7,8,1.56,42.1,31.7,65.1,5.2,58,18,138,1,210,0,,
15,15/01/2023,1,305.1,Hazardous,187.8,338,57.5,21.9,5.33,62.2,16.9,39.3,8.8,316,97,708,6,1134,1,,
3331,12/02/2023,4,152.4,Unhealthy,94.1,141.8,39.8,14.7,3.2,57.4,22.4,48.8,6.8,57,17,130,1,205,1,,
3986,28/11/2024,4,159.4,Unhealthy,96.2,164.6,38.7,12.5,3.31,72.4,15.7,29.2,7.8,62,20,142,1,221,1,,
1799,03/12/2024,2,152.4,Unhealthy,96.7,177,31.4,14.8,3.07,64.1,18.4,36.6,6,113,35,261,2,417,1,,
4300,08/10/2025,4,114.8,Unhealthy for Sensitive Groups,72.1,132.4,28,6.9,2.03,43.1,25.4,55.2,15.9,34,10,74,1,123,0,,
83,24/03/2023,1,222.9,Very Unhealthy,137,220.4,60.7,17.7,5.38,61.1,26.5,48.7,14.3,240,73,536,5,857,1,,
2561,04/01/2024,3,159,Unhealthy,94.5,176.5,25.1,17.2,3.33,53.3,17.6,31.2,2.7,55,17,125,1,204,1,,
1944,27/04/2025,2,125.7,Unhealthy for Sensitive Groups,80.2,141.3,23.9,9.5,2.12,53.2,30.9,69.3,5.5,95,30,217,2,346,0,,
1989,11/06/2025,2,68.4,Moderate,47.8,73.6,19.4,8,1.57,64.6,34.9,75,10,56,17,135,1,204,0,,
3537,06/09/2023,4,78.3,Moderate,46.2,74,25.2,7.7,1.66,39.6,29.2,71.2,1.7,26,8,63,0,95,0,,
2673,25/04/2024,3,75.7,Moderate,43.9,77.5,20.5,9.4,1.39,20.2,33.1,57.9,4.3,39,13,94,1,150,0,,
1384,15/10/2023,2,128.7,Unhealthy for Sensitive Groups,82.9,157.4,24.5,9.1,2.38,43.3,25.4,51.7,0.5,101,31,227,2,363,0,,
1575,23/04/2024,2,128.9,Unhealthy for Sensitive Groups,80.1,133.3,29.1,12.3,2.29,56,32.5,58.9,15.3,94,28,212,2,337,0,,
2978,24/02/2025,3,126.8,Unhealthy for Sensitive Groups,73,135.8,32.3,9.7,1.74,33.5,18.8,42.3,7.2,58,18,134,1,213,0,,
2724,15/06/2024,3,42.9,Good,21.5,32.4,5.5,0,0.57,31.5,29.5,83.1,3.2,24,8,60,1,99,0,,
3406,28/04/2023,4,96.7,Moderate,61.7,105.7,28.4,13,1.76,42.6,31.4,65.4,7.2,32,10,82,1,126,0,,
2059,20/08/2025,2,72.3,Moderate,40.7,74,17.8,1.6,1.03,51,34.6,77.4,6.5,57,20,136,1,221,0,,
1763,28/10/2024,2,112.9,Unhealthy for Sensitive Groups,72.1,108.6,36.9,7.1,1.95,69.4,23.6,48.9,,99,31,224,2,360,0,,
1495,03/02/2024,2,195.6,Unhealthy,131.7,212.5,31.1,14.5,4.09,65.8,23,30.4,7.7,149,46,339,3,544,1,,
832,11/04/2025,1,262.8,very unhealthy,159.4,248.9,47.3,14.9,6.39,60.8,24.5,46.2,15.1,266,82,592,5,950,1,,
2081,11/09/2025,2,83.4,Moderate,58.7,104.8,22.2,7.4,1.68,28.2,30.9,73.9,16.3,65,20,148,1,235,0,,
1175,20/03/2023,2,165.7,Unhealthy,104.1,174,29.5,9.1,2.51,45.2,27.7,43.8,10.8,121,36,271,2,434,1,,
414,18/02/2024,1,308.8,Hazardous,193.4,320.4,77.8,22.4,4.98,78.5,19.6,34.5,8.7,259,80,581,,931,1,,
2629,12/03/2024,3,120.2,Unhealthy for Sensitive Groups,65.3,115.2,20.6,9.3,2.49,62.1,19.3,43.8,1.7,50,15,111,1,185,0,,
3455,16/06/2023,4,55.4,Moderate,38.2,72,9.7,4.2,0.78,56,37.1,72.9,10.1,26,7,53,0,83,0,,
1818,22/12/2024,2,198.5,Unhealthy,122,210.8,42.5,18.7,3.85,46.5,18.9,25,8.2,128,40,289,3,457,1,,
166,15/06/2023,1,96,Moderate,57.1,89.5,14.8,9,1.69,61.7,32.8,78.9,4.9,147,45,331,3,528,0,,
4113,04/04/2025,4,122.5,Unhealthy for Sensitive Groups,71.1,118.2,18.2,8.8,2.17,33.6,31.6,53.3,2.9,46,14,107,1,168,0,,
4373,20/12/2025,4,194.1,Unhealthy,117.7,183.5,28,11.7,3.41,52,17.8,21.4,1.3,57,18,134,1,211,1,,
615,06/09/2024,1,129.5,Unhealthy for Sensitive Groups,77,138.4,28.1,8.1,1.57,29.2,25.1,75.2,7.2,151,47,344,3,547,0,,
3094,20/06/2025,3,46.5,Good,23.9,37,9.2,1.5,0.65,40.4,35.2,74.6,14.3,25,6,54,0,90,0,,
3451,12/06/2023,4,66.7,Moderate,35.8,58.7,4,4.7,0.64,45.1,36.8,86.9,14.5,29,9,68,,107,0,,
1015,11/10/2025,1,184.8,Unhealthy,115,176.9,53.3,12.7,3.26,83.9,25.4,52.3,4.3,241,74,543,5,859,1,,
2138,07/11/2025,2,161,Unhealthy,105.6,173.6,35.1,12.1,2.51,30.2,23.9,39.9,3.3,92,28,208,2,333,1,,
3058,15/05/2025,3,58.1,Moderate,38.1,59.1,15.7,3.9,1.11,56.4,29.3,,4.8,34,10,76,1,117,0,,
4247,16/08/2025,4,76.3,Moderate,40.1,65.3,17.4,4.8,1.43,28.2,29.4,75.5,16.6,28,9,64,1,99,0,,
2650,02/04/2024,3,92.5,Moderate,57.8,102.1,25.7,9.1,1.71,55.1,25,61.6,4.4,49,15,114,1,185,0,,
1238,22/05/2023,2,78.8,Moderate,56.6,93.3,24.2,8.6,1.04,57.9,34.2,67.9,8,64,20,146,1,236,0,,
3906,09/09/2024,4,70.6,Moderate,46.1,86.8,24.7,4,1.53,40.3,30.2,84.5,10.7,29,10,72,1,114,0,,
3405,27/04/2023,4,77.7,Moderate,47.9,84.2,16.7,6.7,1.63,40.9,27.7,62.7,13.1,37,11,82,1,130,0,,
2182,21/12/2025,2,173.1,unhealthy,105.1,186.2,46.3,11.1,3.83,61.4,21.1,22.8,14.1,148,45,329,3,525,1,,
3419,11/05/2023,4,75,Moderate,51.7,90.7,25,3.9,1.5,48.3,34.9,72.2,10,39,12,87,1,141,0,,
556,09/07/2024,1,95.3,Moderate,55.4,94.3,17.1,7.5,1.53,50.2,31.1,73.3,8.2,119,35,263,2,430,0,,
3080,06/06/2025,3,42.3,Good,,46.4,16.2,3.5,0.37,40.5,25.9,74.8,9.6,27,7,59,1,98,0,,
3101,27/06/2025,3,39.5,Good,24.5,44.3,12.5,4.7,0.21,4.5,32,76.1,10,24,7,50,0,80,0,,
2369,26/06/2023,3,21.5,Good,20.5,36.8,7.9,4.4,0.4,31.8,32.4,77.3,0.5,28,9,65,1,101,0,,
2304,22/04/2023,3,72.4,Moderate,41.8,74.2,14.6,6.7,1,35.7,27.2,70.8,12.1,40,14,95,1,162,0,,
1212,26/04/2023,2,130.5,Unhealthy for Sensitive Groups,85.9,132.7,25.9,10.6,2.76,35.9,31.9,71.7,4.8,76,23,170,1,273,0,,
635,26/09/2024,1,165.3,Unhealthy,101.8,193.1,36.1,14,2.62,49.4,25.1,51.8,9.8,218,66,493,4,784,1,,
1056,21/11/2025,1,324.5,Hazardous,205.2,355.7,53,19.7,6.84,61.1,18.3,33.8,7.7,292,90,659,6,1051,1,,
2341,29/05/2023,3,39.9,Good,27.3,47.5,15.9,3,0.66,40.7,29.9,70.3,16.8,32,9,75,1,117,0,,
797,07/03/2025,1,304.8,Hazardous,194.1,292.6,56.4,19.4,7.43,60.2,21.3,41.2,14.1,305,94,687,,1097,1,,
2815,14/09/2024,3,62.8,Moderate,36.3,65.8,9.2,3.2,1.71,24.6,24.9,63.7,13.4,36,11,77,1,126,0,,
1081,16/12/2025,1,334.9,Hazardous,205.8,380.5,77.5,19.9,7.98,72.2,18.3,30.6,9.4,408,125,912,8,1458,1,,
1655,12/07/2024,2,59.3,Moderate,37.5,67.3,11.8,5.5,1.57,26.4,36.9,61.8,7.7,50,15,125,1,194,0,,
1608,26/05/2024,2,77.5,Moderate,47.9,84.4,17,3,0.85,61.9,37.3,74.4,9.8,66,18,146,1,232,0,,
145,25/05/2023,1,129.5,Unhealthy for Sensitive Groups,,113.1,17.1,9.5,3.12,47.7,31.3,,18,135,41,314,3,500,0,,
91,01/04/2023,1,229.6,Very Unhealthy,142.9,265.5,51.4,20.5,4.57,59,24.9,50.1,10.1,231,72,524,5,835,1,,
683,13/11/2024,1,294.2,Very Unhealthy,182.6,334.6,69.1,31.7,4.22,54.7,20.2,41.5,8.2,261,80,585,,938,1,,
3432,24/05/2023,4,64.3,Moderate,45,69,14.9,4.4,0.85,51.3,35,70.9,3,30,9,69,1,110,0,,
94,04/04/2023,1,210.9,Very Unhealthy,129.8,240.9,33.1,11.1,4.68,56,28.9,55.7,14.4,240,73,541,5,869,1,,
835,14/04/2025,1,197.7,Unhealthy,124.1,222.4,39.7,15.6,3.9,52.9,23.9,64.8,9.4,267,81,599,5,962,1,,
4244,13/08/2025,4,65.2,Moderate,37.5,67.6,16.7,3.5,1.6,39.5,28.1,70.2,7.2,28,9,61,0,92,0,,
1401,01/11/2023,2,151.7,Unhealthy,86.2,148.9,41.1,12.3,2.91,54.4,24.3,41.3,11.7,97,29,225,2,357,1,,
3980,22/11/2024,4,143.5,Unhealthy for Sensitive Groups,92.1,157.2,40.8,11.4,2.41,34.3,25.7,36.5,13.7,51,15,117,1,184,0,,
2292,10/04/2023,3,86.6,Moderate,56.4,88.4,13.8,6.5,2.26,58.4,24.6,57.4,17.6,43,13,97,1,161,0,,
1501,09/02/2024,2,193.1,Unhealthy,126.3,192.1,53.8,20.1,3,45.4,21,35.9,5,125,38,282,2,452,1,,
2263,12/03/2023,3,135.3,Unhealthy for Sensitive Groups,80.2,126.7,35.5,10.5,2.13,37,20,41.3,7,50,15,117,1,194,0,,
1469,08/01/2024,2,171.5,Unhealthy,104.9,169.2,45,10.2,4.12,52.4,24.9,22.3,6.4,117,37,263,2,424,1,,
3929,02/10/2024,4,103.3,Unhealthy for Sensitive Groups,67.5,119,33.7,11.1,1.74,53.5,23.1,52.3,13.4,38,11,91,1,145,0,,
3246,19/11/2025,3,83.8,Moderate,54.9,91.8,15,7.5,1.34,65.7,12.3,46.7,2.6,49,15,115,1,185,0,,
999,25/09/2025,1,175.4,Unhealthy,109.8,173.6,42.2,10.8,3.14,60.7,24.8,56.7,,190,58,429,4,690,1,,
854,03/05/2025,1,168.9,Unhealthy,111.5,208.6,32.1,15.2,3.23,40.4,29.5,55.3,,195,60,437,4,697,1,,
3876,10/08/2024,4,52.8, Moderate,28.7,44.3,9.4,4,0.65,30.3,35.2,82.2,8.7,25,7,59,0,96,0,,
1143,16/02/2023,2,184.5,Unhealthy,116.8,200.6,31.1,17.9,2.14,49.6,20.6,36.3,14.4,127,39,283,2,,1,,
2275,24/03/2023,3,93.1,Moderate,56.7,93.2,21.3,10.2,1.24,24.8,22.7,48.5,6.6,52,16,126,1,193,0,,
1104,08/01/2023,2,200.7,Very Unhealthy,108.9,173,38.6,19.2,3.28,65.3,19.9,,8.4,131,40,291,3,469,1,,
85,26/03/2023,1,199.2,Unhealthy,123.4,200.7,40.2,14.3,2.93,51.9,27.7,49.3,19,227,69,515,4,823,1,,
2211,19/01/2023,3,133.1,Unhealthy for Sensitive Groups,79.5,149.4,32.7,11.3,2.89,49.5,16.2,25.8,12.1,53,16,120,1,193,0,,
3441,02/06/2023,4,61.2,Moderate,36.6,66,14.5,3.6,0.89,41.3,38.3,79,12.1,30,9,69,1,107,0,,
1568,16/04/2024,2,99.3,Moderate,77.4,140,33.8,8.8,2.11,50,33.2,54.9,6.5,90,27,200,2,318,0,,
1661,18/07/2024,2,71.1,Moderate,38.3,65.1,12.4,6,1.46,56.9,32.6,75.1,5.6,55,17,128,1,205,0,,
1557,05/04/2024,2,177.2,Unhealthy,110.9,189.5,33.1,19.3,3.55,53.8,29.9,54.2,10.6,106,33,241,2,388,1,,
3765,21/04/2024,4,118.7,Unhealthy for Sensitive Groups,69.6,127.9,27.5,10.2,1.47,63.9,30,58.9,15,44,14,97,1,162,0,,
3585,24/10/2023,4,130.1,Unhealthy for Sensitive Groups,74.5,139.6,28.2,4.9,1.97,51.4,24.1,47.5,17.6,40,12,97,1,149,0,,
1886,28/02/2025,2,191.5,Unhealthy,123.1,227.5,39.6,13.7,4.9,71.8,23.4,30.2,15.9,111,35,252,2,408,1,,
3145,10/08/2025,3,39.8,Good,23.1,39.6,12.1,2.3,0.65,54.3,28.5,75.5,12,24,7,55,0,87,0,,
1867,09/02/2025,2,194.3,Unhealthy,117.2,185.9,30.8,14.7,3.79,55,18.4,38.9,9,118,36,266,2,424,1,,
2875,13/11/2024,3,101.4,Unhealthy for Sensitive Groups,60.5,98.6,23.4,11.8,2.28,50.6,18.3,43.2,6.9,44,14,102,1,173,0,,
3589,28/10/2023,4,135.8,Unhealthy for Sensitive Groups,77.7,129,27.4,12.8,2.73,48.3,23.5,59.7,10.6,48,15,112,1,178,0,,
3268,11/12/2025,3,107.5,Unhealthy for Sensitive Groups,67.1,118.8,18.9,4.9,1.49,63.3,17.4,40.1,9.4,50,15,122,1,186,0,,
2885,23/11/2024,3,113.7,Unhealthy for Sensitive Groups,67.4,113.7,14.8,7.7,1.47,45.2,13.6,46.7,13,46,16,109,1,171,0,,
2891,29/11/2024,3,124.7,Unhealthy for Sensitive Groups,64.8,119.9,26,9.5,2.19,48.5,16.7,33.8,11.3,51,15,111,1,184,0,,
3008,26/03/2025,3,101.9,Unhealthy for Sensitive Groups,60,105.1,18.2,9.3,2.26,36.1,23.5,49.7,,40,12,97,1,149,0,,
1827,31/12/2024,2,192.6,Unhealthy,115.9,183.1,44.7,19.4,4.07,63.9,17.8,42.5,11,142,44,319,3,518,1,,
3924,27/09/2024,4,80.6,Moderate,47.6,71.8,18.8,5.5,1.86,41.7,28,64.5,9,35,10,78,1,121,0,,
2641,24/03/2024,3,105.2,Unhealthy for Sensitive Groups,62.8,112,24.4,11.8,2.72,42.7,22.3,51.3,8.4,40,13,99,1,155,0,,
1526,05/03/2024,2,138.9,Unhealthy for Sensitive Groups,90.4,143.7,28,10.4,3.28,56,26.9,33,11.5,139,43,316,3,500,0,,
1563,11/04/2024,2,158.1, Unhealthy,100.4,183.1,35.2,8.4,3.23,58.1,26.5,40.8,9,100,31,224,2,364,1,,
344,10/12/2023,1,312.1,HAZARDOUS,183.8,313.1,66.3,22.4,3.78,91,15.3,40.6,7.4,229,70,511,4,824,1,,
2543,17/12/2023,3,116,Unhealthy for Sensitive Groups,73,121.8,34.4,4.3,2.75,36.6,17.5,26.9,18.8,51,16,121,1,193,0,,
3386,08/04/2023,4,120.8,Unhealthy for Sensitive Groups,74.3,124,22.1,11.2,1.69,43.3,31.9,45.1,3.1,50,15,110,1,180,0,,
2413,09/08/2023,3,57.9,Moderate,28.5,47.3,10.7,6.9,0.69,35.7,31.3,87.4,12.1,26,8,62,1,98,0,,
2708,30/05/2024,3,33.4,Good,23.9,39.7,6.2,1.7,0.51,39.5,31.5,72.4,4.4,33,10,71,1,112,0,,
1111,15/01/2023,2,148.7,Unhealthy for Sensitive Groups,97.2,184.2,45,8.3,3.12,56.5,21.4,22.6,10,133,40,300,3,479,0,,
3443,04/06/2023,4,80.7,Moderate,44.1,81.7,17.5,5.9,1.49,46.7,30.3,76.1,8.2,30,9,65,0,103,0,,
2214,22/01/2023,3,129,Unhealthy for Sensitive Groups,79.1,145.2,31.4,7.7,2.45,67,15.8,33.4,5.7,58,17,129,1,211,0,,
1360,21/09/2023,2,107.5,Unhealthy for Sensitive Groups,61.8,101.4,16.4,11,2.18,42.2,30.3,66.9,,88,27,200,2,313,0,,
2108,08/10/2025,2,74.9,Moderate,60.1,106,20.2,3.6,1.94,54.4,27,53.5,8.1,82,25,183,2,297,0,,
1379,10/10/2023,2,125.3,Unhealthy for Sensitive Groups,70.7,124.6,19.2,11.4,1.74,26.4,25.9,50.1,8.8,78,24,178,2,284,0,,
2829,28/09/2024,3,58.6,Moderate,39.8,70,11.9,5.9,0.67,42.7,23.1,57.3,,32,10,78,1,123,0,,
425,29/02/2024,1,243.8,Very Unhealthy,156.9,293.6,66.3,13.4,3.01,66.2,21.7,43.4,14.9,267,81,601,5,958,1,,
293,20/10/2023,1,222.8,Very Unhealthy,144.2,237.1,38.3,20.8,3.53,40.8,24.4,48.3,6.2,208,65,471,4,748,1,,
1066,01/12/2025,1,296.7,Very Unhealthy,187.7,320.1,65.5,23.7,5.57,41.6,17,39.3,12.3,291,91,657,6,1051,1,,
2378,05/07/2023,3,39.6,Good,21.8,37,3.8,3,0.8,33.5,29.6,72.1,11.4,28,8,63,0,105,0,,
2128,28/10/2025,2,140.9,Unhealthy for Sensitive Groups,85.8,136.2,22.6,16.5,1.93,69.5,22.5,44.1,11.6,104,32,236,2,375,0,,
1718,13/09/2024,2,100.4,Unhealthy for Sensitive Groups,58,103,20.1,4.5,1.96,52.5,29.7,72.3,8.8,80,23,182,1,287,0,,
938,26/07/2025,1,104.7,Unhealthy for Sensitive Groups,60.4,102.8,23.4,7.2,1.91,52,33.5,88.5,9.3,122,37,278,2,440,0,,
3780,06/05/2024,4,105.3,Unhealthy for Sensitive Groups,61,97.8,21.3,7.7,1.33,63.2,31.1,60.4,13,37,10,82,1,130,0,,
3965,07/11/2024,4,153.5,Unhealthy,94.1,151.9,39.9,12,2.52,39.9,20.7,,7.3,44,14,106,1,163,1,,
3991,03/12/2024,4,126.8,Unhealthy for Sensitive Groups,86.1,154.3,25.5,11.9,3.31,69.4,19.7,30.9,8.7,52,16,114,1,185,0,,
255,12/09/2023,1,135,Unhealthy for Sensitive Groups,81.8,145.8,26.1,10,3.48,45.7,28,72.8,9.6,154,47,347,,557,0,,
1483,22/01/2024,2,162.2,Unhealthy,110.7,171.3,40.7,19.6,3.51,67.1,22.7,27.5,18,170,53,385,3,610,1,,
945,02/08/2025,1,106.6,Unhealthy for Sensitive Groups,64.8,122.4,27.9,7.4,2.88,50.6,31.5,76.6,13.1,131,40,292,3,474,0,,
3184,18/09/2025,3,52.5,Moderate,31.7,58.9,10.4,2.8,0.55,30,26.3,63.2,3.4,34,11,75,1,126,0,,
3267,10/12/2025,3,116.6,Unhealthy for Sensitive Groups,71,124,22.7,10.2,2.26,59.1,16.8,29.7,13.4,44,13,96,1,156,0,,
2908,16/12/2024,3,106,Unhealthy for Sensitive Groups,69.3,119.7,21.4,7.4,2.9,49.4,17,33.6,9.2,45,13,100,1,161,0,,
970,27/08/2025,1,122.8,Unhealthy For Sensitive Groups ,78.4,121.7,24.7,5.9,2.6,30.8,29.5,75.5,4,139,42,315,3,500,0,,
497,11/05/2024,1,121.4,Unhealthy for Sensitive Groups,78,123.2,24,12.6,2.91,53.9,30.3,84.2,9.1,182,55,410,4,656,0,,
1830,03/01/2025,2,181,Unhealthy,111.8,175.1,38.5,13.9,4.21,60.3,15.3,32.2,8.7,124,38,284,2,453,1,,
2178,17/12/2025,2,188.7,Unhealthy,122.5,214.3,26.8,9.1,4,45.9,19.9,34.1,12.4,120,37,275,2,436,1,,
338,04/12/2023,1,282.6,Very Unhealthy,177.4,278,59.3,30.2,3.56,59.8,19.2,35.4,2.9,281,86,636,6,1010,1,,
1149,22/02/2023,2,183.8,Unhealthy,113.7,201.3,43.6,11,3.16,53.1,21.3,39.3,11.6,121,37,279,2,438,1,,
2244,21/02/2023,3,123.9,Unhealthy for Sensitive Groups,73.1,109.8,30.5,7.8,2.78,48.9,20.1,39.4,0.9,66,20,152,1,246,0,,
1177,22/03/2023,2,154.1,Unhealthy,91.2,143.6,25.2,13,2.51,25.5,27,40.9,17.6,103,31,229,2,368,1,,
3969,11/11/2024,4,140.7,Unhealthy for Sensitive Groups,84.7,160.6,30.8,9.7,2.13,64.5,19.8,40.3,15.5,45,14,105,1,170,0,,
2152,21/11/2025,2,153,Unhealthy,103.3,164.2,30.7,15,2.77,54.4,22.7,38.6,,116,35,260,,413,1,,
2011,03/07/2025,2,54.5,Moderate,35.1,55.9,9.4,6,1,52.7,33.9,78.3,18.3,51,15,117,1,187,0,,
2492,27/10/2023,3,104.7,Unhealthy for Sensitive Groups,61.2,110.1,21.6,11.6,1.52,33.9,19.3,49.2,,40,12,93,1,155,0,,
4353,30/11/2025,4,155.2,Unhealthy,101.4,161.9,42.9,18,3.05,68.4,17.6,33,3.8,51,16,112,1,182,1,,
1811,15/12/2024,2,193,Unhealthy,111.9,194.6,49.7,7.3,2.28,28,18,24.2,6.8,131,40,292,3,475,1,,
1995,17/06/2025,2,76.2,Moderate,42.9,79.4,14.9,5.4,1.03,62.2,36.1,76.6,,61,18,138,1,221,0,,
2933,10/01/2025,3,121.7,Unhealthy for Sensitive Groups,70.9,131.1,20.5,8.8,1.56,47.5,14.8,39,10.2,54,16,125,1,197,0,,
2825,24/09/2024,3,59.8,Moderate,,64.9,12.3,6.4,0.75,42.9,24,58.9,9.8,33,9,70,1,114,0,,
2898,06/12/2024,3,138.2,Unhealthy for Sensitive Groups,77.8,123.9,29.6,8.3,3.39,28.3,16.2,27.6,10.5,48,14,107,1,168,0,,
2276,25/03/2023,3,87.6,Moderate,59,111.7,18.4,10,1.85,46.1,23.6,47.4,16.6,52,15,111,1,182,0,,
435,10/03/2024,1,284.7,Very Unhealthy,178.7,273.9,60.5,26.1,4.33,59.1,23.4,46.7,8.5,286,89,643,6,1032,1,,
2824,23/09/2024,3,65.5,Moderate,37,59.2,7.1,7.2,1.43,54.5,24.6,62.8,2.1,35,10,80,1,130,0,,
3756,12/04/2024,4,106.2,Unhealthy for Sensitive Groups,70.9,118.8,11.2,7,1.68,45.6,32,48.6,9.1,48,14,108,1,168,0,,
2505,09/11/2023,3,104.9,Unhealthy for Sensitive Groups,53.2,97.7,17.1,6.8,1.26,20.8,18.8,46.4,10.6,45,14,98,1,161,0,,
3212,16/10/2025,3,77.5,Moderate,53.5,81.3,20,10.5,1.57,11.8,21.7,48.6,6.3,33,10,82,1,133,0,,
3541,10/09/2023,4,75.3,Moderate,46.1,79.9,14.2,6.2,1.61,37.5,31.5,72.4,11.8,33,9,72,1,118,0,,
3271,14/12/2025,3,114.5,unhealthy for sensitive groups,74.2,128,27,7.8,1.49,41.2,14.2,36.3,7.8,51,16,118,1,188,0,,
1942,25/04/2025,2,130.5,Unhealthy for Sensitive Groups,75.2,118.8,26.6,8.1,2.58,36.5,32,69.4,17.3,75,24,177,1,276,0,,
1892,06/03/2025,2,165.3,Unhealthy,103.4,174.1,40.8,9.6,2.7,43.1,22.9,48.2,11.9,123,38,276,2,436,1,,
3600,08/11/2023,4,130.5,Unhealthy for Sensitive Groups,89.1,163.3,33.8,15,2.71,44.8,18.5,43.6,0.5,40,12,90,1,151,0,,
1266,19/06/2023,2,52,Moderate,,71.8,13.1,5.4,1.26,30.1,36,75.4,7.9,58,18,134,1,215,0,,
2598,10/02/2024,3,119,Unhealthy for Sensitive Groups,67,120.9,31.1,10.3,2.44,66,17.8,41.9,18.4,56,17,126,1,204,0,,
1411,11/11/2023,2,152.3,Unhealthy,101.3,157.1,34.4,8.7,3.2,51,21.6,42.8,18.4,104,33,242,2,382,1,,
1215,29/04/2023,2,124,Unhealthy for Sensitive Groups,76.8,140.1,24.5,7.1,2.37,43,30.1,63.6,5.7,97,30,227,2,,0,,
967,24/08/2025,1,116.6,Unhealthy for Sensitive Groups,73.8,114.3,27.6,8.3,3.19,33.3,30,65.8,10.7,136,41,309,3,499,0,,
1231,15/05/2023,2,99.4,Moderate,57.2,89.4,16.5,9,1.84,40.7,31,58.8,4.7,76,23,167,1,276,0,,
606,28/08/2024,1,115.1,Unhealthy for Sensitive Groups,79.8,126.6,29.1,12.4,2.88,64.5,29.8,73,16.5,152,46,346,3,552,0,,
105,15/04/2023,1,184.6,Unhealthy,107.8,170.7,46,15.4,3.82,23.7,29.3,44.2,10.6,234,71,524,5,843,1,,
646,07/10/2024,1,191.2,Unhealthy,116.5,195.6,27.9,12.5,2.31,80.5,21.9,50.9,14.3,234,72,528,5,,1,,
3089,15/06/2025,3,30.9,Good,21.3,38.4,12,3.1,0.92,59.4,34.4,82.9,10.4,27,8,57,1,97,0,,
1020,16/10/2025,1,244.2,Very Unhealthy,143.3,216.9,56.4,21.5,3.46,55.3,21.9,50.1,12.1,222,69,507,4,813,1,,
92,02/04/2023,1,194.8,Unhealthy,131.6,231.5,53.9,10.8,4.83,53.5,22.7,48.8,13.2,243,73,542,,870,1,,
2871,09/11/2024,3,99.1,Moderate,57.5,102.6,22.6,8.3,2.29,34.9,17.6,35.8,6.7,45,14,100,1,170,0,,
909,27/06/2025,1,108.6,Unhealthy for Sensitive Groups,64.3,103.8,25.2,12.6,2.71,44.4,35.5,73.6,16.4,146,44,333,3,532,0,,
2151,20/11/2025,2,175.2,Unhealthy,103.6,191.7,26,10.1,3.12,59.1,26,41.4,13.8,106,33,238,2,383,1,,
239,27/08/2023,1,106.1,Unhealthy for Sensitive Groups,62.6,96.3,29.3,7.3,2.38,53.7,31.7,79.8,7,124,37,281,2,449,0,,
3141,06/08/2025,3,39.4,Good,22.6,42.4,6.7,0.7,0.64,39.1,26.6,76.1,7.7,24,7,54,0,89,0,,
943,31/07/2025,1,108.2,Unhealthy for Sensitive Groups,65.3,108.2,35.6,10.4,2.14,47.3,37.5,72.9,11,131,38,297,3,469,0,,
1271,24/06/2023,2,76.5,Moderate,,79,15.6,6.3,1.16,47.4,35.5,76.9,7.7,52,15,120,1,189,0,,
939,27/07/2025,1,109.8,Unhealthy for Sensitive Groups,66.9,123.4,19.2,10.6,1.71,47.4,32.1,79.8,14.3,124,37,280,2,449,0,,
3230,03/11/2025,3,77.3,Moderate,49.7,76.5,14.3,2.8,1.28,46.2,23.2,41,13.5,41,12,92,1,150,0,,
3552,21/09/2023,4,84.8,Moderate,55,92.7,15,10.7,1.53,58.3,25.4,59.6,14.1,30,9,71,1,107,0,,
1863,05/02/2025,2,175.3,Unhealthy,108.9,201.7,36.4,13.2,2.1,63.2,23,24.7,9.3,122,37,277,2,440,1,,
1670,27/07/2024,2,48.4,Good,30.5,48.2,5.9,4.8,0.77,51.4,37.3,75.5,14.5,54,17,123,1,198,0,,
6,06/01/2023,1,247.3,Very Unhealthy,155.2,259.1,64.1,23.5,4.92,94.8,16.1,32.6,5.4,312,96,700,6,1121,1,,
3944,17/10/2024,4,106.7,Unhealthy for Sensitive Groups,68.2,103.9,29.4,6.8,1.18,53.3,23.7,48,2.7,39,12,90,1,139,0,,
3014,01/04/2025,3,95.4,Moderate,59,88.6,22.7,7,1.97,37.6,30.8,49.7,19.1,44,12,100,,162,0,,
19,19/01/2023,1,298,Very Unhealthy,195.2,304,60.2,22,6.8,63.6,20.3,28.8,8.9,272,83,616,5,975,1,,
1971,24/05/2025,2,85.7,Moderate,53.2,99.6,15.4,7.3,1.74,28.2,35.6,78.4,3.9,67,19,154,1,241,0,,
2710,01/06/2024,3,41.9,Good,28.7,45.1,9.1,5.6,1.1,45.1,32.3,77.2,10.5,33,10,75,1,125,0,,
812,22/03/2025,1,236.4,Very Unhealthy,151.9,238.7,59.1,18.7,3.94,69.6,21.4,51,10.2,265,82,598,5,954,1,,
1301,24/07/2023,2,54.1,Moderate,36.7,63.8,11,3.3,1.37,51.2,35.5,82.1,11,49,14,117,,189,0,,
4354,01/12/2025,4,153.4,Unhealthy,91.6,160.3,31.1,12.7,2.52,35.6,19.5,37.4,7.8,55,15,119,1,189,1,,
261,18/09/2023,1,127.3,Unhealthy for Sensitive Groups,87.7,135.6,25.2,11.3,2.84,36.6,23.3,61.7,14.1,152,46,341,3,554,0,,
1805,09/12/2024,2,197,Unhealthy,,200.6,40.4,10.5,5.07,56.1,23.1,32.8,14.7,101,32,230,2,372,1,,
1571,19/04/2024,2,97.6,Moderate,66.8,110.9,31.3,9.2,1.4,63.5,30.2,67,6.9,94,27,207,2,329,0,,
2455,20/09/2023,3,62.7,Moderate,40.2,73.2,17.4,5.9,1.64,50,24.5,58.7,11.4,34,11,80,1,123,0,,
1744,09/10/2024,2,102.2,Unhealthy for Sensitive Groups,63.7,99,18.2,7.9,1.9,57.9,26.8,53.1,9,91,28,207,2,330,0,,
1631,18/06/2024,2,72,Moderate,50.3,84.5,18.4,6.2,1.79,43.1,33.1,80.8,3.5,63,19,146,1,225,0,,
1717,12/09/2024,2,98,Moderate,,92.8,27,7.9,1.97,26.4,28.1,71.5,10.4,69,20,154,1,249,0,,
521,04/06/2024,1,110.7,Unhealthy for Sensitive Groups,66.2,106.1,24.5,6.4,2.86,34.6,29.6,68,11,133,39,307,3,486,0,,
3938,11/10/2024,4,132.5,Unhealthy for Sensitive Groups,75.1,142,16,11.5,2.49,37.7,25.1,45.3,17.1,41,13,97,1,157,0,,
3483,14/07/2023,4,59.1,Moderate,28.1,47.3,9,5.5,1.14,65.4,32.9,84.3,9.9,24,8,57,1,89,0,,
1659,16/07/2024,2,68.3,Moderate,36.1,64.9,9.6,2.8,0.8,43.7,37.7,95.3,15.4,57,16,126,1,204,0,,
3473,04/07/2023,4,40,Good,31.2,55.5,9.9,3.8,1.26,38.3,33.7,,9.1,22,8,57,0,89,0,,
2476,11/10/2023,3,85.7,Moderate,52.4,95.8,22.8,6.3,1.88,31.4,24,50.1,11.6,38,13,86,1,146,0,,
3949,22/10/2024,4,121.6,Unhealthy for Sensitive Groups,76.6,131.4,23.6,8,1.79,53.4,22,50.6,,42,13,95,1,157,0,,
3935,08/10/2024,4,124.9,Unhealthy for Sensitive Groups,71.2,126.5,24.9,10.7,2.45,55.3,23.9,52,15.5,39,12,95,1,145,0,,
3646,24/12/2023,4,141.2,Unhealthy For Sensitive Groups ,88.3,140.9,31.2,13.2,2.16,62.4,18.3,25.8,8.5,67,21,147,1,243,0,,
764,02/02/2025,1,333.9,Hazardous,210.7,331,88.4,28.9,4.84,53.3,20.8,30.4,6.6,362,111,808,7,1296,1,,
1092,27/12/2025,1,337.3,Hazardous,207.2,326.6,64.8,28.4,7.14,80.5,19.6,29.3,9,354,108,793,7,1271,1,,
3609,17/11/2023,4,140.6,Unhealthy for Sensitive Groups,94.9,163.9,28,6.7,2.88,53.6,23.5,48.8,7.8,49,14,114,1,179,0,,
1102,06/01/2023,2,231.3,Very Unhealthy,138.6,222.2,43.5,24.1,5.43,63.1,20,30.4,12,136,42,302,3,491,1,,
959,16/08/2025,1,130.5,Unhealthy for Sensitive Groups,70,115,26.9,13.1,2.03,39.8,32.1,72.4,11.9,146,44,328,3,521,0,,
560,13/07/2024,1,84,Moderate,51.8,96.6,16,8.8,1.76,42.5,29.1,78.5,10.8,109,32,246,2,391,0,,
1520,28/02/2024,2,177.1,Unhealthy,111.5,192.9,44.2,13.4,2.52,43.6,20,39.2,10.3,120,37,269,2,434,1,,
4352,29/11/2025,4,175.2,Unhealthy,104.6,161.8,48.4,17.4,3.55,24.1,18.1,41,9.7,53,16,124,1,194,1,,
2485,20/10/2023,3,72.1,Moderate,50,81.2,8.7,8.3,0.86,60.7,22.1,52.2,6.4,41,13,90,1,146,0,,
367,02/01/2024,1,285.3,Very Unhealthy,174.1,285.4,52.4,30.6,4.43,65,15,33.4,12.5,277,85,624,6,994,1,,
3902,05/09/2024,4,64.6,Moderate,41.3,67.3,14.1,3.6,1,50.7,31.2,63.6,4.1,28,8,60,0,96,0,,
1949,02/05/2025,2,105.2,Unhealthy for Sensitive Groups,65.8,113.9,22.7,7.1,1.89,41.2,30.3,65.7,11.1,92,27,207,2,331,0,,
4166,27/05/2025,4,64.6,Moderate,40.9,70.5,14.3,5.2,0.86,28.2,34.6,83.4,6.4,26,8,66,1,112,0,,
1573,21/04/2024,2,112.6,Unhealthy for Sensitive Groups,73.3,124.7,22.9,8.4,2.87,31.4,28.5,57.1,4.4,103,31,236,2,370,0,,
809,19/03/2025,1,267.1,Very Unhealthy,159.3,253.2,60.6,25.7,5.49,49.9,25.4,50.1,10.7,304,94,688,6,1092,1,,
3233,06/11/2025,3,88,Moderate,54.1,86.2,25.5,8.2,1.7,47.8,19.1,32.3,12.2,40,13,96,1,149,0,,
3947,20/10/2024,4,115.4,Unhealthy for Sensitive Groups,67.4,126.3,27.4,9.1,2.1,45.6,21.2,59.7,16,40,12,96,1,152,0,,
12,12/01/2023,1,311,Hazardous,193.2,353.3,66.4,16.1,7.5,56.2,18.7,19.3,7.6,296,90,662,6,1053,1,,
2026,18/07/2025,2,46.9,Good,29.6,55.2,10.5,4.4,1.22,47.5,34.7,80.8,14.1,53,16,120,1,191,0,,
177,26/06/2023,1,115,Unhealthy for Sensitive Groups,66.6,101.4,24.5,12.5,1.44,28.2,33.4,83.9,4.4,105,32,245,2,380,0,,
2489,24/10/2023,3,69.6,moderate,50.8,80,19,5.2,1.99,71.3,23.1,36.2,6.1,42,12,95,1,144,0,,
3887,21/08/2024,4,73.8,Moderate,43.6,68.8,21.4,6.5,0.96,29.2,30.1,62.9,11.2,26,8,60,0,91,0,,
2570,13/01/2024,3,158.3,Unhealthy,87.8,153.8,22.8,5.2,2,41.5,12.9,32.2,14.1,60,17,140,1,222,1,,
3521,21/08/2023,4,55.4,Moderate,34.2,53.2,20.9,4.1,0.99,50.3,33.4,74.6,7.6,27,8,58,1,103,0,,
3761,17/04/2024,4,76.7,Moderate,53.9,86.7,11,9.3,1.18,71.6,30.2,70.7,17.1,43,13,102,1,156,0,,
3283,26/12/2025,3,83.7,Moderate,,114.7,19.3,10.8,1.92,52.7,11.6,24.4,9.5,51,16,114,1,186,0,,
1665,22/07/2024,2,56.6,Moderate,34.4,52.4,15.2,2.7,1.44,41.2,34.3,85.4,4.2,53,16,125,1,197,0,,
2192,31/12/2025,2,205,Very unhealthy ,130.8,208,50.3,13.1,4.87,56.5,21.3,39.9,9.6,139,42,314,3,498,1,,
3371,24/03/2023,4,121.8,Unhealthy for Sensitive Groups,75.7,116,24.8,8.6,1.63,80.5,29.5,46.7,7.1,43,14,96,1,155,0,,
2661,13/04/2024,3,306.6, Hazardous,188.7,313.4,53.8,26.6,4.47,48.2,26.6,60.6,14.4,84,26,197,2,309,1,,
4253,22/08/2025,4,78.5,Moderate,35.4,67.2,15.1,2.4,1.18,32.2,30.9,68.2,13.4,25,6,53,0,89,0,,
3579,18/10/2023,4,109.3,Unhealthy for Sensitive Groups,64.8,106.7,21.9,11.1,1.85,51.8,26.4,56.6,12.1,42,13,101,1,156,0,,
2047,08/08/2025,2,67.5,Moderate,42.8,65.5,10.8,8.7,1.57,52.2,35.1,80.7,10.9,53,16,125,1,192,0,,
2625,08/03/2024,3,100.7,Unhealthy for Sensitive Groups,56.3,93.8,14.7,6.7,1.68,54.7,21.5,37.3,10.3,48,16,113,1,189,0,,
3411,03/05/2023,4,97.1,Moderate,57.4,99.4,26.7,4.7,1.19,28.9,29.2,61.6,12.9,35,11,80,1,129,0,,
1186,31/03/2023,2,164,Unhealthy,96.7,182.9,31.8,13.2,2.24,48.5,29.4,49.2,12.2,118,36,267,2,431,1,,
1007,03/10/2025,1,205.9,Very Unhealthy,126.2,227.9,30.2,12.1,3.77,33,21.5,44,0.9,209,64,471,4,752,1,,
3570,09/10/2023,4,105.1,Unhealthy for Sensitive Groups,67.4,110.6,27.4,12.1,2.24,47.2,25.1,56.8,19,39,12,86,1,148,0,,
3738,25/03/2024,4,118.5,Unhealthy for Sensitive Groups,75.4,130.6,26.3,10,1.75,55.6,27.4,50.8,3.6,48,14,106,1,174,0,,
2050,11/08/2025,2,53.6,Moderate,35,61.1,16.9,6.6,1.5,34.9,35.8,82,20.4,60,17,131,1,218,0,,
4012,24/12/2024,4,141.6,Unhealthy for Sensitive Groups,84.2,130.2,20.7,9.6,1.88,59.6,17.8,33.3,14.9,53,16,113,1,185,0,,
270,27/09/2023,1,156.2,Unhealthy,99.4,151.6,30.4,10.6,3.17,47.3,24.4,65.2,13.7,173,53,393,3,628,1,,
1994,16/06/2025,2,69.8,Moderate,40.6,69.6,16.2,6.8,1.03,22.7,33.9,86.3,14.2,58,17,135,1,212,0,,
266,23/09/2023,1,177.5,Unhealthy,104.7,195.4,43.6,12.3,3.28,41.1,23,68.6,8.7,168,51,382,3,608,1,,
915,03/07/2025,1,103.8,Unhealthy for Sensitive Groups,67.9,113.9,26.5,9.8,2.36,44.4,33.6,89.1,15.1,126,38,290,2,458,0,,
2279,28/03/2023,3,102.1,Unhealthy for Sensitive Groups,62.5,113.9,17.6,10.5,2.4,34.2,22.3,40.1,11.4,47,15,107,1,176,0,,
2232,09/02/2023,3,113.6,Unhealthy for Sensitive Groups,73.5,127,28.4,11.1,2.34,47.4,16.1,36.1,15.7,52,15,123,1,191,0,,
291,18/10/2023,1,197.9,Unhealthy,120.3,202.3,42.3,11.9,3.65,42.9,28.7,,,208,63,468,4,750,1,,
2913,21/12/2024,3,119.4,Unhealthy for Sensitive Groups,74.4,118.8,13.4,12.4,2.32,42.2,14.7,39.8,9.8,56,17,130,1,207,0,,
2094,24/09/2025,2,121,Unhealthy for Sensitive Groups,66.4,111.5,28.7,5.9,1.84,55.3,28.1,66.8,12.1,71,22,162,1,260,0,,
1653,10/07/2024,2,47.5, Good,30.6,49.9,10.9,2.9,1.22,33.9,38.2,69.6,12.1,57,17,123,1,203,0,,
4142,03/05/2025,4,80.4,Moderate,51.2,96,14.4,7.1,1.14,43.2,31.4,70.9,8.6,32,11,77,1,123,0,,
4258,27/08/2025,4,64.4,Moderate,,61.3,16.7,4.4,0.67,19,30.6,70.7,6.7,25,7,60,0,93,0,,
3040,27/04/2025,3,56.9,Moderate,33.3,62.8,13.4,3.4,1.18,60.6,27,63.8,10.5,33,10,79,1,116,0,,
2678,30/04/2024,3,52.8,Moderate,43.3,74.7,16.8,6.8,1.44,55,26.2,61.8,12.6,41,11,94,1,144,0,,
289,16/10/2023,1,191.4,Unhealthy,117.5,209.4,28.8,15.4,3.24,52.5,24.5,51.8,7.1,198,60,440,4,705,1,,
3108,04/07/2025,3,39.7,Good,22.6,40.6,7,3.5,0.54,52.1,33.3,78.6,7.4,23,6,53,0,81,0,,
576,29/07/2024,1,73.9,Moderate,50.2,83.5,18.3,8.2,1.55,33.7,33.3,78.4,5.8,120,36,269,2,425,0,,
851,30/04/2025,1,190,Unhealthy,110.6,203.6,43.6,12.2,2.69,37,28.3,59.5,20.4,219,68,494,4,796,1,,
3884,18/08/2024,4,49.5,Good,32,49.7,7.3,0.3,0.9,37.2,28.9,75.1,8.5,25,8,56,1,94,0,,
1723,18/09/2024,2,85.3,Moderate,57.1,97.1,20.2,12.2,2.14,45.3,29.5,75.5,7.8,62,19,144,1,228,0,,
3950,23/10/2024,4,111.4,Unhealthy for Sensitive Groups,66.5,115.6,24.1,11,2.19,43.3,23.4,54,6.1,41,12,96,1,151,0,,
1101,05/01/2023,2,193.9,Unhealthy,119.4,202.7,46.4,8.8,3.74,58.9,20.1,22.9,11.3,141,43,315,3,506,1,,
1208,22/04/2023,2,119.2,Unhealthy for Sensitive Groups,80.3,121.6,28.3,9.8,2.88,61.5,27.8,59.9,11,100,31,226,2,365,0,,
1844,17/01/2025,2,163,Unhealthy,107.2,163.4,47.3,16.8,3.5,39,21.5,,24.9,127,39,291,2,468,1,,
1849,22/01/2025,2,206,Very Unhealthy,130.5,215.6,42.8,13.5,3.66,58.6,19.2,36,7.6,139,42,314,3,496,1,,
2525,29/11/2023,3,94.9,Moderate,65.8,105,21.6,9.8,2.31,54.9,15.4,43.7,7.3,56,16,121,1,193,0,,
3948,21/10/2024,4,106.5,Unhealthy for Sensitive Groups,66.3,109.5,27.1,15.5,2.31,38.8,23.1,48.5,5.9,46,14,102,1,166,0,,
1695,21/08/2024,2,96.2,Moderate,50.2,95.1,10.4,6,1.64,34.7,33.3,94.4,7.6,54,15,122,1,200,0,,
4182,12/06/2025,4,79.5, Moderate,38.2,60.9,13.1,6.9,0.57,41.2,34.6,77.1,9,25,9,65,0,100,0,,
3961,03/11/2024,4,127.9,Unhealthy for Sensitive Groups,77.3,131.6,25.8,11.7,2.61,48.2,22.7,,4.7,47,14,106,1,174,0,,
234,22/08/2023,1,105.6,Unhealthy for Sensitive Groups,74.5,127.3,27.2,14.7,3.09,31.3,31,73.6,7.6,110,34,252,2,402,0,,
3333,14/02/2023,4,172.6,UNHEALTHY ,109.7,198.1,40.5,17.9,4.32,54.4,20.1,34.6,8.8,60,20,142,1,222,1,,
2648,31/03/2024,3,115.1,Unhealthy for Sensitive Groups,65,121,29.1,7.6,2.05,41.7,25.5,,12.4,46,15,106,1,174,0,,
4042,23/01/2025,4,159.9,Unhealthy,100.7,154.1,43.7,5.6,2.43,56,21.1,24.8,12.4,53,16,114,1,187,1,,
1712,07/09/2024,2,94.4,Moderate,55.3,92.1,19.5,8.7,0.85,59.1,31.9,76.7,12.4,64,19,147,,238,0,,
183,02/07/2023,1,105,Unhealthy for Sensitive Groups,53.3,80.8,23,6.3,1.41,50.3,35.2,77.3,14.6,115,35,265,2,423,0,,
1463,02/01/2024,2,219.4,Very Unhealthy,131.9,223.1,52.9,16.6,4.58,49.5,20.9,35.5,5.7,131,40,285,2,468,1,,
50,19/02/2023,1,271.6,Very Unhealthy,170.4,263.6,51.3,22.6,4.78,69.3,21.5,38.2,15.6,304,94,686,6,,1,,
4360,07/12/2025,4,145.7,Unhealthy for Sensitive Groups,90.3,138.2,27.2,14.5,3.03,52.6,16.9,31.9,15.4,47,14,110,1,170,0,,
107,17/04/2023,1,170.9,Unhealthy,105.7,165.9,33,17.7,2.77,61,27.6,60.7,16.3,220,67,497,4,800,1,,
444,19/03/2024,1,284,Very Unhealthy,175.2,278.6,61.6,16.7,4.5,53.5,21,53.3,7.1,260,80,578,5,927,1,,
1955,08/05/2025,2,115.2,Unhealthy for Sensitive Groups,65.2,99.8,16.4,7.3,2.72,58.9,33.3,64.8,1.4,78,24,186,2,289,0,,
727,27/12/2024,1,321.9,Hazardous,202.5,324,76.7,14,5.08,45.3,14.5,22.8,6,277,85,622,5,987,1,,
2239,16/02/2023,3,125,Unhealthy for Sensitive Groups,81.9,151.2,33.1,11.5,2.93,43.9,20.3,42,10.1,61,19,139,1,229,0,,
2331,19/05/2023,3,53,Moderate,,60.1,18,3.4,0.88,44.5,26.6,71.5,9.6,37,11,82,1,132,0,,
4126,17/04/2025,4,91.7,Moderate,61.5,110.5,26.6,9.7,1.91,41.7,28.9,,4.9,44,14,101,1,160,0,,
170,19/06/2023,1,98.9,Moderate,60.4,104.2,17.7,6.2,1.53,50.4,30.8,79,13.4,130,39,302,2,477,0,,
1002,28/09/2025,1,162.3,Unhealthy,103.9,194.4,34.1,12.4,2.61,50.5,28.3,62.5,10.1,193,60,437,4,699,1,,
3253,26/11/2025,3,104.6,Unhealthy for Sensitive Groups,62.8,115.4,20.2,8.8,2.48,53.3,18.2,38.2,6.6,45,13,101,,159,0,,
2149,18/11/2025,2,163,Unhealthy,103.4,175.4,22.5,18.4,3.39,25,25.1,40.1,7.7,129,39,292,2,467,1,,
198,17/07/2023,1,81.1,Moderate,51.5,80.6,23.7,5.9,1.54,47.6,36.8,73.2,5.5,101,30,234,2,366,0,,
3794,20/05/2024,4,66.8,Moderate,46.8,82,11.7,6.8,0.79,38.7,30.2,74.2,7.6,32,9,74,1,121,0,,
648,09/10/2024,1,150.7,Unhealthy,99.7,168.3,31.1,17.6,2.87,63.3,24.2,60.2,4.7,196,60,444,4,716,1,,
3036,23/04/2025,3,66.9,Moderate,45.4,77.5,21.6,4.2,1.41,32,31.8,59.5,16.7,39,13,89,1,146,0,,
4141,02/05/2025,4,93.4,Moderate,62.4,115.2,19.5,11.7,1.42,42.4,33.7,61.6,10.2,39,11,86,1,139,0,,
3734,21/03/2024,4,109.2,Unhealthy for Sensitive Groups,70.7,121.5,24.1,10,2.51,54.4,26,38,16,57,18,129,1,210,0,,
2759,20/07/2024,3,41.1,Good,24.8,40.2,11.1,4.6,0.74,55.4,30,80.4,14.1,25,8,56,0,90,0,,
374,09/01/2024,1,330.4,Hazardous,205.6,350,79.8,31.1,6.18,56.2,16.2,25.6,11.1,312,96,692,6,1115,1,,
567,20/07/2024,1,85.9,Moderate,56.1,105.7,22.8,7.7,1.57,38.6,32.2,80.1,11.1,107,32,246,2,393,0,,
3721,08/03/2024,4,178.6,Unhealthy,100.8,179.4,35.7,12.8,3.34,51.8,25.1,45.5,11.1,54,17,122,1,201,1,,
2896,04/12/2024,3,103,Unhealthy for Sensitive Groups,60.1,93.9,17.3,8.4,1.18,52.7,16,32.1,11.6,58,17,130,1,205,0,,
3486,17/07/2023,4,52.6,Moderate,30.2,45.5,12,2.5,1.31,50,34.9,74.1,6.7,23,7,52,0,80,0,,
1156,01/03/2023,2,194.4,Unhealthy,119.7,205.3,45.2,20.4,3.03,74.6,21.5,45.8,,130,40,299,3,473,1,,
4136,27/04/2025,4,80.5,Moderate,52,85.2,14.9,6.7,1.34,47,30.8,61.1,10,39,12,91,1,142,0,,
974,31/08/2025,1,126.7,Unhealthy for Sensitive Groups,86.7,154.6,42.5,11,2.21,56.6,30.6,,4.2,145,43,325,3,517,0,,
3288,31/12/2025,3,88.6,MODERATE,67.5,101.8,28.3,8.4,1.41,42.1,13.6,35.2,5.2,57,17,129,1,209,0,,
3628,06/12/2023,4,133.7,Unhealthy for Sensitive Groups,93,166.3,32.3,9,3.62,60.6,19,30.3,10.5,55,17,118,1,191,0,,
3639,17/12/2023,4,171.9,Unhealthy,109.4,167.4,43.8,19.4,2.66,42.7,24.4,31.1,8.8,56,18,131,1,,1,,
1836,09/01/2025,2,205.2,Very Unhealthy,125.9,237.7,39.7,18.8,3.42,60.6,21.1,28.6,10.6,117,35,254,2,411,1,,
2309,27/04/2023,3,104.8,Unhealthy For Sensitive Groups ,54.5,92.4,21.3,8.6,1.72,58.5,25.7,64.9,5,44,14,107,1,169,0,,
1841,14/01/2025,2,188,Unhealthy,118.2,183.8,35,20.8,3.05,41.6,19.5,19.9,11.1,144,44,319,3,513,1,,
2045,06/08/2025,2,69,Moderate,38.6,61.1,14.3,2.1,0.88,40.2,32.7,58.8,11.4,51,17,127,1,193,0,,
845,24/04/2025,1,200.1,Very Unhealthy,123.6,208.3,51.2,16.8,2.55,62.1,27.3,65.5,8,217,67,492,4,784,1,,
2156,25/11/2025,2,153.1,Unhealthy,95,147,35.2,15,2.14,47.2,20.2,33.1,6.2,121,37,272,2,435,1,,
350,16/12/2023,1,318.1,Hazardous,207,316.1,86,24.1,4.74,70.8,16.5,31.9,2.6,278,85,624,5,1000,1,,
785,23/02/2025,1,286.4,Very Unhealthy,186.8,329.5,73.8,31.8,6.07,85.9,21,41.4,8.8,307,95,688,6,1094,1,,
48,17/02/2023,1,271.9,Very Unhealthy,174.2,275.8,43.1,19.6,5.15,81.5,18.1,28.7,6.5,288,89,648,6,1034,1,,
3652,30/12/2023,4,199,Unhealthy,119.1,187.1,47.2,13,3.59,54.5,17.7,27.4,7.1,56,18,131,1,206,1,,
4019,31/12/2024,4,179.3,Unhealthy,106.9,198.4,36.1,21.2,2.51,30.7,18,39.3,13.2,55,18,129,1,208,1,,
1440,10/12/2023,2,161.5,Unhealthy,107.8,182.8,36.3,10.9,3.09,39.6,22.1,34.3,7.3,126,39,284,,454,1,,
1866,08/02/2025,2,206.3,Very Unhealthy,124,217.3,30.7,11.4,4.1,68.8,22.9,36.5,9.5,119,37,272,2,427,1,,
3196,30/09/2025,3,50.8,Moderate,38.4,61.3,10.4,3.6,1.14,57.1,24.3,48,7.1,34,11,80,1,123,0,,
34,03/02/2023,1,261.4,Very Unhealthy,162.2,299.2,77.8,22.2,5.48,81.1,20,30.5,8.2,350,107,783,7,1250,1,,
788,26/02/2025,1,283.1,Very Unhealthy,180.5,339.6,68.6,26.2,3.84,62.4,21.2,32.6,5.5,305,94,692,6,1104,1,,
2628,11/03/2024,3,109.3,Unhealthy for Sensitive Groups,71.1,120.3,20.1,11.6,2.41,50,22.6,46,17.2,43,14,103,1,169,0,,
932,20/07/2025,1,83.3,Moderate,62.7,96.4,13.3,7.3,2.42,28.5,31.2,78.5,11.9,117,34,261,2,419,0,,
2405,01/08/2023,3,36.4,Good,23.1,35.1,8.3,1.6,0.79,48,31.2,75.6,5.8,24,8,58,0,95,0,,
1686,12/08/2024,2,64.6,Moderate,41.7,73.7,15.2,7.4,1.71,24,30.1,74.2,,57,16,128,1,207,0,,
1249,02/06/2023,2,76,Moderate,44.7,70.4,14.9,6.9,1.87,41.7,36.7,75.6,12.7,56,16,131,1,207,0,,
93,03/04/2023,1,212.3,Very Unhealthy,126.3,198.1,27.5,13.6,3.47,70.1,28.8,50.4,12.6,240,73,535,5,853,1,,
2852,21/10/2024,3,83.9,Moderate,55.1,83.9,17.4,4.6,1.63,29.6,18.3,48.9,7,38,11,88,1,138,0,,
2794,24/08/2024,3,52.4,Moderate,27.7,42.2,15.4,6.3,0.71,38.3,29.8,69,13,24,7,66,1,101,0,,
765,03/02/2025,1,321.7,Hazardous,204.5,360.3,64.5,21.7,7.89,51.6,20.2,23.4,13.9,344,106,764,7,1225,1,,
2989,07/03/2025,3,129,Unhealthy for Sensitive Groups,70.4,129.2,22.6,7,1.51,59.7,22.1,49.6,6.7,52,17,125,1,194,0,,
2449,14/09/2023,3,61.8,Moderate,40.3,75.7,11,4.1,1.3,44.5,27.5,60.6,1.6,36,10,76,1,120,0,,
1729,24/09/2024,2,98.5,Moderate,57.3,106.7,19.5,6.5,2.7,48.3,26.8,62,11.5,89,27,203,2,318,0,,
258,15/09/2023,1,138,Unhealthy for Sensitive Groups,83.5,126.8,27.8,6.8,2.63,30.4,27.8,64.5,8.8,151,46,344,3,544,0,,
1220,04/05/2023,2,103.5,Unhealthy for Sensitive Groups,,96.4,22.3,7.4,1.18,54.2,33.9,67.5,7.9,77,24,176,2,287,0,,
1162,07/03/2023,2,182.2,Unhealthy,118.7,223.6,39.4,11.8,3.99,42.1,26.8,44.5,8.1,124,38,279,2,449,1,,
773,11/02/2025,1,324.4,Hazardous,199.1,347,82.8,17.8,4.98,62.9,13.5,31.8,8.5,370,114,824,7,1323,1,,
313,09/11/2023,1,278.1,Very Unhealthy,174.1,274.8,58.7,34.9,3.53,28,19.1,53.7,2.3,283,86,636,5,1008,1,,
4033,14/01/2025,4,160.5,Unhealthy,114,212.4,38.9,13.9,4.23,50.3,21.1,16.1,7.7,52,16,124,1,191,1,,
2998,16/03/2025,3,100.8,Unhealthy for Sensitive Groups,60.6,108.9,20.2,6,2.32,41.6,20.1,41.2,5.2,48,15,111,1,172,0,,
4280,18/09/2025,4,101.6,Unhealthy for Sensitive Groups,56.8,103,23.5,9.4,1.95,44.8,29.2,61.5,8.1,29,10,68,0,106,0,,
3897,31/08/2024,4,60.8,Moderate,39.8,62.3,12.2,2,1.49,49.3,31.3,76.5,4.3,28,9,62,1,102,0,,
1350,11/09/2023,2,94.6,Moderate,56.4,98.2,17.8,4.9,2.14,70.5,28.8,65.5,5.2,65,19,150,1,230,0,,
3776,02/05/2024,4,101,Unhealthy for Sensitive Groups,66.5,114.2,26.8,7.1,2.49,40.4,32.8,71.7,8.9,36,11,81,1,129,0,,
3117,13/07/2025,3,50.9,Moderate,22.7,36.8,11.5,3.8,0.85,29,30.6,,13.7,23,7,51,0,83,0,,
3517,17/08/2023,4,46.8,Good,29.2,49.7,11.5,4.7,0.58,32.4,35.5,75.7,12.7,25,8,60,0,89,0,,
2299,17/04/2023,3,92.4,Moderate,55.9,90.5,9.3,11.1,2.18,39.5,28.5,57.8,16.1,39,13,100,1,163,0,,
2872,10/11/2024,3,98.7,Moderate,56.9,103,20,7.9,1.64,48,19.6,37.8,3.5,45,14,109,1,172,0,,
392,27/01/2024,1,300.4, Hazardous,190.1,343,82.5,18.6,6.85,77.2,18.5,34.2,4.1,318,98,717,6,1142,1,,
1457,27/12/2023,2,218,Very Unhealthy,132.1,217.1,56.3,18.5,3.28,52.7,23.1,21.9,13.2,120,38,270,2,434,1,,
1093,28/12/2025,1,335.4,Hazardous,224,416.5,55.8,19.1,6.13,81.2,16.3,32.7,17.8,327,101,732,6,1170,1,,
3240,13/11/2025,3,80.1,Moderate,48,73.6,9.5,4.6,1.65,51.4,17.3,47.5,13.3,41,13,93,1,152,0,,
2779,09/08/2024,3,44.1,Good,23,41.9,8.4,1.6,0.56,42.6,30.6,80.5,7.8,23,9,58,0,91,0,,
3657,04/01/2024,4,159.4,Unhealthy,100.6,182.8,28.8,14,2.34,52.2,18,43.9,5.6,62,19,141,1,226,1,,
2584,27/01/2024,3,123.7,Unhealthy For Sensitive Groups ,79.3,127,36.4,8,2.74,46.3,18,37.4,13.7,60,18,138,1,214,0,,
3258,01/12/2025,3,83.9,MODERATE,61,98.4,19.2,10,1.92,64.4,16.8,24.3,6.6,48,13,101,1,172,0,,
1373,04/10/2023,2,81.3,Moderate,55.7,103.4,24,5.3,1.66,55.2,28.7,66,12.5,93,28,209,2,338,0,,
920,08/07/2025,1,78.5,moderate,49.2,74.2,15.9,8.2,1.44,38.9,31.7,76.2,11,131,41,301,3,481,0,,
4308,16/10/2025,4,110.5,Unhealthy for Sensitive Groups,71.1,111.3,32,9.8,1.67,23.2,28.3,55.5,7.5,38,12,84,1,137,0,,
2551,25/12/2023,3,123,Unhealthy for Sensitive Groups,74,135.5,22.4,6.8,1.85,69.5,15.4,12.6,17.1,59,17,129,,206,0,,
538,21/06/2024,1,109.7,Unhealthy for Sensitive Groups,69.9,129,36.1,9.3,2.37,28.4,35.1,78.4,7,111,33,251,2,399,0,,
1221,05/05/2023,2,84.6,Moderate,57.7,94,24.5,8.2,1.13,45.1,30.7,68.4,2.3,80,25,185,1,284,0,,
4272,10/09/2025,4,55,Moderate,41.8,75.5,12.3,5.6,1.4,50.1,30.7,69.7,10.1,27,9,61,1,99,0,,
